2026-03-07 08:11:56,727:WARNING:
'cuml' is a soft dependency and not included in the pycaret installation. Please run: `pip install cuml` to install.
2026-03-07 08:11:56,727:WARNING:
'cuml' is a soft dependency and not included in the pycaret installation. Please run: `pip install cuml` to install.
2026-03-07 08:11:56,727:WARNING:
'cuml' is a soft dependency and not included in the pycaret installation. Please run: `pip install cuml` to install.
2026-03-07 08:11:56,727:WARNING:
'cuml' is a soft dependency and not included in the pycaret installation. Please run: `pip install cuml` to install.
2026-03-07 08:13:52,871:INFO:PyCaret ClassificationExperiment
2026-03-07 08:13:52,871:INFO:Logging name: clf-default-name
2026-03-07 08:13:52,871:INFO:ML Usecase: MLUsecase.CLASSIFICATION
2026-03-07 08:13:52,871:INFO:version 3.3.2
2026-03-07 08:13:52,871:INFO:Initializing setup()
2026-03-07 08:13:52,871:INFO:self.USI: ce85
2026-03-07 08:13:52,871:INFO:self._variable_keys: {'html_param', 'pipeline', 'gpu_param', 'is_multiclass', 'data', 'fold_groups_param', 'exp_id', 'memory', 'exp_name_log', 'X', 'X_test', 'fold_shuffle_param', '_available_plots', 'y_test', 'X_train', 'y', 'logging_param', 'log_plots_param', 'target_param', 'seed', 'fix_imbalance', 'gpu_n_jobs_param', '_ml_usecase', 'idx', 'fold_generator', 'USI', 'y_train', 'n_jobs_param'}
2026-03-07 08:13:52,871:INFO:Checking environment
2026-03-07 08:13:52,871:INFO:python_version: 3.11.3
2026-03-07 08:13:52,871:INFO:python_build: ('tags/v3.11.3:f3909b8', 'Apr  4 2023 23:49:59')
2026-03-07 08:13:52,871:INFO:machine: AMD64
2026-03-07 08:13:52,871:INFO:platform: Windows-10-10.0.26200-SP0
2026-03-07 08:13:52,871:INFO:Memory: svmem(total=16858472448, available=4958728192, percent=70.6, used=11899744256, free=4958728192)
2026-03-07 08:13:52,871:INFO:Physical Core: 12
2026-03-07 08:13:52,871:INFO:Logical Core: 16
2026-03-07 08:13:52,871:INFO:Checking libraries
2026-03-07 08:13:52,871:INFO:System:
2026-03-07 08:13:52,871:INFO:    python: 3.11.3 (tags/v3.11.3:f3909b8, Apr  4 2023, 23:49:59) [MSC v.1934 64 bit (AMD64)]
2026-03-07 08:13:52,871:INFO:executable: c:\Emergency_traige_final\triage_env2\Scripts\python.exe
2026-03-07 08:13:52,871:INFO:   machine: Windows-10-10.0.26200-SP0
2026-03-07 08:13:52,871:INFO:PyCaret required dependencies:
2026-03-07 08:13:52,875:WARNING:c:\Emergency_traige_final\triage_env2\Lib\site-packages\_distutils_hack\__init__.py:33: UserWarning: Setuptools is replacing distutils.
  warnings.warn("Setuptools is replacing distutils.")

2026-03-07 08:13:53,062:INFO:                 pip: 26.0.1
2026-03-07 08:13:53,062:INFO:          setuptools: 65.5.0
2026-03-07 08:13:53,062:INFO:             pycaret: 3.3.2
2026-03-07 08:13:53,062:INFO:             IPython: 9.10.0
2026-03-07 08:13:53,062:INFO:          ipywidgets: 8.1.8
2026-03-07 08:13:53,062:INFO:                tqdm: 4.67.3
2026-03-07 08:13:53,062:INFO:               numpy: 1.26.4
2026-03-07 08:13:53,062:INFO:              pandas: 2.1.4
2026-03-07 08:13:53,062:INFO:              jinja2: 3.1.6
2026-03-07 08:13:53,062:INFO:               scipy: 1.11.4
2026-03-07 08:13:53,062:INFO:              joblib: 1.3.2
2026-03-07 08:13:53,062:INFO:             sklearn: 1.4.2
2026-03-07 08:13:53,062:INFO:                pyod: 2.0.7
2026-03-07 08:13:53,062:INFO:            imblearn: 0.14.1
2026-03-07 08:13:53,062:INFO:   category_encoders: 2.7.0
2026-03-07 08:13:53,062:INFO:            lightgbm: 4.6.0
2026-03-07 08:13:53,062:INFO:               numba: 0.64.0
2026-03-07 08:13:53,062:INFO:            requests: 2.32.5
2026-03-07 08:13:53,062:INFO:          matplotlib: 3.7.5
2026-03-07 08:13:53,062:INFO:          scikitplot: 0.3.7
2026-03-07 08:13:53,062:INFO:         yellowbrick: 1.5
2026-03-07 08:13:53,062:INFO:              plotly: 6.6.0
2026-03-07 08:13:53,062:INFO:    plotly-resampler: Not installed
2026-03-07 08:13:53,062:INFO:             kaleido: 1.2.0
2026-03-07 08:13:53,062:INFO:           schemdraw: 0.15
2026-03-07 08:13:53,062:INFO:         statsmodels: 0.14.6
2026-03-07 08:13:53,062:INFO:              sktime: 0.26.0
2026-03-07 08:13:53,062:INFO:               tbats: 1.1.3
2026-03-07 08:13:53,062:INFO:            pmdarima: 2.0.4
2026-03-07 08:13:53,062:INFO:              psutil: 7.2.2
2026-03-07 08:13:53,062:INFO:          markupsafe: 3.0.3
2026-03-07 08:13:53,062:INFO:             pickle5: Not installed
2026-03-07 08:13:53,062:INFO:         cloudpickle: 3.1.2
2026-03-07 08:13:53,062:INFO:         deprecation: 2.1.0
2026-03-07 08:13:53,062:INFO:              xxhash: 3.6.0
2026-03-07 08:13:53,062:INFO:           wurlitzer: Not installed
2026-03-07 08:13:53,062:INFO:PyCaret optional dependencies:
2026-03-07 08:13:53,079:INFO:                shap: Not installed
2026-03-07 08:13:53,079:INFO:           interpret: Not installed
2026-03-07 08:13:53,079:INFO:                umap: Not installed
2026-03-07 08:13:53,079:INFO:     ydata_profiling: Not installed
2026-03-07 08:13:53,079:INFO:  explainerdashboard: Not installed
2026-03-07 08:13:53,079:INFO:             autoviz: Not installed
2026-03-07 08:13:53,079:INFO:           fairlearn: Not installed
2026-03-07 08:13:53,079:INFO:          deepchecks: Not installed
2026-03-07 08:13:53,079:INFO:             xgboost: Not installed
2026-03-07 08:13:53,079:INFO:            catboost: Not installed
2026-03-07 08:13:53,079:INFO:              kmodes: Not installed
2026-03-07 08:13:53,079:INFO:             mlxtend: Not installed
2026-03-07 08:13:53,079:INFO:       statsforecast: Not installed
2026-03-07 08:13:53,079:INFO:        tune_sklearn: Not installed
2026-03-07 08:13:53,079:INFO:                 ray: Not installed
2026-03-07 08:13:53,079:INFO:            hyperopt: Not installed
2026-03-07 08:13:53,079:INFO:              optuna: Not installed
2026-03-07 08:13:53,079:INFO:               skopt: Not installed
2026-03-07 08:13:53,079:INFO:              mlflow: Not installed
2026-03-07 08:13:53,079:INFO:              gradio: Not installed
2026-03-07 08:13:53,079:INFO:             fastapi: Not installed
2026-03-07 08:13:53,079:INFO:             uvicorn: Not installed
2026-03-07 08:13:53,079:INFO:              m2cgen: Not installed
2026-03-07 08:13:53,079:INFO:           evidently: Not installed
2026-03-07 08:13:53,079:INFO:               fugue: Not installed
2026-03-07 08:13:53,079:INFO:           streamlit: Not installed
2026-03-07 08:13:53,079:INFO:             prophet: Not installed
2026-03-07 08:13:53,083:INFO:None
2026-03-07 08:13:53,083:INFO:Set up data.
2026-03-07 08:14:07,772:INFO:PyCaret ClassificationExperiment
2026-03-07 08:14:07,773:INFO:Logging name: clf-default-name
2026-03-07 08:14:07,773:INFO:ML Usecase: MLUsecase.CLASSIFICATION
2026-03-07 08:14:07,773:INFO:version 3.3.2
2026-03-07 08:14:07,773:INFO:Initializing setup()
2026-03-07 08:14:07,773:INFO:self.USI: 0299
2026-03-07 08:14:07,773:INFO:self._variable_keys: {'html_param', 'pipeline', 'gpu_param', 'is_multiclass', 'data', 'fold_groups_param', 'exp_id', 'memory', 'exp_name_log', 'X', 'X_test', 'fold_shuffle_param', '_available_plots', 'y_test', 'X_train', 'y', 'logging_param', 'log_plots_param', 'target_param', 'seed', 'fix_imbalance', 'gpu_n_jobs_param', '_ml_usecase', 'idx', 'fold_generator', 'USI', 'y_train', 'n_jobs_param'}
2026-03-07 08:14:07,773:INFO:Checking environment
2026-03-07 08:14:07,774:INFO:python_version: 3.11.3
2026-03-07 08:14:07,774:INFO:python_build: ('tags/v3.11.3:f3909b8', 'Apr  4 2023 23:49:59')
2026-03-07 08:14:07,774:INFO:machine: AMD64
2026-03-07 08:14:07,774:INFO:platform: Windows-10-10.0.26200-SP0
2026-03-07 08:14:07,774:INFO:Memory: svmem(total=16858472448, available=4914860032, percent=70.8, used=11943612416, free=4914860032)
2026-03-07 08:14:07,775:INFO:Physical Core: 12
2026-03-07 08:14:07,775:INFO:Logical Core: 16
2026-03-07 08:14:07,775:INFO:Checking libraries
2026-03-07 08:14:07,775:INFO:System:
2026-03-07 08:14:07,775:INFO:    python: 3.11.3 (tags/v3.11.3:f3909b8, Apr  4 2023, 23:49:59) [MSC v.1934 64 bit (AMD64)]
2026-03-07 08:14:07,775:INFO:executable: c:\Emergency_traige_final\triage_env2\Scripts\python.exe
2026-03-07 08:14:07,775:INFO:   machine: Windows-10-10.0.26200-SP0
2026-03-07 08:14:07,775:INFO:PyCaret required dependencies:
2026-03-07 08:14:07,776:INFO:                 pip: 26.0.1
2026-03-07 08:14:07,776:INFO:          setuptools: 65.5.0
2026-03-07 08:14:07,776:INFO:             pycaret: 3.3.2
2026-03-07 08:14:07,776:INFO:             IPython: 9.10.0
2026-03-07 08:14:07,776:INFO:          ipywidgets: 8.1.8
2026-03-07 08:14:07,776:INFO:                tqdm: 4.67.3
2026-03-07 08:14:07,776:INFO:               numpy: 1.26.4
2026-03-07 08:14:07,776:INFO:              pandas: 2.1.4
2026-03-07 08:14:07,776:INFO:              jinja2: 3.1.6
2026-03-07 08:14:07,776:INFO:               scipy: 1.11.4
2026-03-07 08:14:07,776:INFO:              joblib: 1.3.2
2026-03-07 08:14:07,777:INFO:             sklearn: 1.4.2
2026-03-07 08:14:07,777:INFO:                pyod: 2.0.7
2026-03-07 08:14:07,777:INFO:            imblearn: 0.14.1
2026-03-07 08:14:07,777:INFO:   category_encoders: 2.7.0
2026-03-07 08:14:07,777:INFO:            lightgbm: 4.6.0
2026-03-07 08:14:07,777:INFO:               numba: 0.64.0
2026-03-07 08:14:07,777:INFO:            requests: 2.32.5
2026-03-07 08:14:07,777:INFO:          matplotlib: 3.7.5
2026-03-07 08:14:07,777:INFO:          scikitplot: 0.3.7
2026-03-07 08:14:07,777:INFO:         yellowbrick: 1.5
2026-03-07 08:14:07,777:INFO:              plotly: 6.6.0
2026-03-07 08:14:07,777:INFO:    plotly-resampler: Not installed
2026-03-07 08:14:07,779:INFO:             kaleido: 1.2.0
2026-03-07 08:14:07,779:INFO:           schemdraw: 0.15
2026-03-07 08:14:07,779:INFO:         statsmodels: 0.14.6
2026-03-07 08:14:07,779:INFO:              sktime: 0.26.0
2026-03-07 08:14:07,779:INFO:               tbats: 1.1.3
2026-03-07 08:14:07,779:INFO:            pmdarima: 2.0.4
2026-03-07 08:14:07,779:INFO:              psutil: 7.2.2
2026-03-07 08:14:07,779:INFO:          markupsafe: 3.0.3
2026-03-07 08:14:07,779:INFO:             pickle5: Not installed
2026-03-07 08:14:07,779:INFO:         cloudpickle: 3.1.2
2026-03-07 08:14:07,779:INFO:         deprecation: 2.1.0
2026-03-07 08:14:07,779:INFO:              xxhash: 3.6.0
2026-03-07 08:14:07,779:INFO:           wurlitzer: Not installed
2026-03-07 08:14:07,780:INFO:PyCaret optional dependencies:
2026-03-07 08:14:07,780:INFO:                shap: Not installed
2026-03-07 08:14:07,780:INFO:           interpret: Not installed
2026-03-07 08:14:07,780:INFO:                umap: Not installed
2026-03-07 08:14:07,780:INFO:     ydata_profiling: Not installed
2026-03-07 08:14:07,780:INFO:  explainerdashboard: Not installed
2026-03-07 08:14:07,780:INFO:             autoviz: Not installed
2026-03-07 08:14:07,780:INFO:           fairlearn: Not installed
2026-03-07 08:14:07,780:INFO:          deepchecks: Not installed
2026-03-07 08:14:07,780:INFO:             xgboost: Not installed
2026-03-07 08:14:07,780:INFO:            catboost: Not installed
2026-03-07 08:14:07,780:INFO:              kmodes: Not installed
2026-03-07 08:14:07,780:INFO:             mlxtend: Not installed
2026-03-07 08:14:07,780:INFO:       statsforecast: Not installed
2026-03-07 08:14:07,782:INFO:        tune_sklearn: Not installed
2026-03-07 08:14:07,782:INFO:                 ray: Not installed
2026-03-07 08:14:07,782:INFO:            hyperopt: Not installed
2026-03-07 08:14:07,782:INFO:              optuna: Not installed
2026-03-07 08:14:07,782:INFO:               skopt: Not installed
2026-03-07 08:14:07,782:INFO:              mlflow: Not installed
2026-03-07 08:14:07,782:INFO:              gradio: Not installed
2026-03-07 08:14:07,782:INFO:             fastapi: Not installed
2026-03-07 08:14:07,782:INFO:             uvicorn: Not installed
2026-03-07 08:14:07,782:INFO:              m2cgen: Not installed
2026-03-07 08:14:07,782:INFO:           evidently: Not installed
2026-03-07 08:14:07,782:INFO:               fugue: Not installed
2026-03-07 08:14:07,782:INFO:           streamlit: Not installed
2026-03-07 08:14:07,782:INFO:             prophet: Not installed
2026-03-07 08:14:07,782:INFO:None
2026-03-07 08:14:07,782:INFO:Set up data.
2026-03-07 08:14:07,795:INFO:Set up folding strategy.
2026-03-07 08:14:07,795:INFO:Set up train/test split.
2026-03-07 08:14:07,808:INFO:Set up index.
2026-03-07 08:14:07,809:INFO:Assigning column types.
2026-03-07 08:14:07,815:INFO:Engine successfully changes for model 'lr' to 'sklearn'.
2026-03-07 08:14:07,935:INFO:Engine for model 'knn' has not been set explicitly, hence returning None.
2026-03-07 08:14:07,949:INFO:Engine for model 'rbfsvm' has not been set explicitly, hence returning None.
2026-03-07 08:14:08,007:WARNING:
'xgboost' is a soft dependency and not included in the pycaret installation. Please run: `pip install xgboost` to install.
Alternately, you can install this by running `pip install pycaret[models]`
2026-03-07 08:14:08,007:WARNING:
'catboost' is a soft dependency and not included in the pycaret installation. Please run: `pip install catboost` to install.
Alternately, you can install this by running `pip install pycaret[models]`
2026-03-07 08:14:08,065:INFO:Engine for model 'knn' has not been set explicitly, hence returning None.
2026-03-07 08:14:08,065:INFO:Engine for model 'rbfsvm' has not been set explicitly, hence returning None.
2026-03-07 08:14:08,089:WARNING:
'xgboost' is a soft dependency and not included in the pycaret installation. Please run: `pip install xgboost` to install.
Alternately, you can install this by running `pip install pycaret[models]`
2026-03-07 08:14:08,089:WARNING:
'catboost' is a soft dependency and not included in the pycaret installation. Please run: `pip install catboost` to install.
Alternately, you can install this by running `pip install pycaret[models]`
2026-03-07 08:14:08,089:INFO:Engine successfully changes for model 'knn' to 'sklearn'.
2026-03-07 08:14:08,144:INFO:Engine for model 'rbfsvm' has not been set explicitly, hence returning None.
2026-03-07 08:14:08,164:WARNING:
'xgboost' is a soft dependency and not included in the pycaret installation. Please run: `pip install xgboost` to install.
Alternately, you can install this by running `pip install pycaret[models]`
2026-03-07 08:14:08,164:WARNING:
'catboost' is a soft dependency and not included in the pycaret installation. Please run: `pip install catboost` to install.
Alternately, you can install this by running `pip install pycaret[models]`
2026-03-07 08:14:08,206:INFO:Engine for model 'rbfsvm' has not been set explicitly, hence returning None.
2026-03-07 08:14:08,234:WARNING:
'xgboost' is a soft dependency and not included in the pycaret installation. Please run: `pip install xgboost` to install.
Alternately, you can install this by running `pip install pycaret[models]`
2026-03-07 08:14:08,237:WARNING:
'catboost' is a soft dependency and not included in the pycaret installation. Please run: `pip install catboost` to install.
Alternately, you can install this by running `pip install pycaret[models]`
2026-03-07 08:14:08,237:INFO:Engine successfully changes for model 'rbfsvm' to 'sklearn'.
2026-03-07 08:14:08,303:WARNING:
'xgboost' is a soft dependency and not included in the pycaret installation. Please run: `pip install xgboost` to install.
Alternately, you can install this by running `pip install pycaret[models]`
2026-03-07 08:14:08,303:WARNING:
'catboost' is a soft dependency and not included in the pycaret installation. Please run: `pip install catboost` to install.
Alternately, you can install this by running `pip install pycaret[models]`
2026-03-07 08:14:08,372:WARNING:
'xgboost' is a soft dependency and not included in the pycaret installation. Please run: `pip install xgboost` to install.
Alternately, you can install this by running `pip install pycaret[models]`
2026-03-07 08:14:08,372:WARNING:
'catboost' is a soft dependency and not included in the pycaret installation. Please run: `pip install catboost` to install.
Alternately, you can install this by running `pip install pycaret[models]`
2026-03-07 08:14:08,374:INFO:Preparing preprocessing pipeline...
2026-03-07 08:14:08,374:INFO:Set up label encoding.
2026-03-07 08:14:08,374:INFO:Set up simple imputation.
2026-03-07 08:14:08,380:INFO:Set up encoding of categorical features.
2026-03-07 08:14:08,380:INFO:Set up column name cleaning.
2026-03-07 08:14:08,628:INFO:Finished creating preprocessing pipeline.
2026-03-07 08:14:08,706:INFO:Pipeline: Pipeline(memory=FastMemory(location=C:\Users\Khushal\AppData\Local\Temp\joblib),
         steps=[('label_encoding',
                 TransformerWrapperWithInverse(exclude=None, include=None,
                                               transformer=LabelEncoder())),
                ('numerical_imputer',
                 TransformerWrapper(exclude=None,
                                    include=['Group', 'Sex', 'Age',
                                             'Patients number per hour',
                                             'Arrival mode', 'Injury', 'Mental',
                                             'Pain', 'KTAS_RN', 'Disp...
                                                                    'DBP', 'HR',
                                                                    'BT',
                                                                    'Diagnosis '
                                                                    'in ED',
                                                                    'KTAS '
                                                                    'duration_min'],
                                                              drop_invariant=False,
                                                              handle_missing='return_nan',
                                                              handle_unknown='value',
                                                              hierarchy=None,
                                                              min_samples_leaf=20,
                                                              return_df=True,
                                                              smoothing=10,
                                                              verbose=0))),
                ('clean_column_names',
                 TransformerWrapper(exclude=None, include=None,
                                    transformer=CleanColumnNames(match='[\\]\\[\\,\\{\\}\\"\\:]+')))],
         verbose=False)
2026-03-07 08:14:08,706:INFO:Creating final display dataframe.
2026-03-07 08:14:09,220:INFO:Setup _display_container:                     Description                         Value
0                    Session id                           123
1                        Target                   KTAS_expert
2                   Target type                    Multiclass
3                Target mapping  1: 0, 2: 1, 3: 2, 4: 3, 5: 4
4           Original data shape                    (1267, 24)
5        Transformed data shape                    (1267, 62)
6   Transformed train set shape                     (886, 62)
7    Transformed test set shape                     (381, 62)
8              Numeric features                            13
9          Categorical features                            10
10     Rows with missing values                         54.5%
11                   Preprocess                          True
12              Imputation type                        simple
13           Numeric imputation                          mean
14       Categorical imputation                          mode
15     Maximum one-hot encoding                            25
16              Encoding method                          None
17               Fold Generator               StratifiedKFold
18                  Fold Number                             5
19                     CPU Jobs                            -1
20                      Use GPU                         False
21               Log Experiment                         False
22              Experiment Name              clf-default-name
23                          USI                          0299
2026-03-07 08:14:09,303:WARNING:
'xgboost' is a soft dependency and not included in the pycaret installation. Please run: `pip install xgboost` to install.
Alternately, you can install this by running `pip install pycaret[models]`
2026-03-07 08:14:09,303:WARNING:
'catboost' is a soft dependency and not included in the pycaret installation. Please run: `pip install catboost` to install.
Alternately, you can install this by running `pip install pycaret[models]`
2026-03-07 08:14:09,368:WARNING:
'xgboost' is a soft dependency and not included in the pycaret installation. Please run: `pip install xgboost` to install.
Alternately, you can install this by running `pip install pycaret[models]`
2026-03-07 08:14:09,370:WARNING:
'catboost' is a soft dependency and not included in the pycaret installation. Please run: `pip install catboost` to install.
Alternately, you can install this by running `pip install pycaret[models]`
2026-03-07 08:14:09,370:INFO:setup() successfully completed in 1.6s...............
2026-03-07 08:15:16,183:INFO:Initializing compare_models()
2026-03-07 08:15:16,183:INFO:compare_models(self=<pycaret.classification.oop.ClassificationExperiment object at 0x0000026B27D21B50>, include=None, exclude=None, fold=None, round=4, cross_validation=True, sort=AUC, n_select=1, budget_time=None, turbo=True, errors=ignore, fit_kwargs=None, groups=None, experiment_custom_tags=None, probability_threshold=None, verbose=True, parallel=None, caller_params={'self': <pycaret.classification.oop.ClassificationExperiment object at 0x0000026B27D21B50>, 'include': None, 'exclude': None, 'fold': None, 'round': 4, 'cross_validation': True, 'sort': 'AUC', 'n_select': 1, 'budget_time': None, 'turbo': True, 'errors': 'ignore', 'fit_kwargs': None, 'groups': None, 'experiment_custom_tags': None, 'probability_threshold': None, 'engine': None, 'verbose': True, 'parallel': None, '__class__': <class 'pycaret.classification.oop.ClassificationExperiment'>})
2026-03-07 08:15:16,183:INFO:Checking exceptions
2026-03-07 08:15:16,189:INFO:Preparing display monitor
2026-03-07 08:15:16,230:INFO:Initializing Logistic Regression
2026-03-07 08:15:16,230:INFO:Total runtime is 0.0 minutes
2026-03-07 08:15:16,230:INFO:SubProcess create_model() called ==================================
2026-03-07 08:15:16,230:INFO:Initializing create_model()
2026-03-07 08:15:16,230:INFO:create_model(self=<pycaret.classification.oop.ClassificationExperiment object at 0x0000026B27D21B50>, estimator=lr, fold=StratifiedKFold(n_splits=5, random_state=None, shuffle=False), round=4, cross_validation=True, predict=True, fit_kwargs={}, groups=None, refit=False, probability_threshold=None, experiment_custom_tags=None, verbose=False, system=False, add_to_model_list=True, metrics=None, display=<pycaret.internal.display.display.CommonDisplay object at 0x0000026B26F29950>, model_only=True, return_train_score=False, error_score=0.0, kwargs={})
2026-03-07 08:15:16,230:INFO:Checking exceptions
2026-03-07 08:15:16,230:INFO:Importing libraries
2026-03-07 08:15:16,230:INFO:Copying training dataset
2026-03-07 08:15:16,238:INFO:Defining folds
2026-03-07 08:15:16,238:INFO:Declaring metric variables
2026-03-07 08:15:16,247:INFO:Importing untrained model
2026-03-07 08:15:16,251:INFO:Logistic Regression Imported successfully
2026-03-07 08:15:16,259:INFO:Starting cross validation
2026-03-07 08:15:16,263:INFO:Cross validating with StratifiedKFold(n_splits=5, random_state=None, shuffle=False), n_jobs=-1
2026-03-07 08:15:20,383:WARNING:c:\Emergency_traige_final\triage_env2\Lib\site-packages\_distutils_hack\__init__.py:33: UserWarning: Setuptools is replacing distutils.
  warnings.warn("Setuptools is replacing distutils.")

2026-03-07 08:15:20,386:WARNING:c:\Emergency_traige_final\triage_env2\Lib\site-packages\_distutils_hack\__init__.py:33: UserWarning: Setuptools is replacing distutils.
  warnings.warn("Setuptools is replacing distutils.")

2026-03-07 08:15:20,398:WARNING:c:\Emergency_traige_final\triage_env2\Lib\site-packages\_distutils_hack\__init__.py:33: UserWarning: Setuptools is replacing distutils.
  warnings.warn("Setuptools is replacing distutils.")

2026-03-07 08:15:20,409:WARNING:c:\Emergency_traige_final\triage_env2\Lib\site-packages\_distutils_hack\__init__.py:33: UserWarning: Setuptools is replacing distutils.
  warnings.warn("Setuptools is replacing distutils.")

2026-03-07 08:15:20,412:WARNING:c:\Emergency_traige_final\triage_env2\Lib\site-packages\_distutils_hack\__init__.py:33: UserWarning: Setuptools is replacing distutils.
  warnings.warn("Setuptools is replacing distutils.")

2026-03-07 08:15:21,100:WARNING:c:\Emergency_traige_final\triage_env2\Lib\site-packages\sklearn\linear_model\_logistic.py:469: ConvergenceWarning: lbfgs failed to converge (status=1):
STOP: TOTAL NO. of ITERATIONS REACHED LIMIT.

Increase the number of iterations (max_iter) or scale the data as shown in:
    https://scikit-learn.org/stable/modules/preprocessing.html
Please also refer to the documentation for alternative solver options:
    https://scikit-learn.org/stable/modules/linear_model.html#logistic-regression
  n_iter_i = _check_optimize_result(

2026-03-07 08:15:21,100:WARNING:c:\Emergency_traige_final\triage_env2\Lib\site-packages\sklearn\linear_model\_logistic.py:469: ConvergenceWarning: lbfgs failed to converge (status=1):
STOP: TOTAL NO. of ITERATIONS REACHED LIMIT.

Increase the number of iterations (max_iter) or scale the data as shown in:
    https://scikit-learn.org/stable/modules/preprocessing.html
Please also refer to the documentation for alternative solver options:
    https://scikit-learn.org/stable/modules/linear_model.html#logistic-regression
  n_iter_i = _check_optimize_result(

2026-03-07 08:15:21,108:WARNING:c:\Emergency_traige_final\triage_env2\Lib\site-packages\sklearn\linear_model\_logistic.py:469: ConvergenceWarning: lbfgs failed to converge (status=1):
STOP: TOTAL NO. of ITERATIONS REACHED LIMIT.

Increase the number of iterations (max_iter) or scale the data as shown in:
    https://scikit-learn.org/stable/modules/preprocessing.html
Please also refer to the documentation for alternative solver options:
    https://scikit-learn.org/stable/modules/linear_model.html#logistic-regression
  n_iter_i = _check_optimize_result(

2026-03-07 08:15:21,108:WARNING:c:\Emergency_traige_final\triage_env2\Lib\site-packages\sklearn\linear_model\_logistic.py:469: ConvergenceWarning: lbfgs failed to converge (status=1):
STOP: TOTAL NO. of ITERATIONS REACHED LIMIT.

Increase the number of iterations (max_iter) or scale the data as shown in:
    https://scikit-learn.org/stable/modules/preprocessing.html
Please also refer to the documentation for alternative solver options:
    https://scikit-learn.org/stable/modules/linear_model.html#logistic-regression
  n_iter_i = _check_optimize_result(

2026-03-07 08:15:21,212:WARNING:c:\Emergency_traige_final\triage_env2\Lib\site-packages\pycaret\internal\metrics.py:204: FitFailedWarning: Metric 'make_scorer(roc_auc_score, response_method=('decision_function', 'predict_proba'), average=weighted, multi_class=ovr)' failed and error score 0.0 has been returned instead. If this is a custom metric, this usually means that the error is in the metric code. Full exception below:
Traceback (most recent call last):
  File "c:\Emergency_traige_final\triage_env2\Lib\site-packages\pycaret\internal\metrics.py", line 196, in _score
    return super()._score(
           ^^^^^^^^^^^^^^^
  File "c:\Emergency_traige_final\triage_env2\Lib\site-packages\sklearn\metrics\_scorer.py", line 350, in _score
    return self._sign * self._score_func(y_true, y_pred, **scoring_kwargs)
                        ^^^^^^^^^^^^^^^^^^^^^^^^^^^^^^^^^^^^^^^^^^^^^^^^^^
  File "c:\Emergency_traige_final\triage_env2\Lib\site-packages\pycaret\internal\metrics.py", line 144, in __call__
    return self.score_func(y_true, y_pred, **kwargs)
           ^^^^^^^^^^^^^^^^^^^^^^^^^^^^^^^^^^^^^^^^^
  File "c:\Emergency_traige_final\triage_env2\Lib\site-packages\sklearn\utils\_param_validation.py", line 213, in wrapper
    return func(*args, **kwargs)
           ^^^^^^^^^^^^^^^^^^^^^
  File "c:\Emergency_traige_final\triage_env2\Lib\site-packages\sklearn\metrics\_ranking.py", line 634, in roc_auc_score
    return _multiclass_roc_auc_score(
           ^^^^^^^^^^^^^^^^^^^^^^^^^^
  File "c:\Emergency_traige_final\triage_env2\Lib\site-packages\sklearn\metrics\_ranking.py", line 707, in _multiclass_roc_auc_score
    raise ValueError(
ValueError: Target scores need to be probabilities for multiclass roc_auc, i.e. they should sum up to 1.0 over classes

  warnings.warn(

2026-03-07 08:15:21,213:WARNING:c:\Emergency_traige_final\triage_env2\Lib\site-packages\pycaret\internal\metrics.py:204: FitFailedWarning: Metric 'make_scorer(roc_auc_score, response_method=('decision_function', 'predict_proba'), average=weighted, multi_class=ovr)' failed and error score 0.0 has been returned instead. If this is a custom metric, this usually means that the error is in the metric code. Full exception below:
Traceback (most recent call last):
  File "c:\Emergency_traige_final\triage_env2\Lib\site-packages\pycaret\internal\metrics.py", line 196, in _score
    return super()._score(
           ^^^^^^^^^^^^^^^
  File "c:\Emergency_traige_final\triage_env2\Lib\site-packages\sklearn\metrics\_scorer.py", line 350, in _score
    return self._sign * self._score_func(y_true, y_pred, **scoring_kwargs)
                        ^^^^^^^^^^^^^^^^^^^^^^^^^^^^^^^^^^^^^^^^^^^^^^^^^^
  File "c:\Emergency_traige_final\triage_env2\Lib\site-packages\pycaret\internal\metrics.py", line 144, in __call__
    return self.score_func(y_true, y_pred, **kwargs)
           ^^^^^^^^^^^^^^^^^^^^^^^^^^^^^^^^^^^^^^^^^
  File "c:\Emergency_traige_final\triage_env2\Lib\site-packages\sklearn\utils\_param_validation.py", line 213, in wrapper
    return func(*args, **kwargs)
           ^^^^^^^^^^^^^^^^^^^^^
  File "c:\Emergency_traige_final\triage_env2\Lib\site-packages\sklearn\metrics\_ranking.py", line 634, in roc_auc_score
    return _multiclass_roc_auc_score(
           ^^^^^^^^^^^^^^^^^^^^^^^^^^
  File "c:\Emergency_traige_final\triage_env2\Lib\site-packages\sklearn\metrics\_ranking.py", line 707, in _multiclass_roc_auc_score
    raise ValueError(
ValueError: Target scores need to be probabilities for multiclass roc_auc, i.e. they should sum up to 1.0 over classes

  warnings.warn(

2026-03-07 08:15:21,213:WARNING:c:\Emergency_traige_final\triage_env2\Lib\site-packages\pycaret\internal\metrics.py:204: FitFailedWarning: Metric 'make_scorer(roc_auc_score, response_method=('decision_function', 'predict_proba'), average=weighted, multi_class=ovr)' failed and error score 0.0 has been returned instead. If this is a custom metric, this usually means that the error is in the metric code. Full exception below:
Traceback (most recent call last):
  File "c:\Emergency_traige_final\triage_env2\Lib\site-packages\pycaret\internal\metrics.py", line 196, in _score
    return super()._score(
           ^^^^^^^^^^^^^^^
  File "c:\Emergency_traige_final\triage_env2\Lib\site-packages\sklearn\metrics\_scorer.py", line 350, in _score
    return self._sign * self._score_func(y_true, y_pred, **scoring_kwargs)
                        ^^^^^^^^^^^^^^^^^^^^^^^^^^^^^^^^^^^^^^^^^^^^^^^^^^
  File "c:\Emergency_traige_final\triage_env2\Lib\site-packages\pycaret\internal\metrics.py", line 144, in __call__
    return self.score_func(y_true, y_pred, **kwargs)
           ^^^^^^^^^^^^^^^^^^^^^^^^^^^^^^^^^^^^^^^^^
  File "c:\Emergency_traige_final\triage_env2\Lib\site-packages\sklearn\utils\_param_validation.py", line 213, in wrapper
    return func(*args, **kwargs)
           ^^^^^^^^^^^^^^^^^^^^^
  File "c:\Emergency_traige_final\triage_env2\Lib\site-packages\sklearn\metrics\_ranking.py", line 634, in roc_auc_score
    return _multiclass_roc_auc_score(
           ^^^^^^^^^^^^^^^^^^^^^^^^^^
  File "c:\Emergency_traige_final\triage_env2\Lib\site-packages\sklearn\metrics\_ranking.py", line 707, in _multiclass_roc_auc_score
    raise ValueError(
ValueError: Target scores need to be probabilities for multiclass roc_auc, i.e. they should sum up to 1.0 over classes

  warnings.warn(

2026-03-07 08:15:21,213:WARNING:c:\Emergency_traige_final\triage_env2\Lib\site-packages\pycaret\internal\metrics.py:204: FitFailedWarning: Metric 'make_scorer(roc_auc_score, response_method=('decision_function', 'predict_proba'), average=weighted, multi_class=ovr)' failed and error score 0.0 has been returned instead. If this is a custom metric, this usually means that the error is in the metric code. Full exception below:
Traceback (most recent call last):
  File "c:\Emergency_traige_final\triage_env2\Lib\site-packages\pycaret\internal\metrics.py", line 196, in _score
    return super()._score(
           ^^^^^^^^^^^^^^^
  File "c:\Emergency_traige_final\triage_env2\Lib\site-packages\sklearn\metrics\_scorer.py", line 350, in _score
    return self._sign * self._score_func(y_true, y_pred, **scoring_kwargs)
                        ^^^^^^^^^^^^^^^^^^^^^^^^^^^^^^^^^^^^^^^^^^^^^^^^^^
  File "c:\Emergency_traige_final\triage_env2\Lib\site-packages\pycaret\internal\metrics.py", line 144, in __call__
    return self.score_func(y_true, y_pred, **kwargs)
           ^^^^^^^^^^^^^^^^^^^^^^^^^^^^^^^^^^^^^^^^^
  File "c:\Emergency_traige_final\triage_env2\Lib\site-packages\sklearn\utils\_param_validation.py", line 213, in wrapper
    return func(*args, **kwargs)
           ^^^^^^^^^^^^^^^^^^^^^
  File "c:\Emergency_traige_final\triage_env2\Lib\site-packages\sklearn\metrics\_ranking.py", line 634, in roc_auc_score
    return _multiclass_roc_auc_score(
           ^^^^^^^^^^^^^^^^^^^^^^^^^^
  File "c:\Emergency_traige_final\triage_env2\Lib\site-packages\sklearn\metrics\_ranking.py", line 707, in _multiclass_roc_auc_score
    raise ValueError(
ValueError: Target scores need to be probabilities for multiclass roc_auc, i.e. they should sum up to 1.0 over classes

  warnings.warn(

2026-03-07 08:15:21,231:WARNING:c:\Emergency_traige_final\triage_env2\Lib\site-packages\sklearn\metrics\_classification.py:1561: UserWarning: Note that pos_label (set to 5) is ignored when average != 'binary' (got 'weighted'). You may use labels=[pos_label] to specify a single positive class.
  warnings.warn(

2026-03-07 08:15:21,231:WARNING:c:\Emergency_traige_final\triage_env2\Lib\site-packages\sklearn\metrics\_classification.py:1561: UserWarning: Note that pos_label (set to 5) is ignored when average != 'binary' (got 'weighted'). You may use labels=[pos_label] to specify a single positive class.
  warnings.warn(

2026-03-07 08:15:21,231:WARNING:c:\Emergency_traige_final\triage_env2\Lib\site-packages\sklearn\metrics\_classification.py:1561: UserWarning: Note that pos_label (set to 5) is ignored when average != 'binary' (got 'weighted'). You may use labels=[pos_label] to specify a single positive class.
  warnings.warn(

2026-03-07 08:15:21,231:WARNING:c:\Emergency_traige_final\triage_env2\Lib\site-packages\sklearn\metrics\_classification.py:1561: UserWarning: Note that pos_label (set to 5) is ignored when average != 'binary' (got 'weighted'). You may use labels=[pos_label] to specify a single positive class.
  warnings.warn(

2026-03-07 08:15:21,231:WARNING:c:\Emergency_traige_final\triage_env2\Lib\site-packages\sklearn\metrics\_classification.py:1561: UserWarning: Note that pos_label (set to 5) is ignored when average != 'binary' (got 'weighted'). You may use labels=[pos_label] to specify a single positive class.
  warnings.warn(

2026-03-07 08:15:21,238:WARNING:c:\Emergency_traige_final\triage_env2\Lib\site-packages\sklearn\metrics\_classification.py:1561: UserWarning: Note that pos_label (set to 5) is ignored when average != 'binary' (got 'weighted'). You may use labels=[pos_label] to specify a single positive class.
  warnings.warn(

2026-03-07 08:15:21,238:WARNING:c:\Emergency_traige_final\triage_env2\Lib\site-packages\sklearn\metrics\_classification.py:1561: UserWarning: Note that pos_label (set to 5) is ignored when average != 'binary' (got 'weighted'). You may use labels=[pos_label] to specify a single positive class.
  warnings.warn(

2026-03-07 08:15:21,240:WARNING:c:\Emergency_traige_final\triage_env2\Lib\site-packages\sklearn\metrics\_classification.py:1509: UndefinedMetricWarning: Precision is ill-defined and being set to 0.0 in labels with no predicted samples. Use `zero_division` parameter to control this behavior.
  _warn_prf(average, modifier, f"{metric.capitalize()} is", len(result))

2026-03-07 08:15:21,240:WARNING:c:\Emergency_traige_final\triage_env2\Lib\site-packages\sklearn\metrics\_classification.py:1561: UserWarning: Note that pos_label (set to 5) is ignored when average != 'binary' (got 'weighted'). You may use labels=[pos_label] to specify a single positive class.
  warnings.warn(

2026-03-07 08:15:21,240:WARNING:c:\Emergency_traige_final\triage_env2\Lib\site-packages\sklearn\metrics\_classification.py:1561: UserWarning: Note that pos_label (set to 5) is ignored when average != 'binary' (got 'weighted'). You may use labels=[pos_label] to specify a single positive class.
  warnings.warn(

2026-03-07 08:15:21,241:WARNING:c:\Emergency_traige_final\triage_env2\Lib\site-packages\sklearn\metrics\_classification.py:1509: UndefinedMetricWarning: Precision is ill-defined and being set to 0.0 in labels with no predicted samples. Use `zero_division` parameter to control this behavior.
  _warn_prf(average, modifier, f"{metric.capitalize()} is", len(result))

2026-03-07 08:15:21,241:WARNING:c:\Emergency_traige_final\triage_env2\Lib\site-packages\sklearn\metrics\_classification.py:1561: UserWarning: Note that pos_label (set to 5) is ignored when average != 'binary' (got 'weighted'). You may use labels=[pos_label] to specify a single positive class.
  warnings.warn(

2026-03-07 08:15:21,241:WARNING:c:\Emergency_traige_final\triage_env2\Lib\site-packages\sklearn\metrics\_classification.py:1509: UndefinedMetricWarning: Precision is ill-defined and being set to 0.0 in labels with no predicted samples. Use `zero_division` parameter to control this behavior.
  _warn_prf(average, modifier, f"{metric.capitalize()} is", len(result))

2026-03-07 08:15:21,241:WARNING:c:\Emergency_traige_final\triage_env2\Lib\site-packages\sklearn\metrics\_classification.py:1561: UserWarning: Note that pos_label (set to 5) is ignored when average != 'binary' (got 'weighted'). You may use labels=[pos_label] to specify a single positive class.
  warnings.warn(

2026-03-07 08:15:21,243:WARNING:c:\Emergency_traige_final\triage_env2\Lib\site-packages\sklearn\metrics\_classification.py:1561: UserWarning: Note that pos_label (set to 5) is ignored when average != 'binary' (got 'weighted'). You may use labels=[pos_label] to specify a single positive class.
  warnings.warn(

2026-03-07 08:15:21,243:WARNING:c:\Emergency_traige_final\triage_env2\Lib\site-packages\sklearn\metrics\_classification.py:1561: UserWarning: Note that pos_label (set to 5) is ignored when average != 'binary' (got 'weighted'). You may use labels=[pos_label] to specify a single positive class.
  warnings.warn(

2026-03-07 08:15:21,252:INFO:Calculating mean and std
2026-03-07 08:15:21,257:INFO:Creating metrics dataframe
2026-03-07 08:15:21,261:INFO:Uploading results into container
2026-03-07 08:15:21,261:INFO:Uploading model into container now
2026-03-07 08:15:21,263:INFO:_master_model_container: 1
2026-03-07 08:15:21,263:INFO:_display_container: 2
2026-03-07 08:15:21,263:INFO:LogisticRegression(C=1.0, class_weight=None, dual=False, fit_intercept=True,
                   intercept_scaling=1, l1_ratio=None, max_iter=1000,
                   multi_class='auto', n_jobs=None, penalty='l2',
                   random_state=123, solver='lbfgs', tol=0.0001, verbose=0,
                   warm_start=False)
2026-03-07 08:15:21,263:INFO:create_model() successfully completed......................................
2026-03-07 08:15:21,406:INFO:SubProcess create_model() end ==================================
2026-03-07 08:15:21,406:INFO:Creating metrics dataframe
2026-03-07 08:15:21,414:INFO:Initializing K Neighbors Classifier
2026-03-07 08:15:21,414:INFO:Total runtime is 0.08640406131744385 minutes
2026-03-07 08:15:21,423:INFO:SubProcess create_model() called ==================================
2026-03-07 08:15:21,423:INFO:Initializing create_model()
2026-03-07 08:15:21,423:INFO:create_model(self=<pycaret.classification.oop.ClassificationExperiment object at 0x0000026B27D21B50>, estimator=knn, fold=StratifiedKFold(n_splits=5, random_state=None, shuffle=False), round=4, cross_validation=True, predict=True, fit_kwargs={}, groups=None, refit=False, probability_threshold=None, experiment_custom_tags=None, verbose=False, system=False, add_to_model_list=True, metrics=None, display=<pycaret.internal.display.display.CommonDisplay object at 0x0000026B26F29950>, model_only=True, return_train_score=False, error_score=0.0, kwargs={})
2026-03-07 08:15:21,423:INFO:Checking exceptions
2026-03-07 08:15:21,423:INFO:Importing libraries
2026-03-07 08:15:21,423:INFO:Copying training dataset
2026-03-07 08:15:21,431:INFO:Defining folds
2026-03-07 08:15:21,431:INFO:Declaring metric variables
2026-03-07 08:15:21,435:INFO:Importing untrained model
2026-03-07 08:15:21,441:INFO:K Neighbors Classifier Imported successfully
2026-03-07 08:15:21,450:INFO:Starting cross validation
2026-03-07 08:15:21,451:INFO:Cross validating with StratifiedKFold(n_splits=5, random_state=None, shuffle=False), n_jobs=-1
2026-03-07 08:15:24,462:WARNING:c:\Emergency_traige_final\triage_env2\Lib\site-packages\_distutils_hack\__init__.py:33: UserWarning: Setuptools is replacing distutils.
  warnings.warn("Setuptools is replacing distutils.")

2026-03-07 08:15:24,464:WARNING:c:\Emergency_traige_final\triage_env2\Lib\site-packages\_distutils_hack\__init__.py:33: UserWarning: Setuptools is replacing distutils.
  warnings.warn("Setuptools is replacing distutils.")

2026-03-07 08:15:24,469:WARNING:c:\Emergency_traige_final\triage_env2\Lib\site-packages\_distutils_hack\__init__.py:33: UserWarning: Setuptools is replacing distutils.
  warnings.warn("Setuptools is replacing distutils.")

2026-03-07 08:15:24,471:WARNING:c:\Emergency_traige_final\triage_env2\Lib\site-packages\_distutils_hack\__init__.py:33: UserWarning: Setuptools is replacing distutils.
  warnings.warn("Setuptools is replacing distutils.")

2026-03-07 08:15:24,488:WARNING:c:\Emergency_traige_final\triage_env2\Lib\site-packages\_distutils_hack\__init__.py:33: UserWarning: Setuptools is replacing distutils.
  warnings.warn("Setuptools is replacing distutils.")

2026-03-07 08:15:24,777:WARNING:c:\Emergency_traige_final\triage_env2\Lib\site-packages\sklearn\metrics\_classification.py:1561: UserWarning: Note that pos_label (set to 5) is ignored when average != 'binary' (got 'weighted'). You may use labels=[pos_label] to specify a single positive class.
  warnings.warn(

2026-03-07 08:15:24,779:WARNING:c:\Emergency_traige_final\triage_env2\Lib\site-packages\sklearn\metrics\_classification.py:1561: UserWarning: Note that pos_label (set to 5) is ignored when average != 'binary' (got 'weighted'). You may use labels=[pos_label] to specify a single positive class.
  warnings.warn(

2026-03-07 08:15:24,780:WARNING:c:\Emergency_traige_final\triage_env2\Lib\site-packages\sklearn\metrics\_classification.py:1561: UserWarning: Note that pos_label (set to 5) is ignored when average != 'binary' (got 'weighted'). You may use labels=[pos_label] to specify a single positive class.
  warnings.warn(

2026-03-07 08:15:24,780:WARNING:c:\Emergency_traige_final\triage_env2\Lib\site-packages\sklearn\metrics\_classification.py:1509: UndefinedMetricWarning: Precision is ill-defined and being set to 0.0 in labels with no predicted samples. Use `zero_division` parameter to control this behavior.
  _warn_prf(average, modifier, f"{metric.capitalize()} is", len(result))

2026-03-07 08:15:24,780:WARNING:c:\Emergency_traige_final\triage_env2\Lib\site-packages\sklearn\metrics\_classification.py:1561: UserWarning: Note that pos_label (set to 5) is ignored when average != 'binary' (got 'weighted'). You may use labels=[pos_label] to specify a single positive class.
  warnings.warn(

2026-03-07 08:15:24,780:WARNING:c:\Emergency_traige_final\triage_env2\Lib\site-packages\sklearn\metrics\_classification.py:1561: UserWarning: Note that pos_label (set to 5) is ignored when average != 'binary' (got 'weighted'). You may use labels=[pos_label] to specify a single positive class.
  warnings.warn(

2026-03-07 08:15:24,783:WARNING:c:\Emergency_traige_final\triage_env2\Lib\site-packages\sklearn\metrics\_classification.py:1509: UndefinedMetricWarning: Precision is ill-defined and being set to 0.0 in labels with no predicted samples. Use `zero_division` parameter to control this behavior.
  _warn_prf(average, modifier, f"{metric.capitalize()} is", len(result))

2026-03-07 08:15:24,783:WARNING:c:\Emergency_traige_final\triage_env2\Lib\site-packages\sklearn\metrics\_classification.py:1561: UserWarning: Note that pos_label (set to 5) is ignored when average != 'binary' (got 'weighted'). You may use labels=[pos_label] to specify a single positive class.
  warnings.warn(

2026-03-07 08:15:24,790:WARNING:c:\Emergency_traige_final\triage_env2\Lib\site-packages\sklearn\metrics\_classification.py:1561: UserWarning: Note that pos_label (set to 5) is ignored when average != 'binary' (got 'weighted'). You may use labels=[pos_label] to specify a single positive class.
  warnings.warn(

2026-03-07 08:15:24,794:WARNING:c:\Emergency_traige_final\triage_env2\Lib\site-packages\sklearn\metrics\_classification.py:1561: UserWarning: Note that pos_label (set to 5) is ignored when average != 'binary' (got 'weighted'). You may use labels=[pos_label] to specify a single positive class.
  warnings.warn(

2026-03-07 08:15:24,794:WARNING:c:\Emergency_traige_final\triage_env2\Lib\site-packages\sklearn\metrics\_classification.py:1561: UserWarning: Note that pos_label (set to 5) is ignored when average != 'binary' (got 'weighted'). You may use labels=[pos_label] to specify a single positive class.
  warnings.warn(

2026-03-07 08:15:24,794:WARNING:c:\Emergency_traige_final\triage_env2\Lib\site-packages\sklearn\metrics\_classification.py:1561: UserWarning: Note that pos_label (set to 5) is ignored when average != 'binary' (got 'weighted'). You may use labels=[pos_label] to specify a single positive class.
  warnings.warn(

2026-03-07 08:15:24,796:WARNING:c:\Emergency_traige_final\triage_env2\Lib\site-packages\sklearn\metrics\_classification.py:1509: UndefinedMetricWarning: Precision is ill-defined and being set to 0.0 in labels with no predicted samples. Use `zero_division` parameter to control this behavior.
  _warn_prf(average, modifier, f"{metric.capitalize()} is", len(result))

2026-03-07 08:15:24,796:WARNING:c:\Emergency_traige_final\triage_env2\Lib\site-packages\sklearn\metrics\_classification.py:1561: UserWarning: Note that pos_label (set to 5) is ignored when average != 'binary' (got 'weighted'). You may use labels=[pos_label] to specify a single positive class.
  warnings.warn(

2026-03-07 08:15:24,796:WARNING:c:\Emergency_traige_final\triage_env2\Lib\site-packages\sklearn\metrics\_classification.py:1561: UserWarning: Note that pos_label (set to 5) is ignored when average != 'binary' (got 'weighted'). You may use labels=[pos_label] to specify a single positive class.
  warnings.warn(

2026-03-07 08:15:24,796:WARNING:c:\Emergency_traige_final\triage_env2\Lib\site-packages\sklearn\metrics\_classification.py:1561: UserWarning: Note that pos_label (set to 5) is ignored when average != 'binary' (got 'weighted'). You may use labels=[pos_label] to specify a single positive class.
  warnings.warn(

2026-03-07 08:15:24,798:WARNING:c:\Emergency_traige_final\triage_env2\Lib\site-packages\sklearn\metrics\_classification.py:1509: UndefinedMetricWarning: Precision is ill-defined and being set to 0.0 in labels with no predicted samples. Use `zero_division` parameter to control this behavior.
  _warn_prf(average, modifier, f"{metric.capitalize()} is", len(result))

2026-03-07 08:15:24,798:WARNING:c:\Emergency_traige_final\triage_env2\Lib\site-packages\sklearn\metrics\_classification.py:1509: UndefinedMetricWarning: Precision is ill-defined and being set to 0.0 in labels with no predicted samples. Use `zero_division` parameter to control this behavior.
  _warn_prf(average, modifier, f"{metric.capitalize()} is", len(result))

2026-03-07 08:15:24,798:WARNING:c:\Emergency_traige_final\triage_env2\Lib\site-packages\sklearn\metrics\_classification.py:1561: UserWarning: Note that pos_label (set to 5) is ignored when average != 'binary' (got 'weighted'). You may use labels=[pos_label] to specify a single positive class.
  warnings.warn(

2026-03-07 08:15:24,798:WARNING:c:\Emergency_traige_final\triage_env2\Lib\site-packages\sklearn\metrics\_classification.py:1561: UserWarning: Note that pos_label (set to 5) is ignored when average != 'binary' (got 'weighted'). You may use labels=[pos_label] to specify a single positive class.
  warnings.warn(

2026-03-07 08:15:24,815:INFO:Calculating mean and std
2026-03-07 08:15:24,817:INFO:Creating metrics dataframe
2026-03-07 08:15:24,819:INFO:Uploading results into container
2026-03-07 08:15:24,821:INFO:Uploading model into container now
2026-03-07 08:15:24,821:INFO:_master_model_container: 2
2026-03-07 08:15:24,823:INFO:_display_container: 2
2026-03-07 08:15:24,823:INFO:KNeighborsClassifier(algorithm='auto', leaf_size=30, metric='minkowski',
                     metric_params=None, n_jobs=-1, n_neighbors=5, p=2,
                     weights='uniform')
2026-03-07 08:15:24,823:INFO:create_model() successfully completed......................................
2026-03-07 08:15:24,960:INFO:SubProcess create_model() end ==================================
2026-03-07 08:15:24,960:INFO:Creating metrics dataframe
2026-03-07 08:15:24,977:INFO:Initializing Naive Bayes
2026-03-07 08:15:24,977:INFO:Total runtime is 0.1457785487174988 minutes
2026-03-07 08:15:24,983:INFO:SubProcess create_model() called ==================================
2026-03-07 08:15:24,983:INFO:Initializing create_model()
2026-03-07 08:15:24,983:INFO:create_model(self=<pycaret.classification.oop.ClassificationExperiment object at 0x0000026B27D21B50>, estimator=nb, fold=StratifiedKFold(n_splits=5, random_state=None, shuffle=False), round=4, cross_validation=True, predict=True, fit_kwargs={}, groups=None, refit=False, probability_threshold=None, experiment_custom_tags=None, verbose=False, system=False, add_to_model_list=True, metrics=None, display=<pycaret.internal.display.display.CommonDisplay object at 0x0000026B26F29950>, model_only=True, return_train_score=False, error_score=0.0, kwargs={})
2026-03-07 08:15:24,983:INFO:Checking exceptions
2026-03-07 08:15:24,983:INFO:Importing libraries
2026-03-07 08:15:24,983:INFO:Copying training dataset
2026-03-07 08:15:24,995:INFO:Defining folds
2026-03-07 08:15:24,995:INFO:Declaring metric variables
2026-03-07 08:15:25,002:INFO:Importing untrained model
2026-03-07 08:15:25,009:INFO:Naive Bayes Imported successfully
2026-03-07 08:15:25,018:INFO:Starting cross validation
2026-03-07 08:15:25,024:INFO:Cross validating with StratifiedKFold(n_splits=5, random_state=None, shuffle=False), n_jobs=-1
2026-03-07 08:15:27,976:WARNING:c:\Emergency_traige_final\triage_env2\Lib\site-packages\_distutils_hack\__init__.py:33: UserWarning: Setuptools is replacing distutils.
  warnings.warn("Setuptools is replacing distutils.")

2026-03-07 08:15:27,976:WARNING:c:\Emergency_traige_final\triage_env2\Lib\site-packages\_distutils_hack\__init__.py:33: UserWarning: Setuptools is replacing distutils.
  warnings.warn("Setuptools is replacing distutils.")

2026-03-07 08:15:27,987:WARNING:c:\Emergency_traige_final\triage_env2\Lib\site-packages\_distutils_hack\__init__.py:33: UserWarning: Setuptools is replacing distutils.
  warnings.warn("Setuptools is replacing distutils.")

2026-03-07 08:15:27,988:WARNING:c:\Emergency_traige_final\triage_env2\Lib\site-packages\_distutils_hack\__init__.py:33: UserWarning: Setuptools is replacing distutils.
  warnings.warn("Setuptools is replacing distutils.")

2026-03-07 08:15:28,263:WARNING:c:\Emergency_traige_final\triage_env2\Lib\site-packages\sklearn\metrics\_classification.py:1561: UserWarning: Note that pos_label (set to 5) is ignored when average != 'binary' (got 'weighted'). You may use labels=[pos_label] to specify a single positive class.
  warnings.warn(

2026-03-07 08:15:28,265:WARNING:c:\Emergency_traige_final\triage_env2\Lib\site-packages\sklearn\metrics\_classification.py:1561: UserWarning: Note that pos_label (set to 5) is ignored when average != 'binary' (got 'weighted'). You may use labels=[pos_label] to specify a single positive class.
  warnings.warn(

2026-03-07 08:15:28,267:WARNING:c:\Emergency_traige_final\triage_env2\Lib\site-packages\sklearn\metrics\_classification.py:1561: UserWarning: Note that pos_label (set to 5) is ignored when average != 'binary' (got 'weighted'). You may use labels=[pos_label] to specify a single positive class.
  warnings.warn(

2026-03-07 08:15:28,267:WARNING:c:\Emergency_traige_final\triage_env2\Lib\site-packages\sklearn\metrics\_classification.py:1561: UserWarning: Note that pos_label (set to 5) is ignored when average != 'binary' (got 'weighted'). You may use labels=[pos_label] to specify a single positive class.
  warnings.warn(

2026-03-07 08:15:28,270:WARNING:c:\Emergency_traige_final\triage_env2\Lib\site-packages\sklearn\metrics\_classification.py:1561: UserWarning: Note that pos_label (set to 5) is ignored when average != 'binary' (got 'weighted'). You may use labels=[pos_label] to specify a single positive class.
  warnings.warn(

2026-03-07 08:15:28,270:WARNING:c:\Emergency_traige_final\triage_env2\Lib\site-packages\sklearn\metrics\_classification.py:1561: UserWarning: Note that pos_label (set to 5) is ignored when average != 'binary' (got 'weighted'). You may use labels=[pos_label] to specify a single positive class.
  warnings.warn(

2026-03-07 08:15:28,270:WARNING:c:\Emergency_traige_final\triage_env2\Lib\site-packages\sklearn\metrics\_classification.py:1509: UndefinedMetricWarning: Precision is ill-defined and being set to 0.0 in labels with no predicted samples. Use `zero_division` parameter to control this behavior.
  _warn_prf(average, modifier, f"{metric.capitalize()} is", len(result))

2026-03-07 08:15:28,271:WARNING:c:\Emergency_traige_final\triage_env2\Lib\site-packages\sklearn\metrics\_classification.py:1509: UndefinedMetricWarning: Precision is ill-defined and being set to 0.0 in labels with no predicted samples. Use `zero_division` parameter to control this behavior.
  _warn_prf(average, modifier, f"{metric.capitalize()} is", len(result))

2026-03-07 08:15:28,271:WARNING:c:\Emergency_traige_final\triage_env2\Lib\site-packages\sklearn\metrics\_classification.py:1561: UserWarning: Note that pos_label (set to 5) is ignored when average != 'binary' (got 'weighted'). You may use labels=[pos_label] to specify a single positive class.
  warnings.warn(

2026-03-07 08:15:28,273:WARNING:c:\Emergency_traige_final\triage_env2\Lib\site-packages\sklearn\metrics\_classification.py:1561: UserWarning: Note that pos_label (set to 5) is ignored when average != 'binary' (got 'weighted'). You may use labels=[pos_label] to specify a single positive class.
  warnings.warn(

2026-03-07 08:15:28,280:WARNING:c:\Emergency_traige_final\triage_env2\Lib\site-packages\sklearn\metrics\_classification.py:1561: UserWarning: Note that pos_label (set to 5) is ignored when average != 'binary' (got 'weighted'). You may use labels=[pos_label] to specify a single positive class.
  warnings.warn(

2026-03-07 08:15:28,282:WARNING:c:\Emergency_traige_final\triage_env2\Lib\site-packages\sklearn\metrics\_classification.py:1561: UserWarning: Note that pos_label (set to 5) is ignored when average != 'binary' (got 'weighted'). You may use labels=[pos_label] to specify a single positive class.
  warnings.warn(

2026-03-07 08:15:28,284:WARNING:c:\Emergency_traige_final\triage_env2\Lib\site-packages\sklearn\metrics\_classification.py:1509: UndefinedMetricWarning: Precision is ill-defined and being set to 0.0 in labels with no predicted samples. Use `zero_division` parameter to control this behavior.
  _warn_prf(average, modifier, f"{metric.capitalize()} is", len(result))

2026-03-07 08:15:28,286:WARNING:c:\Emergency_traige_final\triage_env2\Lib\site-packages\sklearn\metrics\_classification.py:1561: UserWarning: Note that pos_label (set to 5) is ignored when average != 'binary' (got 'weighted'). You may use labels=[pos_label] to specify a single positive class.
  warnings.warn(

2026-03-07 08:15:28,286:WARNING:c:\Emergency_traige_final\triage_env2\Lib\site-packages\sklearn\metrics\_classification.py:1561: UserWarning: Note that pos_label (set to 5) is ignored when average != 'binary' (got 'weighted'). You may use labels=[pos_label] to specify a single positive class.
  warnings.warn(

2026-03-07 08:15:28,290:WARNING:c:\Emergency_traige_final\triage_env2\Lib\site-packages\sklearn\metrics\_classification.py:1561: UserWarning: Note that pos_label (set to 5) is ignored when average != 'binary' (got 'weighted'). You may use labels=[pos_label] to specify a single positive class.
  warnings.warn(

2026-03-07 08:15:28,293:WARNING:c:\Emergency_traige_final\triage_env2\Lib\site-packages\sklearn\metrics\_classification.py:1561: UserWarning: Note that pos_label (set to 5) is ignored when average != 'binary' (got 'weighted'). You may use labels=[pos_label] to specify a single positive class.
  warnings.warn(

2026-03-07 08:15:28,307:INFO:Calculating mean and std
2026-03-07 08:15:28,309:INFO:Creating metrics dataframe
2026-03-07 08:15:28,311:INFO:Uploading results into container
2026-03-07 08:15:28,313:INFO:Uploading model into container now
2026-03-07 08:15:28,313:INFO:_master_model_container: 3
2026-03-07 08:15:28,313:INFO:_display_container: 2
2026-03-07 08:15:28,315:INFO:GaussianNB(priors=None, var_smoothing=1e-09)
2026-03-07 08:15:28,315:INFO:create_model() successfully completed......................................
2026-03-07 08:15:28,432:INFO:SubProcess create_model() end ==================================
2026-03-07 08:15:28,432:INFO:Creating metrics dataframe
2026-03-07 08:15:28,448:INFO:Initializing Decision Tree Classifier
2026-03-07 08:15:28,450:INFO:Total runtime is 0.20366923809051515 minutes
2026-03-07 08:15:28,454:INFO:SubProcess create_model() called ==================================
2026-03-07 08:15:28,454:INFO:Initializing create_model()
2026-03-07 08:15:28,454:INFO:create_model(self=<pycaret.classification.oop.ClassificationExperiment object at 0x0000026B27D21B50>, estimator=dt, fold=StratifiedKFold(n_splits=5, random_state=None, shuffle=False), round=4, cross_validation=True, predict=True, fit_kwargs={}, groups=None, refit=False, probability_threshold=None, experiment_custom_tags=None, verbose=False, system=False, add_to_model_list=True, metrics=None, display=<pycaret.internal.display.display.CommonDisplay object at 0x0000026B26F29950>, model_only=True, return_train_score=False, error_score=0.0, kwargs={})
2026-03-07 08:15:28,454:INFO:Checking exceptions
2026-03-07 08:15:28,454:INFO:Importing libraries
2026-03-07 08:15:28,454:INFO:Copying training dataset
2026-03-07 08:15:28,459:INFO:Defining folds
2026-03-07 08:15:28,459:INFO:Declaring metric variables
2026-03-07 08:15:28,461:INFO:Importing untrained model
2026-03-07 08:15:28,466:INFO:Decision Tree Classifier Imported successfully
2026-03-07 08:15:28,472:INFO:Starting cross validation
2026-03-07 08:15:28,480:INFO:Cross validating with StratifiedKFold(n_splits=5, random_state=None, shuffle=False), n_jobs=-1
2026-03-07 08:15:28,718:WARNING:c:\Emergency_traige_final\triage_env2\Lib\site-packages\sklearn\metrics\_classification.py:1561: UserWarning: Note that pos_label (set to 5) is ignored when average != 'binary' (got 'weighted'). You may use labels=[pos_label] to specify a single positive class.
  warnings.warn(

2026-03-07 08:15:28,722:WARNING:c:\Emergency_traige_final\triage_env2\Lib\site-packages\sklearn\metrics\_classification.py:1561: UserWarning: Note that pos_label (set to 5) is ignored when average != 'binary' (got 'weighted'). You may use labels=[pos_label] to specify a single positive class.
  warnings.warn(

2026-03-07 08:15:28,725:WARNING:c:\Emergency_traige_final\triage_env2\Lib\site-packages\sklearn\metrics\_classification.py:1561: UserWarning: Note that pos_label (set to 5) is ignored when average != 'binary' (got 'weighted'). You may use labels=[pos_label] to specify a single positive class.
  warnings.warn(

2026-03-07 08:15:28,725:WARNING:c:\Emergency_traige_final\triage_env2\Lib\site-packages\sklearn\metrics\_classification.py:1561: UserWarning: Note that pos_label (set to 5) is ignored when average != 'binary' (got 'weighted'). You may use labels=[pos_label] to specify a single positive class.
  warnings.warn(

2026-03-07 08:15:28,727:WARNING:c:\Emergency_traige_final\triage_env2\Lib\site-packages\sklearn\metrics\_classification.py:1561: UserWarning: Note that pos_label (set to 5) is ignored when average != 'binary' (got 'weighted'). You may use labels=[pos_label] to specify a single positive class.
  warnings.warn(

2026-03-07 08:15:28,727:WARNING:c:\Emergency_traige_final\triage_env2\Lib\site-packages\sklearn\metrics\_classification.py:1561: UserWarning: Note that pos_label (set to 5) is ignored when average != 'binary' (got 'weighted'). You may use labels=[pos_label] to specify a single positive class.
  warnings.warn(

2026-03-07 08:15:28,729:WARNING:c:\Emergency_traige_final\triage_env2\Lib\site-packages\sklearn\metrics\_classification.py:1561: UserWarning: Note that pos_label (set to 5) is ignored when average != 'binary' (got 'weighted'). You may use labels=[pos_label] to specify a single positive class.
  warnings.warn(

2026-03-07 08:15:28,730:WARNING:c:\Emergency_traige_final\triage_env2\Lib\site-packages\sklearn\metrics\_classification.py:1561: UserWarning: Note that pos_label (set to 5) is ignored when average != 'binary' (got 'weighted'). You may use labels=[pos_label] to specify a single positive class.
  warnings.warn(

2026-03-07 08:15:28,730:WARNING:c:\Emergency_traige_final\triage_env2\Lib\site-packages\sklearn\metrics\_classification.py:1561: UserWarning: Note that pos_label (set to 5) is ignored when average != 'binary' (got 'weighted'). You may use labels=[pos_label] to specify a single positive class.
  warnings.warn(

2026-03-07 08:15:28,746:WARNING:c:\Emergency_traige_final\triage_env2\Lib\site-packages\sklearn\metrics\_classification.py:1561: UserWarning: Note that pos_label (set to 5) is ignored when average != 'binary' (got 'weighted'). You may use labels=[pos_label] to specify a single positive class.
  warnings.warn(

2026-03-07 08:15:28,748:WARNING:c:\Emergency_traige_final\triage_env2\Lib\site-packages\sklearn\metrics\_classification.py:1561: UserWarning: Note that pos_label (set to 5) is ignored when average != 'binary' (got 'weighted'). You may use labels=[pos_label] to specify a single positive class.
  warnings.warn(

2026-03-07 08:15:28,750:WARNING:c:\Emergency_traige_final\triage_env2\Lib\site-packages\sklearn\metrics\_classification.py:1561: UserWarning: Note that pos_label (set to 5) is ignored when average != 'binary' (got 'weighted'). You may use labels=[pos_label] to specify a single positive class.
  warnings.warn(

2026-03-07 08:15:31,085:WARNING:c:\Emergency_traige_final\triage_env2\Lib\site-packages\_distutils_hack\__init__.py:33: UserWarning: Setuptools is replacing distutils.
  warnings.warn("Setuptools is replacing distutils.")

2026-03-07 08:15:31,363:WARNING:c:\Emergency_traige_final\triage_env2\Lib\site-packages\sklearn\metrics\_classification.py:1561: UserWarning: Note that pos_label (set to 5) is ignored when average != 'binary' (got 'weighted'). You may use labels=[pos_label] to specify a single positive class.
  warnings.warn(

2026-03-07 08:15:31,363:WARNING:c:\Emergency_traige_final\triage_env2\Lib\site-packages\sklearn\metrics\_classification.py:1561: UserWarning: Note that pos_label (set to 5) is ignored when average != 'binary' (got 'weighted'). You may use labels=[pos_label] to specify a single positive class.
  warnings.warn(

2026-03-07 08:15:31,363:WARNING:c:\Emergency_traige_final\triage_env2\Lib\site-packages\sklearn\metrics\_classification.py:1561: UserWarning: Note that pos_label (set to 5) is ignored when average != 'binary' (got 'weighted'). You may use labels=[pos_label] to specify a single positive class.
  warnings.warn(

2026-03-07 08:15:31,381:INFO:Calculating mean and std
2026-03-07 08:15:31,383:INFO:Creating metrics dataframe
2026-03-07 08:15:31,385:INFO:Uploading results into container
2026-03-07 08:15:31,385:INFO:Uploading model into container now
2026-03-07 08:15:31,385:INFO:_master_model_container: 4
2026-03-07 08:15:31,385:INFO:_display_container: 2
2026-03-07 08:15:31,387:INFO:DecisionTreeClassifier(ccp_alpha=0.0, class_weight=None, criterion='gini',
                       max_depth=None, max_features=None, max_leaf_nodes=None,
                       min_impurity_decrease=0.0, min_samples_leaf=1,
                       min_samples_split=2, min_weight_fraction_leaf=0.0,
                       monotonic_cst=None, random_state=123, splitter='best')
2026-03-07 08:15:31,387:INFO:create_model() successfully completed......................................
2026-03-07 08:15:31,502:INFO:SubProcess create_model() end ==================================
2026-03-07 08:15:31,502:INFO:Creating metrics dataframe
2026-03-07 08:15:31,508:INFO:Initializing SVM - Linear Kernel
2026-03-07 08:15:31,508:INFO:Total runtime is 0.2546303232510885 minutes
2026-03-07 08:15:31,515:INFO:SubProcess create_model() called ==================================
2026-03-07 08:15:31,515:INFO:Initializing create_model()
2026-03-07 08:15:31,515:INFO:create_model(self=<pycaret.classification.oop.ClassificationExperiment object at 0x0000026B27D21B50>, estimator=svm, fold=StratifiedKFold(n_splits=5, random_state=None, shuffle=False), round=4, cross_validation=True, predict=True, fit_kwargs={}, groups=None, refit=False, probability_threshold=None, experiment_custom_tags=None, verbose=False, system=False, add_to_model_list=True, metrics=None, display=<pycaret.internal.display.display.CommonDisplay object at 0x0000026B26F29950>, model_only=True, return_train_score=False, error_score=0.0, kwargs={})
2026-03-07 08:15:31,515:INFO:Checking exceptions
2026-03-07 08:15:31,515:INFO:Importing libraries
2026-03-07 08:15:31,515:INFO:Copying training dataset
2026-03-07 08:15:31,526:INFO:Defining folds
2026-03-07 08:15:31,526:INFO:Declaring metric variables
2026-03-07 08:15:31,531:INFO:Importing untrained model
2026-03-07 08:15:31,547:INFO:SVM - Linear Kernel Imported successfully
2026-03-07 08:15:31,561:INFO:Starting cross validation
2026-03-07 08:15:31,564:INFO:Cross validating with StratifiedKFold(n_splits=5, random_state=None, shuffle=False), n_jobs=-1
2026-03-07 08:15:31,836:WARNING:c:\Emergency_traige_final\triage_env2\Lib\site-packages\pycaret\internal\metrics.py:204: FitFailedWarning: Metric 'make_scorer(roc_auc_score, response_method=('decision_function', 'predict_proba'), average=weighted, multi_class=ovr)' failed and error score 0.0 has been returned instead. If this is a custom metric, this usually means that the error is in the metric code. Full exception below:
Traceback (most recent call last):
  File "c:\Emergency_traige_final\triage_env2\Lib\site-packages\pycaret\internal\metrics.py", line 196, in _score
    return super()._score(
           ^^^^^^^^^^^^^^^
  File "c:\Emergency_traige_final\triage_env2\Lib\site-packages\sklearn\metrics\_scorer.py", line 350, in _score
    return self._sign * self._score_func(y_true, y_pred, **scoring_kwargs)
                        ^^^^^^^^^^^^^^^^^^^^^^^^^^^^^^^^^^^^^^^^^^^^^^^^^^
  File "c:\Emergency_traige_final\triage_env2\Lib\site-packages\pycaret\internal\metrics.py", line 144, in __call__
    return self.score_func(y_true, y_pred, **kwargs)
           ^^^^^^^^^^^^^^^^^^^^^^^^^^^^^^^^^^^^^^^^^
  File "c:\Emergency_traige_final\triage_env2\Lib\site-packages\sklearn\utils\_param_validation.py", line 213, in wrapper
    return func(*args, **kwargs)
           ^^^^^^^^^^^^^^^^^^^^^
  File "c:\Emergency_traige_final\triage_env2\Lib\site-packages\sklearn\metrics\_ranking.py", line 634, in roc_auc_score
    return _multiclass_roc_auc_score(
           ^^^^^^^^^^^^^^^^^^^^^^^^^^
  File "c:\Emergency_traige_final\triage_env2\Lib\site-packages\sklearn\metrics\_ranking.py", line 707, in _multiclass_roc_auc_score
    raise ValueError(
ValueError: Target scores need to be probabilities for multiclass roc_auc, i.e. they should sum up to 1.0 over classes

  warnings.warn(

2026-03-07 08:15:31,841:WARNING:c:\Emergency_traige_final\triage_env2\Lib\site-packages\sklearn\metrics\_classification.py:1561: UserWarning: Note that pos_label (set to 5) is ignored when average != 'binary' (got 'weighted'). You may use labels=[pos_label] to specify a single positive class.
  warnings.warn(

2026-03-07 08:15:31,841:WARNING:c:\Emergency_traige_final\triage_env2\Lib\site-packages\sklearn\metrics\_classification.py:1561: UserWarning: Note that pos_label (set to 5) is ignored when average != 'binary' (got 'weighted'). You may use labels=[pos_label] to specify a single positive class.
  warnings.warn(

2026-03-07 08:15:31,845:WARNING:c:\Emergency_traige_final\triage_env2\Lib\site-packages\sklearn\metrics\_classification.py:1509: UndefinedMetricWarning: Precision is ill-defined and being set to 0.0 in labels with no predicted samples. Use `zero_division` parameter to control this behavior.
  _warn_prf(average, modifier, f"{metric.capitalize()} is", len(result))

2026-03-07 08:15:31,847:WARNING:c:\Emergency_traige_final\triage_env2\Lib\site-packages\sklearn\metrics\_classification.py:1561: UserWarning: Note that pos_label (set to 5) is ignored when average != 'binary' (got 'weighted'). You may use labels=[pos_label] to specify a single positive class.
  warnings.warn(

2026-03-07 08:15:31,851:WARNING:c:\Emergency_traige_final\triage_env2\Lib\site-packages\pycaret\internal\metrics.py:204: FitFailedWarning: Metric 'make_scorer(roc_auc_score, response_method=('decision_function', 'predict_proba'), average=weighted, multi_class=ovr)' failed and error score 0.0 has been returned instead. If this is a custom metric, this usually means that the error is in the metric code. Full exception below:
Traceback (most recent call last):
  File "c:\Emergency_traige_final\triage_env2\Lib\site-packages\pycaret\internal\metrics.py", line 196, in _score
    return super()._score(
           ^^^^^^^^^^^^^^^
  File "c:\Emergency_traige_final\triage_env2\Lib\site-packages\sklearn\metrics\_scorer.py", line 350, in _score
    return self._sign * self._score_func(y_true, y_pred, **scoring_kwargs)
                        ^^^^^^^^^^^^^^^^^^^^^^^^^^^^^^^^^^^^^^^^^^^^^^^^^^
  File "c:\Emergency_traige_final\triage_env2\Lib\site-packages\pycaret\internal\metrics.py", line 144, in __call__
    return self.score_func(y_true, y_pred, **kwargs)
           ^^^^^^^^^^^^^^^^^^^^^^^^^^^^^^^^^^^^^^^^^
  File "c:\Emergency_traige_final\triage_env2\Lib\site-packages\sklearn\utils\_param_validation.py", line 213, in wrapper
    return func(*args, **kwargs)
           ^^^^^^^^^^^^^^^^^^^^^
  File "c:\Emergency_traige_final\triage_env2\Lib\site-packages\sklearn\metrics\_ranking.py", line 634, in roc_auc_score
    return _multiclass_roc_auc_score(
           ^^^^^^^^^^^^^^^^^^^^^^^^^^
  File "c:\Emergency_traige_final\triage_env2\Lib\site-packages\sklearn\metrics\_ranking.py", line 707, in _multiclass_roc_auc_score
    raise ValueError(
ValueError: Target scores need to be probabilities for multiclass roc_auc, i.e. they should sum up to 1.0 over classes

  warnings.warn(

2026-03-07 08:15:31,853:WARNING:c:\Emergency_traige_final\triage_env2\Lib\site-packages\sklearn\metrics\_classification.py:1561: UserWarning: Note that pos_label (set to 5) is ignored when average != 'binary' (got 'weighted'). You may use labels=[pos_label] to specify a single positive class.
  warnings.warn(

2026-03-07 08:15:31,854:WARNING:c:\Emergency_traige_final\triage_env2\Lib\site-packages\pycaret\internal\metrics.py:204: FitFailedWarning: Metric 'make_scorer(roc_auc_score, response_method=('decision_function', 'predict_proba'), average=weighted, multi_class=ovr)' failed and error score 0.0 has been returned instead. If this is a custom metric, this usually means that the error is in the metric code. Full exception below:
Traceback (most recent call last):
  File "c:\Emergency_traige_final\triage_env2\Lib\site-packages\pycaret\internal\metrics.py", line 196, in _score
    return super()._score(
           ^^^^^^^^^^^^^^^
  File "c:\Emergency_traige_final\triage_env2\Lib\site-packages\sklearn\metrics\_scorer.py", line 350, in _score
    return self._sign * self._score_func(y_true, y_pred, **scoring_kwargs)
                        ^^^^^^^^^^^^^^^^^^^^^^^^^^^^^^^^^^^^^^^^^^^^^^^^^^
  File "c:\Emergency_traige_final\triage_env2\Lib\site-packages\pycaret\internal\metrics.py", line 144, in __call__
    return self.score_func(y_true, y_pred, **kwargs)
           ^^^^^^^^^^^^^^^^^^^^^^^^^^^^^^^^^^^^^^^^^
  File "c:\Emergency_traige_final\triage_env2\Lib\site-packages\sklearn\utils\_param_validation.py", line 213, in wrapper
    return func(*args, **kwargs)
           ^^^^^^^^^^^^^^^^^^^^^
  File "c:\Emergency_traige_final\triage_env2\Lib\site-packages\sklearn\metrics\_ranking.py", line 634, in roc_auc_score
    return _multiclass_roc_auc_score(
           ^^^^^^^^^^^^^^^^^^^^^^^^^^
  File "c:\Emergency_traige_final\triage_env2\Lib\site-packages\sklearn\metrics\_ranking.py", line 707, in _multiclass_roc_auc_score
    raise ValueError(
ValueError: Target scores need to be probabilities for multiclass roc_auc, i.e. they should sum up to 1.0 over classes

  warnings.warn(

2026-03-07 08:15:31,856:WARNING:c:\Emergency_traige_final\triage_env2\Lib\site-packages\sklearn\metrics\_classification.py:1561: UserWarning: Note that pos_label (set to 5) is ignored when average != 'binary' (got 'weighted'). You may use labels=[pos_label] to specify a single positive class.
  warnings.warn(

2026-03-07 08:15:31,856:WARNING:c:\Emergency_traige_final\triage_env2\Lib\site-packages\sklearn\metrics\_classification.py:1561: UserWarning: Note that pos_label (set to 5) is ignored when average != 'binary' (got 'weighted'). You may use labels=[pos_label] to specify a single positive class.
  warnings.warn(

2026-03-07 08:15:31,858:WARNING:c:\Emergency_traige_final\triage_env2\Lib\site-packages\sklearn\metrics\_classification.py:1509: UndefinedMetricWarning: Precision is ill-defined and being set to 0.0 in labels with no predicted samples. Use `zero_division` parameter to control this behavior.
  _warn_prf(average, modifier, f"{metric.capitalize()} is", len(result))

2026-03-07 08:15:31,858:WARNING:c:\Emergency_traige_final\triage_env2\Lib\site-packages\sklearn\metrics\_classification.py:1561: UserWarning: Note that pos_label (set to 5) is ignored when average != 'binary' (got 'weighted'). You may use labels=[pos_label] to specify a single positive class.
  warnings.warn(

2026-03-07 08:15:31,858:WARNING:c:\Emergency_traige_final\triage_env2\Lib\site-packages\sklearn\metrics\_classification.py:1561: UserWarning: Note that pos_label (set to 5) is ignored when average != 'binary' (got 'weighted'). You may use labels=[pos_label] to specify a single positive class.
  warnings.warn(

2026-03-07 08:15:31,860:WARNING:c:\Emergency_traige_final\triage_env2\Lib\site-packages\sklearn\metrics\_classification.py:1509: UndefinedMetricWarning: Precision is ill-defined and being set to 0.0 in labels with no predicted samples. Use `zero_division` parameter to control this behavior.
  _warn_prf(average, modifier, f"{metric.capitalize()} is", len(result))

2026-03-07 08:15:31,861:WARNING:c:\Emergency_traige_final\triage_env2\Lib\site-packages\sklearn\metrics\_classification.py:1561: UserWarning: Note that pos_label (set to 5) is ignored when average != 'binary' (got 'weighted'). You may use labels=[pos_label] to specify a single positive class.
  warnings.warn(

2026-03-07 08:15:31,861:WARNING:c:\Emergency_traige_final\triage_env2\Lib\site-packages\pycaret\internal\metrics.py:204: FitFailedWarning: Metric 'make_scorer(roc_auc_score, response_method=('decision_function', 'predict_proba'), average=weighted, multi_class=ovr)' failed and error score 0.0 has been returned instead. If this is a custom metric, this usually means that the error is in the metric code. Full exception below:
Traceback (most recent call last):
  File "c:\Emergency_traige_final\triage_env2\Lib\site-packages\pycaret\internal\metrics.py", line 196, in _score
    return super()._score(
           ^^^^^^^^^^^^^^^
  File "c:\Emergency_traige_final\triage_env2\Lib\site-packages\sklearn\metrics\_scorer.py", line 350, in _score
    return self._sign * self._score_func(y_true, y_pred, **scoring_kwargs)
                        ^^^^^^^^^^^^^^^^^^^^^^^^^^^^^^^^^^^^^^^^^^^^^^^^^^
  File "c:\Emergency_traige_final\triage_env2\Lib\site-packages\pycaret\internal\metrics.py", line 144, in __call__
    return self.score_func(y_true, y_pred, **kwargs)
           ^^^^^^^^^^^^^^^^^^^^^^^^^^^^^^^^^^^^^^^^^
  File "c:\Emergency_traige_final\triage_env2\Lib\site-packages\sklearn\utils\_param_validation.py", line 213, in wrapper
    return func(*args, **kwargs)
           ^^^^^^^^^^^^^^^^^^^^^
  File "c:\Emergency_traige_final\triage_env2\Lib\site-packages\sklearn\metrics\_ranking.py", line 634, in roc_auc_score
    return _multiclass_roc_auc_score(
           ^^^^^^^^^^^^^^^^^^^^^^^^^^
  File "c:\Emergency_traige_final\triage_env2\Lib\site-packages\sklearn\metrics\_ranking.py", line 707, in _multiclass_roc_auc_score
    raise ValueError(
ValueError: Target scores need to be probabilities for multiclass roc_auc, i.e. they should sum up to 1.0 over classes

  warnings.warn(

2026-03-07 08:15:31,863:WARNING:c:\Emergency_traige_final\triage_env2\Lib\site-packages\sklearn\metrics\_classification.py:1561: UserWarning: Note that pos_label (set to 5) is ignored when average != 'binary' (got 'weighted'). You may use labels=[pos_label] to specify a single positive class.
  warnings.warn(

2026-03-07 08:15:31,867:WARNING:c:\Emergency_traige_final\triage_env2\Lib\site-packages\sklearn\metrics\_classification.py:1561: UserWarning: Note that pos_label (set to 5) is ignored when average != 'binary' (got 'weighted'). You may use labels=[pos_label] to specify a single positive class.
  warnings.warn(

2026-03-07 08:15:31,867:WARNING:c:\Emergency_traige_final\triage_env2\Lib\site-packages\sklearn\metrics\_classification.py:1509: UndefinedMetricWarning: Precision is ill-defined and being set to 0.0 in labels with no predicted samples. Use `zero_division` parameter to control this behavior.
  _warn_prf(average, modifier, f"{metric.capitalize()} is", len(result))

2026-03-07 08:15:31,867:WARNING:c:\Emergency_traige_final\triage_env2\Lib\site-packages\sklearn\metrics\_classification.py:1561: UserWarning: Note that pos_label (set to 5) is ignored when average != 'binary' (got 'weighted'). You may use labels=[pos_label] to specify a single positive class.
  warnings.warn(

2026-03-07 08:15:31,867:WARNING:c:\Emergency_traige_final\triage_env2\Lib\site-packages\pycaret\internal\metrics.py:204: FitFailedWarning: Metric 'make_scorer(roc_auc_score, response_method=('decision_function', 'predict_proba'), average=weighted, multi_class=ovr)' failed and error score 0.0 has been returned instead. If this is a custom metric, this usually means that the error is in the metric code. Full exception below:
Traceback (most recent call last):
  File "c:\Emergency_traige_final\triage_env2\Lib\site-packages\pycaret\internal\metrics.py", line 196, in _score
    return super()._score(
           ^^^^^^^^^^^^^^^
  File "c:\Emergency_traige_final\triage_env2\Lib\site-packages\sklearn\metrics\_scorer.py", line 350, in _score
    return self._sign * self._score_func(y_true, y_pred, **scoring_kwargs)
                        ^^^^^^^^^^^^^^^^^^^^^^^^^^^^^^^^^^^^^^^^^^^^^^^^^^
  File "c:\Emergency_traige_final\triage_env2\Lib\site-packages\pycaret\internal\metrics.py", line 144, in __call__
    return self.score_func(y_true, y_pred, **kwargs)
           ^^^^^^^^^^^^^^^^^^^^^^^^^^^^^^^^^^^^^^^^^
  File "c:\Emergency_traige_final\triage_env2\Lib\site-packages\sklearn\utils\_param_validation.py", line 213, in wrapper
    return func(*args, **kwargs)
           ^^^^^^^^^^^^^^^^^^^^^
  File "c:\Emergency_traige_final\triage_env2\Lib\site-packages\sklearn\metrics\_ranking.py", line 634, in roc_auc_score
    return _multiclass_roc_auc_score(
           ^^^^^^^^^^^^^^^^^^^^^^^^^^
  File "c:\Emergency_traige_final\triage_env2\Lib\site-packages\sklearn\metrics\_ranking.py", line 707, in _multiclass_roc_auc_score
    raise ValueError(
ValueError: Target scores need to be probabilities for multiclass roc_auc, i.e. they should sum up to 1.0 over classes

  warnings.warn(

2026-03-07 08:15:31,867:WARNING:c:\Emergency_traige_final\triage_env2\Lib\site-packages\sklearn\metrics\_classification.py:1561: UserWarning: Note that pos_label (set to 5) is ignored when average != 'binary' (got 'weighted'). You may use labels=[pos_label] to specify a single positive class.
  warnings.warn(

2026-03-07 08:15:31,875:WARNING:c:\Emergency_traige_final\triage_env2\Lib\site-packages\sklearn\metrics\_classification.py:1561: UserWarning: Note that pos_label (set to 5) is ignored when average != 'binary' (got 'weighted'). You may use labels=[pos_label] to specify a single positive class.
  warnings.warn(

2026-03-07 08:15:31,877:WARNING:c:\Emergency_traige_final\triage_env2\Lib\site-packages\sklearn\metrics\_classification.py:1509: UndefinedMetricWarning: Precision is ill-defined and being set to 0.0 in labels with no predicted samples. Use `zero_division` parameter to control this behavior.
  _warn_prf(average, modifier, f"{metric.capitalize()} is", len(result))

2026-03-07 08:15:31,877:WARNING:c:\Emergency_traige_final\triage_env2\Lib\site-packages\sklearn\metrics\_classification.py:1561: UserWarning: Note that pos_label (set to 5) is ignored when average != 'binary' (got 'weighted'). You may use labels=[pos_label] to specify a single positive class.
  warnings.warn(

2026-03-07 08:15:31,887:INFO:Calculating mean and std
2026-03-07 08:15:31,887:INFO:Creating metrics dataframe
2026-03-07 08:15:31,890:INFO:Uploading results into container
2026-03-07 08:15:31,890:INFO:Uploading model into container now
2026-03-07 08:15:31,890:INFO:_master_model_container: 5
2026-03-07 08:15:31,890:INFO:_display_container: 2
2026-03-07 08:15:31,891:INFO:SGDClassifier(alpha=0.0001, average=False, class_weight=None,
              early_stopping=False, epsilon=0.1, eta0=0.001, fit_intercept=True,
              l1_ratio=0.15, learning_rate='optimal', loss='hinge',
              max_iter=1000, n_iter_no_change=5, n_jobs=-1, penalty='l2',
              power_t=0.5, random_state=123, shuffle=True, tol=0.001,
              validation_fraction=0.1, verbose=0, warm_start=False)
2026-03-07 08:15:31,891:INFO:create_model() successfully completed......................................
2026-03-07 08:15:31,990:INFO:SubProcess create_model() end ==================================
2026-03-07 08:15:31,990:INFO:Creating metrics dataframe
2026-03-07 08:15:32,008:INFO:Initializing Ridge Classifier
2026-03-07 08:15:32,008:INFO:Total runtime is 0.2629589200019837 minutes
2026-03-07 08:15:32,015:INFO:SubProcess create_model() called ==================================
2026-03-07 08:15:32,015:INFO:Initializing create_model()
2026-03-07 08:15:32,015:INFO:create_model(self=<pycaret.classification.oop.ClassificationExperiment object at 0x0000026B27D21B50>, estimator=ridge, fold=StratifiedKFold(n_splits=5, random_state=None, shuffle=False), round=4, cross_validation=True, predict=True, fit_kwargs={}, groups=None, refit=False, probability_threshold=None, experiment_custom_tags=None, verbose=False, system=False, add_to_model_list=True, metrics=None, display=<pycaret.internal.display.display.CommonDisplay object at 0x0000026B26F29950>, model_only=True, return_train_score=False, error_score=0.0, kwargs={})
2026-03-07 08:15:32,015:INFO:Checking exceptions
2026-03-07 08:15:32,015:INFO:Importing libraries
2026-03-07 08:15:32,015:INFO:Copying training dataset
2026-03-07 08:15:32,025:INFO:Defining folds
2026-03-07 08:15:32,025:INFO:Declaring metric variables
2026-03-07 08:15:32,028:INFO:Importing untrained model
2026-03-07 08:15:32,075:INFO:Ridge Classifier Imported successfully
2026-03-07 08:15:32,084:INFO:Starting cross validation
2026-03-07 08:15:32,091:INFO:Cross validating with StratifiedKFold(n_splits=5, random_state=None, shuffle=False), n_jobs=-1
2026-03-07 08:15:32,297:WARNING:c:\Emergency_traige_final\triage_env2\Lib\site-packages\pycaret\internal\metrics.py:204: FitFailedWarning: Metric 'make_scorer(roc_auc_score, response_method=('decision_function', 'predict_proba'), average=weighted, multi_class=ovr)' failed and error score 0.0 has been returned instead. If this is a custom metric, this usually means that the error is in the metric code. Full exception below:
Traceback (most recent call last):
  File "c:\Emergency_traige_final\triage_env2\Lib\site-packages\pycaret\internal\metrics.py", line 196, in _score
    return super()._score(
           ^^^^^^^^^^^^^^^
  File "c:\Emergency_traige_final\triage_env2\Lib\site-packages\sklearn\metrics\_scorer.py", line 350, in _score
    return self._sign * self._score_func(y_true, y_pred, **scoring_kwargs)
                        ^^^^^^^^^^^^^^^^^^^^^^^^^^^^^^^^^^^^^^^^^^^^^^^^^^
  File "c:\Emergency_traige_final\triage_env2\Lib\site-packages\pycaret\internal\metrics.py", line 144, in __call__
    return self.score_func(y_true, y_pred, **kwargs)
           ^^^^^^^^^^^^^^^^^^^^^^^^^^^^^^^^^^^^^^^^^
  File "c:\Emergency_traige_final\triage_env2\Lib\site-packages\sklearn\utils\_param_validation.py", line 213, in wrapper
    return func(*args, **kwargs)
           ^^^^^^^^^^^^^^^^^^^^^
  File "c:\Emergency_traige_final\triage_env2\Lib\site-packages\sklearn\metrics\_ranking.py", line 634, in roc_auc_score
    return _multiclass_roc_auc_score(
           ^^^^^^^^^^^^^^^^^^^^^^^^^^
  File "c:\Emergency_traige_final\triage_env2\Lib\site-packages\sklearn\metrics\_ranking.py", line 707, in _multiclass_roc_auc_score
    raise ValueError(
ValueError: Target scores need to be probabilities for multiclass roc_auc, i.e. they should sum up to 1.0 over classes

  warnings.warn(

2026-03-07 08:15:32,297:WARNING:c:\Emergency_traige_final\triage_env2\Lib\site-packages\pycaret\internal\metrics.py:204: FitFailedWarning: Metric 'make_scorer(roc_auc_score, response_method=('decision_function', 'predict_proba'), average=weighted, multi_class=ovr)' failed and error score 0.0 has been returned instead. If this is a custom metric, this usually means that the error is in the metric code. Full exception below:
Traceback (most recent call last):
  File "c:\Emergency_traige_final\triage_env2\Lib\site-packages\pycaret\internal\metrics.py", line 196, in _score
    return super()._score(
           ^^^^^^^^^^^^^^^
  File "c:\Emergency_traige_final\triage_env2\Lib\site-packages\sklearn\metrics\_scorer.py", line 350, in _score
    return self._sign * self._score_func(y_true, y_pred, **scoring_kwargs)
                        ^^^^^^^^^^^^^^^^^^^^^^^^^^^^^^^^^^^^^^^^^^^^^^^^^^
  File "c:\Emergency_traige_final\triage_env2\Lib\site-packages\pycaret\internal\metrics.py", line 144, in __call__
    return self.score_func(y_true, y_pred, **kwargs)
           ^^^^^^^^^^^^^^^^^^^^^^^^^^^^^^^^^^^^^^^^^
  File "c:\Emergency_traige_final\triage_env2\Lib\site-packages\sklearn\utils\_param_validation.py", line 213, in wrapper
    return func(*args, **kwargs)
           ^^^^^^^^^^^^^^^^^^^^^
  File "c:\Emergency_traige_final\triage_env2\Lib\site-packages\sklearn\metrics\_ranking.py", line 634, in roc_auc_score
    return _multiclass_roc_auc_score(
           ^^^^^^^^^^^^^^^^^^^^^^^^^^
  File "c:\Emergency_traige_final\triage_env2\Lib\site-packages\sklearn\metrics\_ranking.py", line 707, in _multiclass_roc_auc_score
    raise ValueError(
ValueError: Target scores need to be probabilities for multiclass roc_auc, i.e. they should sum up to 1.0 over classes

  warnings.warn(

2026-03-07 08:15:32,297:WARNING:c:\Emergency_traige_final\triage_env2\Lib\site-packages\sklearn\metrics\_classification.py:1561: UserWarning: Note that pos_label (set to 5) is ignored when average != 'binary' (got 'weighted'). You may use labels=[pos_label] to specify a single positive class.
  warnings.warn(

2026-03-07 08:15:32,297:WARNING:c:\Emergency_traige_final\triage_env2\Lib\site-packages\pycaret\internal\metrics.py:204: FitFailedWarning: Metric 'make_scorer(roc_auc_score, response_method=('decision_function', 'predict_proba'), average=weighted, multi_class=ovr)' failed and error score 0.0 has been returned instead. If this is a custom metric, this usually means that the error is in the metric code. Full exception below:
Traceback (most recent call last):
  File "c:\Emergency_traige_final\triage_env2\Lib\site-packages\pycaret\internal\metrics.py", line 196, in _score
    return super()._score(
           ^^^^^^^^^^^^^^^
  File "c:\Emergency_traige_final\triage_env2\Lib\site-packages\sklearn\metrics\_scorer.py", line 350, in _score
    return self._sign * self._score_func(y_true, y_pred, **scoring_kwargs)
                        ^^^^^^^^^^^^^^^^^^^^^^^^^^^^^^^^^^^^^^^^^^^^^^^^^^
  File "c:\Emergency_traige_final\triage_env2\Lib\site-packages\pycaret\internal\metrics.py", line 144, in __call__
    return self.score_func(y_true, y_pred, **kwargs)
           ^^^^^^^^^^^^^^^^^^^^^^^^^^^^^^^^^^^^^^^^^
  File "c:\Emergency_traige_final\triage_env2\Lib\site-packages\sklearn\utils\_param_validation.py", line 213, in wrapper
    return func(*args, **kwargs)
           ^^^^^^^^^^^^^^^^^^^^^
  File "c:\Emergency_traige_final\triage_env2\Lib\site-packages\sklearn\metrics\_ranking.py", line 634, in roc_auc_score
    return _multiclass_roc_auc_score(
           ^^^^^^^^^^^^^^^^^^^^^^^^^^
  File "c:\Emergency_traige_final\triage_env2\Lib\site-packages\sklearn\metrics\_ranking.py", line 707, in _multiclass_roc_auc_score
    raise ValueError(
ValueError: Target scores need to be probabilities for multiclass roc_auc, i.e. they should sum up to 1.0 over classes

  warnings.warn(

2026-03-07 08:15:32,297:WARNING:c:\Emergency_traige_final\triage_env2\Lib\site-packages\sklearn\metrics\_classification.py:1561: UserWarning: Note that pos_label (set to 5) is ignored when average != 'binary' (got 'weighted'). You may use labels=[pos_label] to specify a single positive class.
  warnings.warn(

2026-03-07 08:15:32,297:WARNING:c:\Emergency_traige_final\triage_env2\Lib\site-packages\sklearn\metrics\_classification.py:1561: UserWarning: Note that pos_label (set to 5) is ignored when average != 'binary' (got 'weighted'). You may use labels=[pos_label] to specify a single positive class.
  warnings.warn(

2026-03-07 08:15:32,297:WARNING:c:\Emergency_traige_final\triage_env2\Lib\site-packages\sklearn\metrics\_classification.py:1561: UserWarning: Note that pos_label (set to 5) is ignored when average != 'binary' (got 'weighted'). You may use labels=[pos_label] to specify a single positive class.
  warnings.warn(

2026-03-07 08:15:32,303:WARNING:c:\Emergency_traige_final\triage_env2\Lib\site-packages\sklearn\metrics\_classification.py:1561: UserWarning: Note that pos_label (set to 5) is ignored when average != 'binary' (got 'weighted'). You may use labels=[pos_label] to specify a single positive class.
  warnings.warn(

2026-03-07 08:15:32,303:WARNING:c:\Emergency_traige_final\triage_env2\Lib\site-packages\sklearn\metrics\_classification.py:1509: UndefinedMetricWarning: Precision is ill-defined and being set to 0.0 in labels with no predicted samples. Use `zero_division` parameter to control this behavior.
  _warn_prf(average, modifier, f"{metric.capitalize()} is", len(result))

2026-03-07 08:15:32,303:WARNING:c:\Emergency_traige_final\triage_env2\Lib\site-packages\sklearn\metrics\_classification.py:1561: UserWarning: Note that pos_label (set to 5) is ignored when average != 'binary' (got 'weighted'). You may use labels=[pos_label] to specify a single positive class.
  warnings.warn(

2026-03-07 08:15:32,303:WARNING:c:\Emergency_traige_final\triage_env2\Lib\site-packages\sklearn\metrics\_classification.py:1509: UndefinedMetricWarning: Precision is ill-defined and being set to 0.0 in labels with no predicted samples. Use `zero_division` parameter to control this behavior.
  _warn_prf(average, modifier, f"{metric.capitalize()} is", len(result))

2026-03-07 08:15:32,303:WARNING:c:\Emergency_traige_final\triage_env2\Lib\site-packages\pycaret\internal\metrics.py:204: FitFailedWarning: Metric 'make_scorer(roc_auc_score, response_method=('decision_function', 'predict_proba'), average=weighted, multi_class=ovr)' failed and error score 0.0 has been returned instead. If this is a custom metric, this usually means that the error is in the metric code. Full exception below:
Traceback (most recent call last):
  File "c:\Emergency_traige_final\triage_env2\Lib\site-packages\pycaret\internal\metrics.py", line 196, in _score
    return super()._score(
           ^^^^^^^^^^^^^^^
  File "c:\Emergency_traige_final\triage_env2\Lib\site-packages\sklearn\metrics\_scorer.py", line 350, in _score
    return self._sign * self._score_func(y_true, y_pred, **scoring_kwargs)
                        ^^^^^^^^^^^^^^^^^^^^^^^^^^^^^^^^^^^^^^^^^^^^^^^^^^
  File "c:\Emergency_traige_final\triage_env2\Lib\site-packages\pycaret\internal\metrics.py", line 144, in __call__
    return self.score_func(y_true, y_pred, **kwargs)
           ^^^^^^^^^^^^^^^^^^^^^^^^^^^^^^^^^^^^^^^^^
  File "c:\Emergency_traige_final\triage_env2\Lib\site-packages\sklearn\utils\_param_validation.py", line 213, in wrapper
    return func(*args, **kwargs)
           ^^^^^^^^^^^^^^^^^^^^^
  File "c:\Emergency_traige_final\triage_env2\Lib\site-packages\sklearn\metrics\_ranking.py", line 634, in roc_auc_score
    return _multiclass_roc_auc_score(
           ^^^^^^^^^^^^^^^^^^^^^^^^^^
  File "c:\Emergency_traige_final\triage_env2\Lib\site-packages\sklearn\metrics\_ranking.py", line 707, in _multiclass_roc_auc_score
    raise ValueError(
ValueError: Target scores need to be probabilities for multiclass roc_auc, i.e. they should sum up to 1.0 over classes

  warnings.warn(

2026-03-07 08:15:32,305:WARNING:c:\Emergency_traige_final\triage_env2\Lib\site-packages\sklearn\metrics\_classification.py:1561: UserWarning: Note that pos_label (set to 5) is ignored when average != 'binary' (got 'weighted'). You may use labels=[pos_label] to specify a single positive class.
  warnings.warn(

2026-03-07 08:15:32,305:WARNING:c:\Emergency_traige_final\triage_env2\Lib\site-packages\sklearn\metrics\_classification.py:1561: UserWarning: Note that pos_label (set to 5) is ignored when average != 'binary' (got 'weighted'). You may use labels=[pos_label] to specify a single positive class.
  warnings.warn(

2026-03-07 08:15:32,308:WARNING:c:\Emergency_traige_final\triage_env2\Lib\site-packages\sklearn\metrics\_classification.py:1561: UserWarning: Note that pos_label (set to 5) is ignored when average != 'binary' (got 'weighted'). You may use labels=[pos_label] to specify a single positive class.
  warnings.warn(

2026-03-07 08:15:32,310:WARNING:c:\Emergency_traige_final\triage_env2\Lib\site-packages\sklearn\metrics\_classification.py:1561: UserWarning: Note that pos_label (set to 5) is ignored when average != 'binary' (got 'weighted'). You may use labels=[pos_label] to specify a single positive class.
  warnings.warn(

2026-03-07 08:15:32,310:WARNING:c:\Emergency_traige_final\triage_env2\Lib\site-packages\pycaret\internal\metrics.py:204: FitFailedWarning: Metric 'make_scorer(roc_auc_score, response_method=('decision_function', 'predict_proba'), average=weighted, multi_class=ovr)' failed and error score 0.0 has been returned instead. If this is a custom metric, this usually means that the error is in the metric code. Full exception below:
Traceback (most recent call last):
  File "c:\Emergency_traige_final\triage_env2\Lib\site-packages\pycaret\internal\metrics.py", line 196, in _score
    return super()._score(
           ^^^^^^^^^^^^^^^
  File "c:\Emergency_traige_final\triage_env2\Lib\site-packages\sklearn\metrics\_scorer.py", line 350, in _score
    return self._sign * self._score_func(y_true, y_pred, **scoring_kwargs)
                        ^^^^^^^^^^^^^^^^^^^^^^^^^^^^^^^^^^^^^^^^^^^^^^^^^^
  File "c:\Emergency_traige_final\triage_env2\Lib\site-packages\pycaret\internal\metrics.py", line 144, in __call__
    return self.score_func(y_true, y_pred, **kwargs)
           ^^^^^^^^^^^^^^^^^^^^^^^^^^^^^^^^^^^^^^^^^
  File "c:\Emergency_traige_final\triage_env2\Lib\site-packages\sklearn\utils\_param_validation.py", line 213, in wrapper
    return func(*args, **kwargs)
           ^^^^^^^^^^^^^^^^^^^^^
  File "c:\Emergency_traige_final\triage_env2\Lib\site-packages\sklearn\metrics\_ranking.py", line 634, in roc_auc_score
    return _multiclass_roc_auc_score(
           ^^^^^^^^^^^^^^^^^^^^^^^^^^
  File "c:\Emergency_traige_final\triage_env2\Lib\site-packages\sklearn\metrics\_ranking.py", line 707, in _multiclass_roc_auc_score
    raise ValueError(
ValueError: Target scores need to be probabilities for multiclass roc_auc, i.e. they should sum up to 1.0 over classes

  warnings.warn(

2026-03-07 08:15:32,311:WARNING:c:\Emergency_traige_final\triage_env2\Lib\site-packages\sklearn\metrics\_classification.py:1561: UserWarning: Note that pos_label (set to 5) is ignored when average != 'binary' (got 'weighted'). You may use labels=[pos_label] to specify a single positive class.
  warnings.warn(

2026-03-07 08:15:32,311:WARNING:c:\Emergency_traige_final\triage_env2\Lib\site-packages\sklearn\metrics\_classification.py:1509: UndefinedMetricWarning: Precision is ill-defined and being set to 0.0 in labels with no predicted samples. Use `zero_division` parameter to control this behavior.
  _warn_prf(average, modifier, f"{metric.capitalize()} is", len(result))

2026-03-07 08:15:32,311:WARNING:c:\Emergency_traige_final\triage_env2\Lib\site-packages\sklearn\metrics\_classification.py:1561: UserWarning: Note that pos_label (set to 5) is ignored when average != 'binary' (got 'weighted'). You may use labels=[pos_label] to specify a single positive class.
  warnings.warn(

2026-03-07 08:15:32,311:WARNING:c:\Emergency_traige_final\triage_env2\Lib\site-packages\sklearn\metrics\_classification.py:1561: UserWarning: Note that pos_label (set to 5) is ignored when average != 'binary' (got 'weighted'). You may use labels=[pos_label] to specify a single positive class.
  warnings.warn(

2026-03-07 08:15:32,311:WARNING:c:\Emergency_traige_final\triage_env2\Lib\site-packages\sklearn\metrics\_classification.py:1561: UserWarning: Note that pos_label (set to 5) is ignored when average != 'binary' (got 'weighted'). You may use labels=[pos_label] to specify a single positive class.
  warnings.warn(

2026-03-07 08:15:32,311:WARNING:c:\Emergency_traige_final\triage_env2\Lib\site-packages\sklearn\metrics\_classification.py:1509: UndefinedMetricWarning: Precision is ill-defined and being set to 0.0 in labels with no predicted samples. Use `zero_division` parameter to control this behavior.
  _warn_prf(average, modifier, f"{metric.capitalize()} is", len(result))

2026-03-07 08:15:32,311:WARNING:c:\Emergency_traige_final\triage_env2\Lib\site-packages\sklearn\metrics\_classification.py:1561: UserWarning: Note that pos_label (set to 5) is ignored when average != 'binary' (got 'weighted'). You may use labels=[pos_label] to specify a single positive class.
  warnings.warn(

2026-03-07 08:15:32,329:INFO:Calculating mean and std
2026-03-07 08:15:32,329:INFO:Creating metrics dataframe
2026-03-07 08:15:32,329:INFO:Uploading results into container
2026-03-07 08:15:32,329:INFO:Uploading model into container now
2026-03-07 08:15:32,329:INFO:_master_model_container: 6
2026-03-07 08:15:32,329:INFO:_display_container: 2
2026-03-07 08:15:32,329:INFO:RidgeClassifier(alpha=1.0, class_weight=None, copy_X=True, fit_intercept=True,
                max_iter=None, positive=False, random_state=123, solver='auto',
                tol=0.0001)
2026-03-07 08:15:32,329:INFO:create_model() successfully completed......................................
2026-03-07 08:15:32,427:INFO:SubProcess create_model() end ==================================
2026-03-07 08:15:32,427:INFO:Creating metrics dataframe
2026-03-07 08:15:32,440:INFO:Initializing Random Forest Classifier
2026-03-07 08:15:32,440:INFO:Total runtime is 0.27016668319702153 minutes
2026-03-07 08:15:32,444:INFO:SubProcess create_model() called ==================================
2026-03-07 08:15:32,444:INFO:Initializing create_model()
2026-03-07 08:15:32,444:INFO:create_model(self=<pycaret.classification.oop.ClassificationExperiment object at 0x0000026B27D21B50>, estimator=rf, fold=StratifiedKFold(n_splits=5, random_state=None, shuffle=False), round=4, cross_validation=True, predict=True, fit_kwargs={}, groups=None, refit=False, probability_threshold=None, experiment_custom_tags=None, verbose=False, system=False, add_to_model_list=True, metrics=None, display=<pycaret.internal.display.display.CommonDisplay object at 0x0000026B26F29950>, model_only=True, return_train_score=False, error_score=0.0, kwargs={})
2026-03-07 08:15:32,444:INFO:Checking exceptions
2026-03-07 08:15:32,444:INFO:Importing libraries
2026-03-07 08:15:32,444:INFO:Copying training dataset
2026-03-07 08:15:32,451:INFO:Defining folds
2026-03-07 08:15:32,451:INFO:Declaring metric variables
2026-03-07 08:15:32,456:INFO:Importing untrained model
2026-03-07 08:15:32,463:INFO:Random Forest Classifier Imported successfully
2026-03-07 08:15:32,484:INFO:Starting cross validation
2026-03-07 08:15:32,488:INFO:Cross validating with StratifiedKFold(n_splits=5, random_state=None, shuffle=False), n_jobs=-1
2026-03-07 08:15:32,957:WARNING:c:\Emergency_traige_final\triage_env2\Lib\site-packages\sklearn\metrics\_classification.py:1561: UserWarning: Note that pos_label (set to 5) is ignored when average != 'binary' (got 'weighted'). You may use labels=[pos_label] to specify a single positive class.
  warnings.warn(

2026-03-07 08:15:32,959:WARNING:c:\Emergency_traige_final\triage_env2\Lib\site-packages\sklearn\metrics\_classification.py:1561: UserWarning: Note that pos_label (set to 5) is ignored when average != 'binary' (got 'weighted'). You may use labels=[pos_label] to specify a single positive class.
  warnings.warn(

2026-03-07 08:15:32,962:WARNING:c:\Emergency_traige_final\triage_env2\Lib\site-packages\sklearn\metrics\_classification.py:1561: UserWarning: Note that pos_label (set to 5) is ignored when average != 'binary' (got 'weighted'). You may use labels=[pos_label] to specify a single positive class.
  warnings.warn(

2026-03-07 08:15:32,962:WARNING:c:\Emergency_traige_final\triage_env2\Lib\site-packages\sklearn\metrics\_classification.py:1561: UserWarning: Note that pos_label (set to 5) is ignored when average != 'binary' (got 'weighted'). You may use labels=[pos_label] to specify a single positive class.
  warnings.warn(

2026-03-07 08:15:32,965:WARNING:c:\Emergency_traige_final\triage_env2\Lib\site-packages\sklearn\metrics\_classification.py:1561: UserWarning: Note that pos_label (set to 5) is ignored when average != 'binary' (got 'weighted'). You may use labels=[pos_label] to specify a single positive class.
  warnings.warn(

2026-03-07 08:15:32,965:WARNING:c:\Emergency_traige_final\triage_env2\Lib\site-packages\sklearn\metrics\_classification.py:1509: UndefinedMetricWarning: Precision is ill-defined and being set to 0.0 in labels with no predicted samples. Use `zero_division` parameter to control this behavior.
  _warn_prf(average, modifier, f"{metric.capitalize()} is", len(result))

2026-03-07 08:15:32,965:WARNING:c:\Emergency_traige_final\triage_env2\Lib\site-packages\sklearn\metrics\_classification.py:1561: UserWarning: Note that pos_label (set to 5) is ignored when average != 'binary' (got 'weighted'). You may use labels=[pos_label] to specify a single positive class.
  warnings.warn(

2026-03-07 08:15:32,993:WARNING:c:\Emergency_traige_final\triage_env2\Lib\site-packages\sklearn\metrics\_classification.py:1561: UserWarning: Note that pos_label (set to 5) is ignored when average != 'binary' (got 'weighted'). You may use labels=[pos_label] to specify a single positive class.
  warnings.warn(

2026-03-07 08:15:32,994:WARNING:c:\Emergency_traige_final\triage_env2\Lib\site-packages\sklearn\metrics\_classification.py:1561: UserWarning: Note that pos_label (set to 5) is ignored when average != 'binary' (got 'weighted'). You may use labels=[pos_label] to specify a single positive class.
  warnings.warn(

2026-03-07 08:15:32,996:WARNING:c:\Emergency_traige_final\triage_env2\Lib\site-packages\sklearn\metrics\_classification.py:1561: UserWarning: Note that pos_label (set to 5) is ignored when average != 'binary' (got 'weighted'). You may use labels=[pos_label] to specify a single positive class.
  warnings.warn(

2026-03-07 08:15:33,003:WARNING:c:\Emergency_traige_final\triage_env2\Lib\site-packages\sklearn\metrics\_classification.py:1561: UserWarning: Note that pos_label (set to 5) is ignored when average != 'binary' (got 'weighted'). You may use labels=[pos_label] to specify a single positive class.
  warnings.warn(

2026-03-07 08:15:33,004:WARNING:c:\Emergency_traige_final\triage_env2\Lib\site-packages\sklearn\metrics\_classification.py:1561: UserWarning: Note that pos_label (set to 5) is ignored when average != 'binary' (got 'weighted'). You may use labels=[pos_label] to specify a single positive class.
  warnings.warn(

2026-03-07 08:15:33,008:WARNING:c:\Emergency_traige_final\triage_env2\Lib\site-packages\sklearn\metrics\_classification.py:1561: UserWarning: Note that pos_label (set to 5) is ignored when average != 'binary' (got 'weighted'). You may use labels=[pos_label] to specify a single positive class.
  warnings.warn(

2026-03-07 08:15:33,015:WARNING:c:\Emergency_traige_final\triage_env2\Lib\site-packages\sklearn\metrics\_classification.py:1561: UserWarning: Note that pos_label (set to 5) is ignored when average != 'binary' (got 'weighted'). You may use labels=[pos_label] to specify a single positive class.
  warnings.warn(

2026-03-07 08:15:33,022:WARNING:c:\Emergency_traige_final\triage_env2\Lib\site-packages\sklearn\metrics\_classification.py:1561: UserWarning: Note that pos_label (set to 5) is ignored when average != 'binary' (got 'weighted'). You may use labels=[pos_label] to specify a single positive class.
  warnings.warn(

2026-03-07 08:15:33,022:WARNING:c:\Emergency_traige_final\triage_env2\Lib\site-packages\sklearn\metrics\_classification.py:1509: UndefinedMetricWarning: Precision is ill-defined and being set to 0.0 in labels with no predicted samples. Use `zero_division` parameter to control this behavior.
  _warn_prf(average, modifier, f"{metric.capitalize()} is", len(result))

2026-03-07 08:15:33,022:WARNING:c:\Emergency_traige_final\triage_env2\Lib\site-packages\sklearn\metrics\_classification.py:1561: UserWarning: Note that pos_label (set to 5) is ignored when average != 'binary' (got 'weighted'). You may use labels=[pos_label] to specify a single positive class.
  warnings.warn(

2026-03-07 08:15:33,036:INFO:Calculating mean and std
2026-03-07 08:15:33,036:INFO:Creating metrics dataframe
2026-03-07 08:15:33,038:INFO:Uploading results into container
2026-03-07 08:15:33,038:INFO:Uploading model into container now
2026-03-07 08:15:33,038:INFO:_master_model_container: 7
2026-03-07 08:15:33,038:INFO:_display_container: 2
2026-03-07 08:15:33,038:INFO:RandomForestClassifier(bootstrap=True, ccp_alpha=0.0, class_weight=None,
                       criterion='gini', max_depth=None, max_features='sqrt',
                       max_leaf_nodes=None, max_samples=None,
                       min_impurity_decrease=0.0, min_samples_leaf=1,
                       min_samples_split=2, min_weight_fraction_leaf=0.0,
                       monotonic_cst=None, n_estimators=100, n_jobs=-1,
                       oob_score=False, random_state=123, verbose=0,
                       warm_start=False)
2026-03-07 08:15:33,038:INFO:create_model() successfully completed......................................
2026-03-07 08:15:33,155:INFO:SubProcess create_model() end ==================================
2026-03-07 08:15:33,155:INFO:Creating metrics dataframe
2026-03-07 08:15:33,171:INFO:Initializing Quadratic Discriminant Analysis
2026-03-07 08:15:33,171:INFO:Total runtime is 0.28235616683959963 minutes
2026-03-07 08:15:33,178:INFO:SubProcess create_model() called ==================================
2026-03-07 08:15:33,178:INFO:Initializing create_model()
2026-03-07 08:15:33,178:INFO:create_model(self=<pycaret.classification.oop.ClassificationExperiment object at 0x0000026B27D21B50>, estimator=qda, fold=StratifiedKFold(n_splits=5, random_state=None, shuffle=False), round=4, cross_validation=True, predict=True, fit_kwargs={}, groups=None, refit=False, probability_threshold=None, experiment_custom_tags=None, verbose=False, system=False, add_to_model_list=True, metrics=None, display=<pycaret.internal.display.display.CommonDisplay object at 0x0000026B26F29950>, model_only=True, return_train_score=False, error_score=0.0, kwargs={})
2026-03-07 08:15:33,178:INFO:Checking exceptions
2026-03-07 08:15:33,178:INFO:Importing libraries
2026-03-07 08:15:33,178:INFO:Copying training dataset
2026-03-07 08:15:33,188:INFO:Defining folds
2026-03-07 08:15:33,188:INFO:Declaring metric variables
2026-03-07 08:15:33,194:INFO:Importing untrained model
2026-03-07 08:15:33,194:INFO:Quadratic Discriminant Analysis Imported successfully
2026-03-07 08:15:33,208:INFO:Starting cross validation
2026-03-07 08:15:33,213:INFO:Cross validating with StratifiedKFold(n_splits=5, random_state=None, shuffle=False), n_jobs=-1
2026-03-07 08:15:33,370:WARNING:c:\Emergency_traige_final\triage_env2\Lib\site-packages\sklearn\discriminant_analysis.py:935: UserWarning: Variables are collinear
  warnings.warn("Variables are collinear")

2026-03-07 08:15:33,370:WARNING:c:\Emergency_traige_final\triage_env2\Lib\site-packages\sklearn\discriminant_analysis.py:935: UserWarning: Variables are collinear
  warnings.warn("Variables are collinear")

2026-03-07 08:15:33,370:WARNING:c:\Emergency_traige_final\triage_env2\Lib\site-packages\sklearn\discriminant_analysis.py:935: UserWarning: Variables are collinear
  warnings.warn("Variables are collinear")

2026-03-07 08:15:33,370:WARNING:c:\Emergency_traige_final\triage_env2\Lib\site-packages\sklearn\discriminant_analysis.py:935: UserWarning: Variables are collinear
  warnings.warn("Variables are collinear")

2026-03-07 08:15:33,389:WARNING:c:\Emergency_traige_final\triage_env2\Lib\site-packages\sklearn\discriminant_analysis.py:935: UserWarning: Variables are collinear
  warnings.warn("Variables are collinear")

2026-03-07 08:15:33,428:WARNING:c:\Emergency_traige_final\triage_env2\Lib\site-packages\pycaret\internal\metrics.py:204: FitFailedWarning: Metric 'make_scorer(roc_auc_score, response_method=('decision_function', 'predict_proba'), average=weighted, multi_class=ovr)' failed and error score 0.0 has been returned instead. If this is a custom metric, this usually means that the error is in the metric code. Full exception below:
Traceback (most recent call last):
  File "c:\Emergency_traige_final\triage_env2\Lib\site-packages\pycaret\internal\metrics.py", line 196, in _score
    return super()._score(
           ^^^^^^^^^^^^^^^
  File "c:\Emergency_traige_final\triage_env2\Lib\site-packages\sklearn\metrics\_scorer.py", line 350, in _score
    return self._sign * self._score_func(y_true, y_pred, **scoring_kwargs)
                        ^^^^^^^^^^^^^^^^^^^^^^^^^^^^^^^^^^^^^^^^^^^^^^^^^^
  File "c:\Emergency_traige_final\triage_env2\Lib\site-packages\pycaret\internal\metrics.py", line 144, in __call__
    return self.score_func(y_true, y_pred, **kwargs)
           ^^^^^^^^^^^^^^^^^^^^^^^^^^^^^^^^^^^^^^^^^
  File "c:\Emergency_traige_final\triage_env2\Lib\site-packages\sklearn\utils\_param_validation.py", line 213, in wrapper
    return func(*args, **kwargs)
           ^^^^^^^^^^^^^^^^^^^^^
  File "c:\Emergency_traige_final\triage_env2\Lib\site-packages\sklearn\metrics\_ranking.py", line 634, in roc_auc_score
    return _multiclass_roc_auc_score(
           ^^^^^^^^^^^^^^^^^^^^^^^^^^
  File "c:\Emergency_traige_final\triage_env2\Lib\site-packages\sklearn\metrics\_ranking.py", line 707, in _multiclass_roc_auc_score
    raise ValueError(
ValueError: Target scores need to be probabilities for multiclass roc_auc, i.e. they should sum up to 1.0 over classes

  warnings.warn(

2026-03-07 08:15:33,428:WARNING:c:\Emergency_traige_final\triage_env2\Lib\site-packages\sklearn\metrics\_classification.py:1561: UserWarning: Note that pos_label (set to 5) is ignored when average != 'binary' (got 'weighted'). You may use labels=[pos_label] to specify a single positive class.
  warnings.warn(

2026-03-07 08:15:33,431:WARNING:c:\Emergency_traige_final\triage_env2\Lib\site-packages\pycaret\internal\metrics.py:204: FitFailedWarning: Metric 'make_scorer(roc_auc_score, response_method=('decision_function', 'predict_proba'), average=weighted, multi_class=ovr)' failed and error score 0.0 has been returned instead. If this is a custom metric, this usually means that the error is in the metric code. Full exception below:
Traceback (most recent call last):
  File "c:\Emergency_traige_final\triage_env2\Lib\site-packages\pycaret\internal\metrics.py", line 196, in _score
    return super()._score(
           ^^^^^^^^^^^^^^^
  File "c:\Emergency_traige_final\triage_env2\Lib\site-packages\sklearn\metrics\_scorer.py", line 350, in _score
    return self._sign * self._score_func(y_true, y_pred, **scoring_kwargs)
                        ^^^^^^^^^^^^^^^^^^^^^^^^^^^^^^^^^^^^^^^^^^^^^^^^^^
  File "c:\Emergency_traige_final\triage_env2\Lib\site-packages\pycaret\internal\metrics.py", line 144, in __call__
    return self.score_func(y_true, y_pred, **kwargs)
           ^^^^^^^^^^^^^^^^^^^^^^^^^^^^^^^^^^^^^^^^^
  File "c:\Emergency_traige_final\triage_env2\Lib\site-packages\sklearn\utils\_param_validation.py", line 213, in wrapper
    return func(*args, **kwargs)
           ^^^^^^^^^^^^^^^^^^^^^
  File "c:\Emergency_traige_final\triage_env2\Lib\site-packages\sklearn\metrics\_ranking.py", line 634, in roc_auc_score
    return _multiclass_roc_auc_score(
           ^^^^^^^^^^^^^^^^^^^^^^^^^^
  File "c:\Emergency_traige_final\triage_env2\Lib\site-packages\sklearn\metrics\_ranking.py", line 707, in _multiclass_roc_auc_score
    raise ValueError(
ValueError: Target scores need to be probabilities for multiclass roc_auc, i.e. they should sum up to 1.0 over classes

  warnings.warn(

2026-03-07 08:15:33,431:WARNING:c:\Emergency_traige_final\triage_env2\Lib\site-packages\sklearn\metrics\_classification.py:1561: UserWarning: Note that pos_label (set to 5) is ignored when average != 'binary' (got 'weighted'). You may use labels=[pos_label] to specify a single positive class.
  warnings.warn(

2026-03-07 08:15:33,433:WARNING:c:\Emergency_traige_final\triage_env2\Lib\site-packages\pycaret\internal\metrics.py:204: FitFailedWarning: Metric 'make_scorer(roc_auc_score, response_method=('decision_function', 'predict_proba'), average=weighted, multi_class=ovr)' failed and error score 0.0 has been returned instead. If this is a custom metric, this usually means that the error is in the metric code. Full exception below:
Traceback (most recent call last):
  File "c:\Emergency_traige_final\triage_env2\Lib\site-packages\pycaret\internal\metrics.py", line 196, in _score
    return super()._score(
           ^^^^^^^^^^^^^^^
  File "c:\Emergency_traige_final\triage_env2\Lib\site-packages\sklearn\metrics\_scorer.py", line 350, in _score
    return self._sign * self._score_func(y_true, y_pred, **scoring_kwargs)
                        ^^^^^^^^^^^^^^^^^^^^^^^^^^^^^^^^^^^^^^^^^^^^^^^^^^
  File "c:\Emergency_traige_final\triage_env2\Lib\site-packages\pycaret\internal\metrics.py", line 144, in __call__
    return self.score_func(y_true, y_pred, **kwargs)
           ^^^^^^^^^^^^^^^^^^^^^^^^^^^^^^^^^^^^^^^^^
  File "c:\Emergency_traige_final\triage_env2\Lib\site-packages\sklearn\utils\_param_validation.py", line 213, in wrapper
    return func(*args, **kwargs)
           ^^^^^^^^^^^^^^^^^^^^^
  File "c:\Emergency_traige_final\triage_env2\Lib\site-packages\sklearn\metrics\_ranking.py", line 634, in roc_auc_score
    return _multiclass_roc_auc_score(
           ^^^^^^^^^^^^^^^^^^^^^^^^^^
  File "c:\Emergency_traige_final\triage_env2\Lib\site-packages\sklearn\metrics\_ranking.py", line 707, in _multiclass_roc_auc_score
    raise ValueError(
ValueError: Target scores need to be probabilities for multiclass roc_auc, i.e. they should sum up to 1.0 over classes

  warnings.warn(

2026-03-07 08:15:33,433:WARNING:c:\Emergency_traige_final\triage_env2\Lib\site-packages\sklearn\metrics\_classification.py:1509: UndefinedMetricWarning: Precision is ill-defined and being set to 0.0 in labels with no predicted samples. Use `zero_division` parameter to control this behavior.
  _warn_prf(average, modifier, f"{metric.capitalize()} is", len(result))

2026-03-07 08:15:33,433:WARNING:c:\Emergency_traige_final\triage_env2\Lib\site-packages\sklearn\metrics\_classification.py:1561: UserWarning: Note that pos_label (set to 5) is ignored when average != 'binary' (got 'weighted'). You may use labels=[pos_label] to specify a single positive class.
  warnings.warn(

2026-03-07 08:15:33,433:WARNING:c:\Emergency_traige_final\triage_env2\Lib\site-packages\pycaret\internal\metrics.py:204: FitFailedWarning: Metric 'make_scorer(roc_auc_score, response_method=('decision_function', 'predict_proba'), average=weighted, multi_class=ovr)' failed and error score 0.0 has been returned instead. If this is a custom metric, this usually means that the error is in the metric code. Full exception below:
Traceback (most recent call last):
  File "c:\Emergency_traige_final\triage_env2\Lib\site-packages\pycaret\internal\metrics.py", line 196, in _score
    return super()._score(
           ^^^^^^^^^^^^^^^
  File "c:\Emergency_traige_final\triage_env2\Lib\site-packages\sklearn\metrics\_scorer.py", line 350, in _score
    return self._sign * self._score_func(y_true, y_pred, **scoring_kwargs)
                        ^^^^^^^^^^^^^^^^^^^^^^^^^^^^^^^^^^^^^^^^^^^^^^^^^^
  File "c:\Emergency_traige_final\triage_env2\Lib\site-packages\pycaret\internal\metrics.py", line 144, in __call__
    return self.score_func(y_true, y_pred, **kwargs)
           ^^^^^^^^^^^^^^^^^^^^^^^^^^^^^^^^^^^^^^^^^
  File "c:\Emergency_traige_final\triage_env2\Lib\site-packages\sklearn\utils\_param_validation.py", line 213, in wrapper
    return func(*args, **kwargs)
           ^^^^^^^^^^^^^^^^^^^^^
  File "c:\Emergency_traige_final\triage_env2\Lib\site-packages\sklearn\metrics\_ranking.py", line 634, in roc_auc_score
    return _multiclass_roc_auc_score(
           ^^^^^^^^^^^^^^^^^^^^^^^^^^
  File "c:\Emergency_traige_final\triage_env2\Lib\site-packages\sklearn\metrics\_ranking.py", line 707, in _multiclass_roc_auc_score
    raise ValueError(
ValueError: Target scores need to be probabilities for multiclass roc_auc, i.e. they should sum up to 1.0 over classes

  warnings.warn(

2026-03-07 08:15:33,433:WARNING:c:\Emergency_traige_final\triage_env2\Lib\site-packages\sklearn\metrics\_classification.py:1561: UserWarning: Note that pos_label (set to 5) is ignored when average != 'binary' (got 'weighted'). You may use labels=[pos_label] to specify a single positive class.
  warnings.warn(

2026-03-07 08:15:33,433:WARNING:c:\Emergency_traige_final\triage_env2\Lib\site-packages\sklearn\metrics\_classification.py:1561: UserWarning: Note that pos_label (set to 5) is ignored when average != 'binary' (got 'weighted'). You may use labels=[pos_label] to specify a single positive class.
  warnings.warn(

2026-03-07 08:15:33,435:WARNING:c:\Emergency_traige_final\triage_env2\Lib\site-packages\sklearn\metrics\_classification.py:1561: UserWarning: Note that pos_label (set to 5) is ignored when average != 'binary' (got 'weighted'). You may use labels=[pos_label] to specify a single positive class.
  warnings.warn(

2026-03-07 08:15:33,436:WARNING:c:\Emergency_traige_final\triage_env2\Lib\site-packages\sklearn\metrics\_classification.py:1561: UserWarning: Note that pos_label (set to 5) is ignored when average != 'binary' (got 'weighted'). You may use labels=[pos_label] to specify a single positive class.
  warnings.warn(

2026-03-07 08:15:33,436:WARNING:c:\Emergency_traige_final\triage_env2\Lib\site-packages\sklearn\metrics\_classification.py:1561: UserWarning: Note that pos_label (set to 5) is ignored when average != 'binary' (got 'weighted'). You may use labels=[pos_label] to specify a single positive class.
  warnings.warn(

2026-03-07 08:15:33,436:WARNING:c:\Emergency_traige_final\triage_env2\Lib\site-packages\sklearn\metrics\_classification.py:1509: UndefinedMetricWarning: Precision is ill-defined and being set to 0.0 in labels with no predicted samples. Use `zero_division` parameter to control this behavior.
  _warn_prf(average, modifier, f"{metric.capitalize()} is", len(result))

2026-03-07 08:15:33,438:WARNING:c:\Emergency_traige_final\triage_env2\Lib\site-packages\sklearn\metrics\_classification.py:1561: UserWarning: Note that pos_label (set to 5) is ignored when average != 'binary' (got 'weighted'). You may use labels=[pos_label] to specify a single positive class.
  warnings.warn(

2026-03-07 08:15:33,438:WARNING:c:\Emergency_traige_final\triage_env2\Lib\site-packages\sklearn\metrics\_classification.py:1509: UndefinedMetricWarning: Precision is ill-defined and being set to 0.0 in labels with no predicted samples. Use `zero_division` parameter to control this behavior.
  _warn_prf(average, modifier, f"{metric.capitalize()} is", len(result))

2026-03-07 08:15:33,438:WARNING:c:\Emergency_traige_final\triage_env2\Lib\site-packages\sklearn\metrics\_classification.py:1561: UserWarning: Note that pos_label (set to 5) is ignored when average != 'binary' (got 'weighted'). You may use labels=[pos_label] to specify a single positive class.
  warnings.warn(

2026-03-07 08:15:33,438:WARNING:c:\Emergency_traige_final\triage_env2\Lib\site-packages\sklearn\metrics\_classification.py:1509: UndefinedMetricWarning: Precision is ill-defined and being set to 0.0 in labels with no predicted samples. Use `zero_division` parameter to control this behavior.
  _warn_prf(average, modifier, f"{metric.capitalize()} is", len(result))

2026-03-07 08:15:33,440:WARNING:c:\Emergency_traige_final\triage_env2\Lib\site-packages\sklearn\metrics\_classification.py:1561: UserWarning: Note that pos_label (set to 5) is ignored when average != 'binary' (got 'weighted'). You may use labels=[pos_label] to specify a single positive class.
  warnings.warn(

2026-03-07 08:15:33,444:WARNING:c:\Emergency_traige_final\triage_env2\Lib\site-packages\pycaret\internal\metrics.py:204: FitFailedWarning: Metric 'make_scorer(roc_auc_score, response_method=('decision_function', 'predict_proba'), average=weighted, multi_class=ovr)' failed and error score 0.0 has been returned instead. If this is a custom metric, this usually means that the error is in the metric code. Full exception below:
Traceback (most recent call last):
  File "c:\Emergency_traige_final\triage_env2\Lib\site-packages\pycaret\internal\metrics.py", line 196, in _score
    return super()._score(
           ^^^^^^^^^^^^^^^
  File "c:\Emergency_traige_final\triage_env2\Lib\site-packages\sklearn\metrics\_scorer.py", line 350, in _score
    return self._sign * self._score_func(y_true, y_pred, **scoring_kwargs)
                        ^^^^^^^^^^^^^^^^^^^^^^^^^^^^^^^^^^^^^^^^^^^^^^^^^^
  File "c:\Emergency_traige_final\triage_env2\Lib\site-packages\pycaret\internal\metrics.py", line 144, in __call__
    return self.score_func(y_true, y_pred, **kwargs)
           ^^^^^^^^^^^^^^^^^^^^^^^^^^^^^^^^^^^^^^^^^
  File "c:\Emergency_traige_final\triage_env2\Lib\site-packages\sklearn\utils\_param_validation.py", line 213, in wrapper
    return func(*args, **kwargs)
           ^^^^^^^^^^^^^^^^^^^^^
  File "c:\Emergency_traige_final\triage_env2\Lib\site-packages\sklearn\metrics\_ranking.py", line 634, in roc_auc_score
    return _multiclass_roc_auc_score(
           ^^^^^^^^^^^^^^^^^^^^^^^^^^
  File "c:\Emergency_traige_final\triage_env2\Lib\site-packages\sklearn\metrics\_ranking.py", line 707, in _multiclass_roc_auc_score
    raise ValueError(
ValueError: Target scores need to be probabilities for multiclass roc_auc, i.e. they should sum up to 1.0 over classes

  warnings.warn(

2026-03-07 08:15:33,444:WARNING:c:\Emergency_traige_final\triage_env2\Lib\site-packages\sklearn\metrics\_classification.py:1561: UserWarning: Note that pos_label (set to 5) is ignored when average != 'binary' (got 'weighted'). You may use labels=[pos_label] to specify a single positive class.
  warnings.warn(

2026-03-07 08:15:33,451:WARNING:c:\Emergency_traige_final\triage_env2\Lib\site-packages\sklearn\metrics\_classification.py:1561: UserWarning: Note that pos_label (set to 5) is ignored when average != 'binary' (got 'weighted'). You may use labels=[pos_label] to specify a single positive class.
  warnings.warn(

2026-03-07 08:15:33,452:WARNING:c:\Emergency_traige_final\triage_env2\Lib\site-packages\sklearn\metrics\_classification.py:1509: UndefinedMetricWarning: Precision is ill-defined and being set to 0.0 in labels with no predicted samples. Use `zero_division` parameter to control this behavior.
  _warn_prf(average, modifier, f"{metric.capitalize()} is", len(result))

2026-03-07 08:15:33,452:WARNING:c:\Emergency_traige_final\triage_env2\Lib\site-packages\sklearn\metrics\_classification.py:1561: UserWarning: Note that pos_label (set to 5) is ignored when average != 'binary' (got 'weighted'). You may use labels=[pos_label] to specify a single positive class.
  warnings.warn(

2026-03-07 08:15:33,461:INFO:Calculating mean and std
2026-03-07 08:15:33,461:INFO:Creating metrics dataframe
2026-03-07 08:15:33,465:INFO:Uploading results into container
2026-03-07 08:15:33,465:INFO:Uploading model into container now
2026-03-07 08:15:33,465:INFO:_master_model_container: 8
2026-03-07 08:15:33,465:INFO:_display_container: 2
2026-03-07 08:15:33,465:INFO:QuadraticDiscriminantAnalysis(priors=None, reg_param=0.0,
                              store_covariance=False, tol=0.0001)
2026-03-07 08:15:33,465:INFO:create_model() successfully completed......................................
2026-03-07 08:15:33,570:INFO:SubProcess create_model() end ==================================
2026-03-07 08:15:33,570:INFO:Creating metrics dataframe
2026-03-07 08:15:33,585:INFO:Initializing Ada Boost Classifier
2026-03-07 08:15:33,585:INFO:Total runtime is 0.2892584602038066 minutes
2026-03-07 08:15:33,585:INFO:SubProcess create_model() called ==================================
2026-03-07 08:15:33,585:INFO:Initializing create_model()
2026-03-07 08:15:33,585:INFO:create_model(self=<pycaret.classification.oop.ClassificationExperiment object at 0x0000026B27D21B50>, estimator=ada, fold=StratifiedKFold(n_splits=5, random_state=None, shuffle=False), round=4, cross_validation=True, predict=True, fit_kwargs={}, groups=None, refit=False, probability_threshold=None, experiment_custom_tags=None, verbose=False, system=False, add_to_model_list=True, metrics=None, display=<pycaret.internal.display.display.CommonDisplay object at 0x0000026B26F29950>, model_only=True, return_train_score=False, error_score=0.0, kwargs={})
2026-03-07 08:15:33,585:INFO:Checking exceptions
2026-03-07 08:15:33,585:INFO:Importing libraries
2026-03-07 08:15:33,585:INFO:Copying training dataset
2026-03-07 08:15:33,593:INFO:Defining folds
2026-03-07 08:15:33,597:INFO:Declaring metric variables
2026-03-07 08:15:33,600:INFO:Importing untrained model
2026-03-07 08:15:33,600:INFO:Ada Boost Classifier Imported successfully
2026-03-07 08:15:33,608:INFO:Starting cross validation
2026-03-07 08:15:33,618:INFO:Cross validating with StratifiedKFold(n_splits=5, random_state=None, shuffle=False), n_jobs=-1
2026-03-07 08:15:33,781:WARNING:c:\Emergency_traige_final\triage_env2\Lib\site-packages\sklearn\ensemble\_weight_boosting.py:519: FutureWarning: The SAMME.R algorithm (the default) is deprecated and will be removed in 1.6. Use the SAMME algorithm to circumvent this warning.
  warnings.warn(

2026-03-07 08:15:33,783:WARNING:c:\Emergency_traige_final\triage_env2\Lib\site-packages\sklearn\ensemble\_weight_boosting.py:519: FutureWarning: The SAMME.R algorithm (the default) is deprecated and will be removed in 1.6. Use the SAMME algorithm to circumvent this warning.
  warnings.warn(

2026-03-07 08:15:33,785:WARNING:c:\Emergency_traige_final\triage_env2\Lib\site-packages\sklearn\ensemble\_weight_boosting.py:519: FutureWarning: The SAMME.R algorithm (the default) is deprecated and will be removed in 1.6. Use the SAMME algorithm to circumvent this warning.
  warnings.warn(

2026-03-07 08:15:33,817:WARNING:c:\Emergency_traige_final\triage_env2\Lib\site-packages\sklearn\ensemble\_weight_boosting.py:519: FutureWarning: The SAMME.R algorithm (the default) is deprecated and will be removed in 1.6. Use the SAMME algorithm to circumvent this warning.
  warnings.warn(

2026-03-07 08:15:33,819:WARNING:c:\Emergency_traige_final\triage_env2\Lib\site-packages\sklearn\ensemble\_weight_boosting.py:519: FutureWarning: The SAMME.R algorithm (the default) is deprecated and will be removed in 1.6. Use the SAMME algorithm to circumvent this warning.
  warnings.warn(

2026-03-07 08:15:33,963:WARNING:c:\Emergency_traige_final\triage_env2\Lib\site-packages\pycaret\internal\metrics.py:204: FitFailedWarning: Metric 'make_scorer(roc_auc_score, response_method=('decision_function', 'predict_proba'), average=weighted, multi_class=ovr)' failed and error score 0.0 has been returned instead. If this is a custom metric, this usually means that the error is in the metric code. Full exception below:
Traceback (most recent call last):
  File "c:\Emergency_traige_final\triage_env2\Lib\site-packages\pycaret\internal\metrics.py", line 196, in _score
    return super()._score(
           ^^^^^^^^^^^^^^^
  File "c:\Emergency_traige_final\triage_env2\Lib\site-packages\sklearn\metrics\_scorer.py", line 350, in _score
    return self._sign * self._score_func(y_true, y_pred, **scoring_kwargs)
                        ^^^^^^^^^^^^^^^^^^^^^^^^^^^^^^^^^^^^^^^^^^^^^^^^^^
  File "c:\Emergency_traige_final\triage_env2\Lib\site-packages\pycaret\internal\metrics.py", line 144, in __call__
    return self.score_func(y_true, y_pred, **kwargs)
           ^^^^^^^^^^^^^^^^^^^^^^^^^^^^^^^^^^^^^^^^^
  File "c:\Emergency_traige_final\triage_env2\Lib\site-packages\sklearn\utils\_param_validation.py", line 213, in wrapper
    return func(*args, **kwargs)
           ^^^^^^^^^^^^^^^^^^^^^
  File "c:\Emergency_traige_final\triage_env2\Lib\site-packages\sklearn\metrics\_ranking.py", line 634, in roc_auc_score
    return _multiclass_roc_auc_score(
           ^^^^^^^^^^^^^^^^^^^^^^^^^^
  File "c:\Emergency_traige_final\triage_env2\Lib\site-packages\sklearn\metrics\_ranking.py", line 707, in _multiclass_roc_auc_score
    raise ValueError(
ValueError: Target scores need to be probabilities for multiclass roc_auc, i.e. they should sum up to 1.0 over classes

  warnings.warn(

2026-03-07 08:15:33,965:WARNING:c:\Emergency_traige_final\triage_env2\Lib\site-packages\sklearn\metrics\_classification.py:1561: UserWarning: Note that pos_label (set to 5) is ignored when average != 'binary' (got 'weighted'). You may use labels=[pos_label] to specify a single positive class.
  warnings.warn(

2026-03-07 08:15:33,967:WARNING:c:\Emergency_traige_final\triage_env2\Lib\site-packages\sklearn\metrics\_classification.py:1561: UserWarning: Note that pos_label (set to 5) is ignored when average != 'binary' (got 'weighted'). You may use labels=[pos_label] to specify a single positive class.
  warnings.warn(

2026-03-07 08:15:33,968:WARNING:c:\Emergency_traige_final\triage_env2\Lib\site-packages\sklearn\metrics\_classification.py:1509: UndefinedMetricWarning: Precision is ill-defined and being set to 0.0 in labels with no predicted samples. Use `zero_division` parameter to control this behavior.
  _warn_prf(average, modifier, f"{metric.capitalize()} is", len(result))

2026-03-07 08:15:33,969:WARNING:c:\Emergency_traige_final\triage_env2\Lib\site-packages\sklearn\metrics\_classification.py:1561: UserWarning: Note that pos_label (set to 5) is ignored when average != 'binary' (got 'weighted'). You may use labels=[pos_label] to specify a single positive class.
  warnings.warn(

2026-03-07 08:15:33,975:WARNING:c:\Emergency_traige_final\triage_env2\Lib\site-packages\pycaret\internal\metrics.py:204: FitFailedWarning: Metric 'make_scorer(roc_auc_score, response_method=('decision_function', 'predict_proba'), average=weighted, multi_class=ovr)' failed and error score 0.0 has been returned instead. If this is a custom metric, this usually means that the error is in the metric code. Full exception below:
Traceback (most recent call last):
  File "c:\Emergency_traige_final\triage_env2\Lib\site-packages\pycaret\internal\metrics.py", line 196, in _score
    return super()._score(
           ^^^^^^^^^^^^^^^
  File "c:\Emergency_traige_final\triage_env2\Lib\site-packages\sklearn\metrics\_scorer.py", line 350, in _score
    return self._sign * self._score_func(y_true, y_pred, **scoring_kwargs)
                        ^^^^^^^^^^^^^^^^^^^^^^^^^^^^^^^^^^^^^^^^^^^^^^^^^^
  File "c:\Emergency_traige_final\triage_env2\Lib\site-packages\pycaret\internal\metrics.py", line 144, in __call__
    return self.score_func(y_true, y_pred, **kwargs)
           ^^^^^^^^^^^^^^^^^^^^^^^^^^^^^^^^^^^^^^^^^
  File "c:\Emergency_traige_final\triage_env2\Lib\site-packages\sklearn\utils\_param_validation.py", line 213, in wrapper
    return func(*args, **kwargs)
           ^^^^^^^^^^^^^^^^^^^^^
  File "c:\Emergency_traige_final\triage_env2\Lib\site-packages\sklearn\metrics\_ranking.py", line 634, in roc_auc_score
    return _multiclass_roc_auc_score(
           ^^^^^^^^^^^^^^^^^^^^^^^^^^
  File "c:\Emergency_traige_final\triage_env2\Lib\site-packages\sklearn\metrics\_ranking.py", line 707, in _multiclass_roc_auc_score
    raise ValueError(
ValueError: Target scores need to be probabilities for multiclass roc_auc, i.e. they should sum up to 1.0 over classes

  warnings.warn(

2026-03-07 08:15:33,975:WARNING:c:\Emergency_traige_final\triage_env2\Lib\site-packages\pycaret\internal\metrics.py:204: FitFailedWarning: Metric 'make_scorer(roc_auc_score, response_method=('decision_function', 'predict_proba'), average=weighted, multi_class=ovr)' failed and error score 0.0 has been returned instead. If this is a custom metric, this usually means that the error is in the metric code. Full exception below:
Traceback (most recent call last):
  File "c:\Emergency_traige_final\triage_env2\Lib\site-packages\pycaret\internal\metrics.py", line 196, in _score
    return super()._score(
           ^^^^^^^^^^^^^^^
  File "c:\Emergency_traige_final\triage_env2\Lib\site-packages\sklearn\metrics\_scorer.py", line 350, in _score
    return self._sign * self._score_func(y_true, y_pred, **scoring_kwargs)
                        ^^^^^^^^^^^^^^^^^^^^^^^^^^^^^^^^^^^^^^^^^^^^^^^^^^
  File "c:\Emergency_traige_final\triage_env2\Lib\site-packages\pycaret\internal\metrics.py", line 144, in __call__
    return self.score_func(y_true, y_pred, **kwargs)
           ^^^^^^^^^^^^^^^^^^^^^^^^^^^^^^^^^^^^^^^^^
  File "c:\Emergency_traige_final\triage_env2\Lib\site-packages\sklearn\utils\_param_validation.py", line 213, in wrapper
    return func(*args, **kwargs)
           ^^^^^^^^^^^^^^^^^^^^^
  File "c:\Emergency_traige_final\triage_env2\Lib\site-packages\sklearn\metrics\_ranking.py", line 634, in roc_auc_score
    return _multiclass_roc_auc_score(
           ^^^^^^^^^^^^^^^^^^^^^^^^^^
  File "c:\Emergency_traige_final\triage_env2\Lib\site-packages\sklearn\metrics\_ranking.py", line 707, in _multiclass_roc_auc_score
    raise ValueError(
ValueError: Target scores need to be probabilities for multiclass roc_auc, i.e. they should sum up to 1.0 over classes

  warnings.warn(

2026-03-07 08:15:33,975:WARNING:c:\Emergency_traige_final\triage_env2\Lib\site-packages\sklearn\metrics\_classification.py:1561: UserWarning: Note that pos_label (set to 5) is ignored when average != 'binary' (got 'weighted'). You may use labels=[pos_label] to specify a single positive class.
  warnings.warn(

2026-03-07 08:15:33,979:WARNING:c:\Emergency_traige_final\triage_env2\Lib\site-packages\sklearn\metrics\_classification.py:1561: UserWarning: Note that pos_label (set to 5) is ignored when average != 'binary' (got 'weighted'). You may use labels=[pos_label] to specify a single positive class.
  warnings.warn(

2026-03-07 08:15:33,981:WARNING:c:\Emergency_traige_final\triage_env2\Lib\site-packages\sklearn\metrics\_classification.py:1561: UserWarning: Note that pos_label (set to 5) is ignored when average != 'binary' (got 'weighted'). You may use labels=[pos_label] to specify a single positive class.
  warnings.warn(

2026-03-07 08:15:33,982:WARNING:c:\Emergency_traige_final\triage_env2\Lib\site-packages\sklearn\metrics\_classification.py:1561: UserWarning: Note that pos_label (set to 5) is ignored when average != 'binary' (got 'weighted'). You may use labels=[pos_label] to specify a single positive class.
  warnings.warn(

2026-03-07 08:15:33,983:WARNING:c:\Emergency_traige_final\triage_env2\Lib\site-packages\sklearn\metrics\_classification.py:1509: UndefinedMetricWarning: Precision is ill-defined and being set to 0.0 in labels with no predicted samples. Use `zero_division` parameter to control this behavior.
  _warn_prf(average, modifier, f"{metric.capitalize()} is", len(result))

2026-03-07 08:15:33,983:WARNING:c:\Emergency_traige_final\triage_env2\Lib\site-packages\sklearn\metrics\_classification.py:1509: UndefinedMetricWarning: Precision is ill-defined and being set to 0.0 in labels with no predicted samples. Use `zero_division` parameter to control this behavior.
  _warn_prf(average, modifier, f"{metric.capitalize()} is", len(result))

2026-03-07 08:15:33,983:WARNING:c:\Emergency_traige_final\triage_env2\Lib\site-packages\sklearn\metrics\_classification.py:1561: UserWarning: Note that pos_label (set to 5) is ignored when average != 'binary' (got 'weighted'). You may use labels=[pos_label] to specify a single positive class.
  warnings.warn(

2026-03-07 08:15:33,983:WARNING:c:\Emergency_traige_final\triage_env2\Lib\site-packages\sklearn\metrics\_classification.py:1561: UserWarning: Note that pos_label (set to 5) is ignored when average != 'binary' (got 'weighted'). You may use labels=[pos_label] to specify a single positive class.
  warnings.warn(

2026-03-07 08:15:34,002:WARNING:c:\Emergency_traige_final\triage_env2\Lib\site-packages\pycaret\internal\metrics.py:204: FitFailedWarning: Metric 'make_scorer(roc_auc_score, response_method=('decision_function', 'predict_proba'), average=weighted, multi_class=ovr)' failed and error score 0.0 has been returned instead. If this is a custom metric, this usually means that the error is in the metric code. Full exception below:
Traceback (most recent call last):
  File "c:\Emergency_traige_final\triage_env2\Lib\site-packages\pycaret\internal\metrics.py", line 196, in _score
    return super()._score(
           ^^^^^^^^^^^^^^^
  File "c:\Emergency_traige_final\triage_env2\Lib\site-packages\sklearn\metrics\_scorer.py", line 350, in _score
    return self._sign * self._score_func(y_true, y_pred, **scoring_kwargs)
                        ^^^^^^^^^^^^^^^^^^^^^^^^^^^^^^^^^^^^^^^^^^^^^^^^^^
  File "c:\Emergency_traige_final\triage_env2\Lib\site-packages\pycaret\internal\metrics.py", line 144, in __call__
    return self.score_func(y_true, y_pred, **kwargs)
           ^^^^^^^^^^^^^^^^^^^^^^^^^^^^^^^^^^^^^^^^^
  File "c:\Emergency_traige_final\triage_env2\Lib\site-packages\sklearn\utils\_param_validation.py", line 213, in wrapper
    return func(*args, **kwargs)
           ^^^^^^^^^^^^^^^^^^^^^
  File "c:\Emergency_traige_final\triage_env2\Lib\site-packages\sklearn\metrics\_ranking.py", line 634, in roc_auc_score
    return _multiclass_roc_auc_score(
           ^^^^^^^^^^^^^^^^^^^^^^^^^^
  File "c:\Emergency_traige_final\triage_env2\Lib\site-packages\sklearn\metrics\_ranking.py", line 707, in _multiclass_roc_auc_score
    raise ValueError(
ValueError: Target scores need to be probabilities for multiclass roc_auc, i.e. they should sum up to 1.0 over classes

  warnings.warn(

2026-03-07 08:15:34,002:WARNING:c:\Emergency_traige_final\triage_env2\Lib\site-packages\sklearn\metrics\_classification.py:1561: UserWarning: Note that pos_label (set to 5) is ignored when average != 'binary' (got 'weighted'). You may use labels=[pos_label] to specify a single positive class.
  warnings.warn(

2026-03-07 08:15:34,002:WARNING:c:\Emergency_traige_final\triage_env2\Lib\site-packages\sklearn\metrics\_classification.py:1561: UserWarning: Note that pos_label (set to 5) is ignored when average != 'binary' (got 'weighted'). You may use labels=[pos_label] to specify a single positive class.
  warnings.warn(

2026-03-07 08:15:34,002:WARNING:c:\Emergency_traige_final\triage_env2\Lib\site-packages\sklearn\metrics\_classification.py:1561: UserWarning: Note that pos_label (set to 5) is ignored when average != 'binary' (got 'weighted'). You may use labels=[pos_label] to specify a single positive class.
  warnings.warn(

2026-03-07 08:15:34,006:WARNING:c:\Emergency_traige_final\triage_env2\Lib\site-packages\sklearn\metrics\_classification.py:1509: UndefinedMetricWarning: Precision is ill-defined and being set to 0.0 in labels with no predicted samples. Use `zero_division` parameter to control this behavior.
  _warn_prf(average, modifier, f"{metric.capitalize()} is", len(result))

2026-03-07 08:15:34,006:WARNING:c:\Emergency_traige_final\triage_env2\Lib\site-packages\sklearn\metrics\_classification.py:1509: UndefinedMetricWarning: Precision is ill-defined and being set to 0.0 in labels with no predicted samples. Use `zero_division` parameter to control this behavior.
  _warn_prf(average, modifier, f"{metric.capitalize()} is", len(result))

2026-03-07 08:15:34,007:WARNING:c:\Emergency_traige_final\triage_env2\Lib\site-packages\sklearn\metrics\_classification.py:1561: UserWarning: Note that pos_label (set to 5) is ignored when average != 'binary' (got 'weighted'). You may use labels=[pos_label] to specify a single positive class.
  warnings.warn(

2026-03-07 08:15:34,007:WARNING:c:\Emergency_traige_final\triage_env2\Lib\site-packages\sklearn\metrics\_classification.py:1561: UserWarning: Note that pos_label (set to 5) is ignored when average != 'binary' (got 'weighted'). You may use labels=[pos_label] to specify a single positive class.
  warnings.warn(

2026-03-07 08:15:34,012:INFO:Calculating mean and std
2026-03-07 08:15:34,012:INFO:Creating metrics dataframe
2026-03-07 08:15:34,016:INFO:Uploading results into container
2026-03-07 08:15:34,016:INFO:Uploading model into container now
2026-03-07 08:15:34,016:INFO:_master_model_container: 9
2026-03-07 08:15:34,016:INFO:_display_container: 2
2026-03-07 08:15:34,016:INFO:AdaBoostClassifier(algorithm='SAMME.R', estimator=None, learning_rate=1.0,
                   n_estimators=50, random_state=123)
2026-03-07 08:15:34,016:INFO:create_model() successfully completed......................................
2026-03-07 08:15:34,117:INFO:SubProcess create_model() end ==================================
2026-03-07 08:15:34,119:INFO:Creating metrics dataframe
2026-03-07 08:15:34,132:INFO:Initializing Gradient Boosting Classifier
2026-03-07 08:15:34,132:INFO:Total runtime is 0.29836355050404867 minutes
2026-03-07 08:15:34,135:INFO:SubProcess create_model() called ==================================
2026-03-07 08:15:34,135:INFO:Initializing create_model()
2026-03-07 08:15:34,135:INFO:create_model(self=<pycaret.classification.oop.ClassificationExperiment object at 0x0000026B27D21B50>, estimator=gbc, fold=StratifiedKFold(n_splits=5, random_state=None, shuffle=False), round=4, cross_validation=True, predict=True, fit_kwargs={}, groups=None, refit=False, probability_threshold=None, experiment_custom_tags=None, verbose=False, system=False, add_to_model_list=True, metrics=None, display=<pycaret.internal.display.display.CommonDisplay object at 0x0000026B26F29950>, model_only=True, return_train_score=False, error_score=0.0, kwargs={})
2026-03-07 08:15:34,135:INFO:Checking exceptions
2026-03-07 08:15:34,135:INFO:Importing libraries
2026-03-07 08:15:34,135:INFO:Copying training dataset
2026-03-07 08:15:34,144:INFO:Defining folds
2026-03-07 08:15:34,144:INFO:Declaring metric variables
2026-03-07 08:15:34,150:INFO:Importing untrained model
2026-03-07 08:15:34,155:INFO:Gradient Boosting Classifier Imported successfully
2026-03-07 08:15:34,158:INFO:Starting cross validation
2026-03-07 08:15:34,168:INFO:Cross validating with StratifiedKFold(n_splits=5, random_state=None, shuffle=False), n_jobs=-1
2026-03-07 08:15:35,848:WARNING:c:\Emergency_traige_final\triage_env2\Lib\site-packages\pycaret\internal\metrics.py:204: FitFailedWarning: Metric 'make_scorer(roc_auc_score, response_method=('decision_function', 'predict_proba'), average=weighted, multi_class=ovr)' failed and error score 0.0 has been returned instead. If this is a custom metric, this usually means that the error is in the metric code. Full exception below:
Traceback (most recent call last):
  File "c:\Emergency_traige_final\triage_env2\Lib\site-packages\pycaret\internal\metrics.py", line 196, in _score
    return super()._score(
           ^^^^^^^^^^^^^^^
  File "c:\Emergency_traige_final\triage_env2\Lib\site-packages\sklearn\metrics\_scorer.py", line 350, in _score
    return self._sign * self._score_func(y_true, y_pred, **scoring_kwargs)
                        ^^^^^^^^^^^^^^^^^^^^^^^^^^^^^^^^^^^^^^^^^^^^^^^^^^
  File "c:\Emergency_traige_final\triage_env2\Lib\site-packages\pycaret\internal\metrics.py", line 144, in __call__
    return self.score_func(y_true, y_pred, **kwargs)
           ^^^^^^^^^^^^^^^^^^^^^^^^^^^^^^^^^^^^^^^^^
  File "c:\Emergency_traige_final\triage_env2\Lib\site-packages\sklearn\utils\_param_validation.py", line 213, in wrapper
    return func(*args, **kwargs)
           ^^^^^^^^^^^^^^^^^^^^^
  File "c:\Emergency_traige_final\triage_env2\Lib\site-packages\sklearn\metrics\_ranking.py", line 634, in roc_auc_score
    return _multiclass_roc_auc_score(
           ^^^^^^^^^^^^^^^^^^^^^^^^^^
  File "c:\Emergency_traige_final\triage_env2\Lib\site-packages\sklearn\metrics\_ranking.py", line 707, in _multiclass_roc_auc_score
    raise ValueError(
ValueError: Target scores need to be probabilities for multiclass roc_auc, i.e. they should sum up to 1.0 over classes

  warnings.warn(

2026-03-07 08:15:35,848:WARNING:c:\Emergency_traige_final\triage_env2\Lib\site-packages\sklearn\metrics\_classification.py:1561: UserWarning: Note that pos_label (set to 5) is ignored when average != 'binary' (got 'weighted'). You may use labels=[pos_label] to specify a single positive class.
  warnings.warn(

2026-03-07 08:15:35,850:WARNING:c:\Emergency_traige_final\triage_env2\Lib\site-packages\sklearn\metrics\_classification.py:1561: UserWarning: Note that pos_label (set to 5) is ignored when average != 'binary' (got 'weighted'). You may use labels=[pos_label] to specify a single positive class.
  warnings.warn(

2026-03-07 08:15:35,852:WARNING:c:\Emergency_traige_final\triage_env2\Lib\site-packages\sklearn\metrics\_classification.py:1561: UserWarning: Note that pos_label (set to 5) is ignored when average != 'binary' (got 'weighted'). You may use labels=[pos_label] to specify a single positive class.
  warnings.warn(

2026-03-07 08:15:35,874:WARNING:c:\Emergency_traige_final\triage_env2\Lib\site-packages\pycaret\internal\metrics.py:204: FitFailedWarning: Metric 'make_scorer(roc_auc_score, response_method=('decision_function', 'predict_proba'), average=weighted, multi_class=ovr)' failed and error score 0.0 has been returned instead. If this is a custom metric, this usually means that the error is in the metric code. Full exception below:
Traceback (most recent call last):
  File "c:\Emergency_traige_final\triage_env2\Lib\site-packages\pycaret\internal\metrics.py", line 196, in _score
    return super()._score(
           ^^^^^^^^^^^^^^^
  File "c:\Emergency_traige_final\triage_env2\Lib\site-packages\sklearn\metrics\_scorer.py", line 350, in _score
    return self._sign * self._score_func(y_true, y_pred, **scoring_kwargs)
                        ^^^^^^^^^^^^^^^^^^^^^^^^^^^^^^^^^^^^^^^^^^^^^^^^^^
  File "c:\Emergency_traige_final\triage_env2\Lib\site-packages\pycaret\internal\metrics.py", line 144, in __call__
    return self.score_func(y_true, y_pred, **kwargs)
           ^^^^^^^^^^^^^^^^^^^^^^^^^^^^^^^^^^^^^^^^^
  File "c:\Emergency_traige_final\triage_env2\Lib\site-packages\sklearn\utils\_param_validation.py", line 213, in wrapper
    return func(*args, **kwargs)
           ^^^^^^^^^^^^^^^^^^^^^
  File "c:\Emergency_traige_final\triage_env2\Lib\site-packages\sklearn\metrics\_ranking.py", line 634, in roc_auc_score
    return _multiclass_roc_auc_score(
           ^^^^^^^^^^^^^^^^^^^^^^^^^^
  File "c:\Emergency_traige_final\triage_env2\Lib\site-packages\sklearn\metrics\_ranking.py", line 707, in _multiclass_roc_auc_score
    raise ValueError(
ValueError: Target scores need to be probabilities for multiclass roc_auc, i.e. they should sum up to 1.0 over classes

  warnings.warn(

2026-03-07 08:15:35,876:WARNING:c:\Emergency_traige_final\triage_env2\Lib\site-packages\sklearn\metrics\_classification.py:1561: UserWarning: Note that pos_label (set to 5) is ignored when average != 'binary' (got 'weighted'). You may use labels=[pos_label] to specify a single positive class.
  warnings.warn(

2026-03-07 08:15:35,876:WARNING:c:\Emergency_traige_final\triage_env2\Lib\site-packages\sklearn\metrics\_classification.py:1561: UserWarning: Note that pos_label (set to 5) is ignored when average != 'binary' (got 'weighted'). You may use labels=[pos_label] to specify a single positive class.
  warnings.warn(

2026-03-07 08:15:35,879:WARNING:c:\Emergency_traige_final\triage_env2\Lib\site-packages\sklearn\metrics\_classification.py:1561: UserWarning: Note that pos_label (set to 5) is ignored when average != 'binary' (got 'weighted'). You may use labels=[pos_label] to specify a single positive class.
  warnings.warn(

2026-03-07 08:15:35,882:WARNING:c:\Emergency_traige_final\triage_env2\Lib\site-packages\pycaret\internal\metrics.py:204: FitFailedWarning: Metric 'make_scorer(roc_auc_score, response_method=('decision_function', 'predict_proba'), average=weighted, multi_class=ovr)' failed and error score 0.0 has been returned instead. If this is a custom metric, this usually means that the error is in the metric code. Full exception below:
Traceback (most recent call last):
  File "c:\Emergency_traige_final\triage_env2\Lib\site-packages\pycaret\internal\metrics.py", line 196, in _score
    return super()._score(
           ^^^^^^^^^^^^^^^
  File "c:\Emergency_traige_final\triage_env2\Lib\site-packages\sklearn\metrics\_scorer.py", line 350, in _score
    return self._sign * self._score_func(y_true, y_pred, **scoring_kwargs)
                        ^^^^^^^^^^^^^^^^^^^^^^^^^^^^^^^^^^^^^^^^^^^^^^^^^^
  File "c:\Emergency_traige_final\triage_env2\Lib\site-packages\pycaret\internal\metrics.py", line 144, in __call__
    return self.score_func(y_true, y_pred, **kwargs)
           ^^^^^^^^^^^^^^^^^^^^^^^^^^^^^^^^^^^^^^^^^
  File "c:\Emergency_traige_final\triage_env2\Lib\site-packages\sklearn\utils\_param_validation.py", line 213, in wrapper
    return func(*args, **kwargs)
           ^^^^^^^^^^^^^^^^^^^^^
  File "c:\Emergency_traige_final\triage_env2\Lib\site-packages\sklearn\metrics\_ranking.py", line 634, in roc_auc_score
    return _multiclass_roc_auc_score(
           ^^^^^^^^^^^^^^^^^^^^^^^^^^
  File "c:\Emergency_traige_final\triage_env2\Lib\site-packages\sklearn\metrics\_ranking.py", line 707, in _multiclass_roc_auc_score
    raise ValueError(
ValueError: Target scores need to be probabilities for multiclass roc_auc, i.e. they should sum up to 1.0 over classes

  warnings.warn(

2026-03-07 08:15:35,882:WARNING:c:\Emergency_traige_final\triage_env2\Lib\site-packages\sklearn\metrics\_classification.py:1561: UserWarning: Note that pos_label (set to 5) is ignored when average != 'binary' (got 'weighted'). You may use labels=[pos_label] to specify a single positive class.
  warnings.warn(

2026-03-07 08:15:35,882:WARNING:c:\Emergency_traige_final\triage_env2\Lib\site-packages\sklearn\metrics\_classification.py:1561: UserWarning: Note that pos_label (set to 5) is ignored when average != 'binary' (got 'weighted'). You may use labels=[pos_label] to specify a single positive class.
  warnings.warn(

2026-03-07 08:15:35,889:WARNING:c:\Emergency_traige_final\triage_env2\Lib\site-packages\sklearn\metrics\_classification.py:1561: UserWarning: Note that pos_label (set to 5) is ignored when average != 'binary' (got 'weighted'). You may use labels=[pos_label] to specify a single positive class.
  warnings.warn(

2026-03-07 08:15:35,903:WARNING:c:\Emergency_traige_final\triage_env2\Lib\site-packages\pycaret\internal\metrics.py:204: FitFailedWarning: Metric 'make_scorer(roc_auc_score, response_method=('decision_function', 'predict_proba'), average=weighted, multi_class=ovr)' failed and error score 0.0 has been returned instead. If this is a custom metric, this usually means that the error is in the metric code. Full exception below:
Traceback (most recent call last):
  File "c:\Emergency_traige_final\triage_env2\Lib\site-packages\pycaret\internal\metrics.py", line 196, in _score
    return super()._score(
           ^^^^^^^^^^^^^^^
  File "c:\Emergency_traige_final\triage_env2\Lib\site-packages\sklearn\metrics\_scorer.py", line 350, in _score
    return self._sign * self._score_func(y_true, y_pred, **scoring_kwargs)
                        ^^^^^^^^^^^^^^^^^^^^^^^^^^^^^^^^^^^^^^^^^^^^^^^^^^
  File "c:\Emergency_traige_final\triage_env2\Lib\site-packages\pycaret\internal\metrics.py", line 144, in __call__
    return self.score_func(y_true, y_pred, **kwargs)
           ^^^^^^^^^^^^^^^^^^^^^^^^^^^^^^^^^^^^^^^^^
  File "c:\Emergency_traige_final\triage_env2\Lib\site-packages\sklearn\utils\_param_validation.py", line 213, in wrapper
    return func(*args, **kwargs)
           ^^^^^^^^^^^^^^^^^^^^^
  File "c:\Emergency_traige_final\triage_env2\Lib\site-packages\sklearn\metrics\_ranking.py", line 634, in roc_auc_score
    return _multiclass_roc_auc_score(
           ^^^^^^^^^^^^^^^^^^^^^^^^^^
  File "c:\Emergency_traige_final\triage_env2\Lib\site-packages\sklearn\metrics\_ranking.py", line 707, in _multiclass_roc_auc_score
    raise ValueError(
ValueError: Target scores need to be probabilities for multiclass roc_auc, i.e. they should sum up to 1.0 over classes

  warnings.warn(

2026-03-07 08:15:35,903:WARNING:c:\Emergency_traige_final\triage_env2\Lib\site-packages\sklearn\metrics\_classification.py:1561: UserWarning: Note that pos_label (set to 5) is ignored when average != 'binary' (got 'weighted'). You may use labels=[pos_label] to specify a single positive class.
  warnings.warn(

2026-03-07 08:15:35,907:WARNING:c:\Emergency_traige_final\triage_env2\Lib\site-packages\sklearn\metrics\_classification.py:1561: UserWarning: Note that pos_label (set to 5) is ignored when average != 'binary' (got 'weighted'). You may use labels=[pos_label] to specify a single positive class.
  warnings.warn(

2026-03-07 08:15:35,907:WARNING:c:\Emergency_traige_final\triage_env2\Lib\site-packages\pycaret\internal\metrics.py:204: FitFailedWarning: Metric 'make_scorer(roc_auc_score, response_method=('decision_function', 'predict_proba'), average=weighted, multi_class=ovr)' failed and error score 0.0 has been returned instead. If this is a custom metric, this usually means that the error is in the metric code. Full exception below:
Traceback (most recent call last):
  File "c:\Emergency_traige_final\triage_env2\Lib\site-packages\pycaret\internal\metrics.py", line 196, in _score
    return super()._score(
           ^^^^^^^^^^^^^^^
  File "c:\Emergency_traige_final\triage_env2\Lib\site-packages\sklearn\metrics\_scorer.py", line 350, in _score
    return self._sign * self._score_func(y_true, y_pred, **scoring_kwargs)
                        ^^^^^^^^^^^^^^^^^^^^^^^^^^^^^^^^^^^^^^^^^^^^^^^^^^
  File "c:\Emergency_traige_final\triage_env2\Lib\site-packages\pycaret\internal\metrics.py", line 144, in __call__
    return self.score_func(y_true, y_pred, **kwargs)
           ^^^^^^^^^^^^^^^^^^^^^^^^^^^^^^^^^^^^^^^^^
  File "c:\Emergency_traige_final\triage_env2\Lib\site-packages\sklearn\utils\_param_validation.py", line 213, in wrapper
    return func(*args, **kwargs)
           ^^^^^^^^^^^^^^^^^^^^^
  File "c:\Emergency_traige_final\triage_env2\Lib\site-packages\sklearn\metrics\_ranking.py", line 634, in roc_auc_score
    return _multiclass_roc_auc_score(
           ^^^^^^^^^^^^^^^^^^^^^^^^^^
  File "c:\Emergency_traige_final\triage_env2\Lib\site-packages\sklearn\metrics\_ranking.py", line 707, in _multiclass_roc_auc_score
    raise ValueError(
ValueError: Target scores need to be probabilities for multiclass roc_auc, i.e. they should sum up to 1.0 over classes

  warnings.warn(

2026-03-07 08:15:35,907:WARNING:c:\Emergency_traige_final\triage_env2\Lib\site-packages\sklearn\metrics\_classification.py:1561: UserWarning: Note that pos_label (set to 5) is ignored when average != 'binary' (got 'weighted'). You may use labels=[pos_label] to specify a single positive class.
  warnings.warn(

2026-03-07 08:15:35,907:WARNING:c:\Emergency_traige_final\triage_env2\Lib\site-packages\sklearn\metrics\_classification.py:1561: UserWarning: Note that pos_label (set to 5) is ignored when average != 'binary' (got 'weighted'). You may use labels=[pos_label] to specify a single positive class.
  warnings.warn(

2026-03-07 08:15:35,910:WARNING:c:\Emergency_traige_final\triage_env2\Lib\site-packages\sklearn\metrics\_classification.py:1561: UserWarning: Note that pos_label (set to 5) is ignored when average != 'binary' (got 'weighted'). You may use labels=[pos_label] to specify a single positive class.
  warnings.warn(

2026-03-07 08:15:35,912:WARNING:c:\Emergency_traige_final\triage_env2\Lib\site-packages\sklearn\metrics\_classification.py:1561: UserWarning: Note that pos_label (set to 5) is ignored when average != 'binary' (got 'weighted'). You may use labels=[pos_label] to specify a single positive class.
  warnings.warn(

2026-03-07 08:15:35,920:INFO:Calculating mean and std
2026-03-07 08:15:35,920:INFO:Creating metrics dataframe
2026-03-07 08:15:35,923:INFO:Uploading results into container
2026-03-07 08:15:35,923:INFO:Uploading model into container now
2026-03-07 08:15:35,923:INFO:_master_model_container: 10
2026-03-07 08:15:35,923:INFO:_display_container: 2
2026-03-07 08:15:35,923:INFO:GradientBoostingClassifier(ccp_alpha=0.0, criterion='friedman_mse', init=None,
                           learning_rate=0.1, loss='log_loss', max_depth=3,
                           max_features=None, max_leaf_nodes=None,
                           min_impurity_decrease=0.0, min_samples_leaf=1,
                           min_samples_split=2, min_weight_fraction_leaf=0.0,
                           n_estimators=100, n_iter_no_change=None,
                           random_state=123, subsample=1.0, tol=0.0001,
                           validation_fraction=0.1, verbose=0,
                           warm_start=False)
2026-03-07 08:15:35,923:INFO:create_model() successfully completed......................................
2026-03-07 08:15:36,036:INFO:SubProcess create_model() end ==================================
2026-03-07 08:15:36,036:INFO:Creating metrics dataframe
2026-03-07 08:15:36,043:INFO:Initializing Linear Discriminant Analysis
2026-03-07 08:15:36,043:INFO:Total runtime is 0.3302208741505941 minutes
2026-03-07 08:15:36,051:INFO:SubProcess create_model() called ==================================
2026-03-07 08:15:36,055:INFO:Initializing create_model()
2026-03-07 08:15:36,055:INFO:create_model(self=<pycaret.classification.oop.ClassificationExperiment object at 0x0000026B27D21B50>, estimator=lda, fold=StratifiedKFold(n_splits=5, random_state=None, shuffle=False), round=4, cross_validation=True, predict=True, fit_kwargs={}, groups=None, refit=False, probability_threshold=None, experiment_custom_tags=None, verbose=False, system=False, add_to_model_list=True, metrics=None, display=<pycaret.internal.display.display.CommonDisplay object at 0x0000026B26F29950>, model_only=True, return_train_score=False, error_score=0.0, kwargs={})
2026-03-07 08:15:36,056:INFO:Checking exceptions
2026-03-07 08:15:36,056:INFO:Importing libraries
2026-03-07 08:15:36,056:INFO:Copying training dataset
2026-03-07 08:15:36,064:INFO:Defining folds
2026-03-07 08:15:36,064:INFO:Declaring metric variables
2026-03-07 08:15:36,072:INFO:Importing untrained model
2026-03-07 08:15:36,078:INFO:Linear Discriminant Analysis Imported successfully
2026-03-07 08:15:36,088:INFO:Starting cross validation
2026-03-07 08:15:36,090:INFO:Cross validating with StratifiedKFold(n_splits=5, random_state=None, shuffle=False), n_jobs=-1
2026-03-07 08:15:36,305:WARNING:c:\Emergency_traige_final\triage_env2\Lib\site-packages\pycaret\internal\metrics.py:204: FitFailedWarning: Metric 'make_scorer(roc_auc_score, response_method=('decision_function', 'predict_proba'), average=weighted, multi_class=ovr)' failed and error score 0.0 has been returned instead. If this is a custom metric, this usually means that the error is in the metric code. Full exception below:
Traceback (most recent call last):
  File "c:\Emergency_traige_final\triage_env2\Lib\site-packages\pycaret\internal\metrics.py", line 196, in _score
    return super()._score(
           ^^^^^^^^^^^^^^^
  File "c:\Emergency_traige_final\triage_env2\Lib\site-packages\sklearn\metrics\_scorer.py", line 350, in _score
    return self._sign * self._score_func(y_true, y_pred, **scoring_kwargs)
                        ^^^^^^^^^^^^^^^^^^^^^^^^^^^^^^^^^^^^^^^^^^^^^^^^^^
  File "c:\Emergency_traige_final\triage_env2\Lib\site-packages\pycaret\internal\metrics.py", line 144, in __call__
    return self.score_func(y_true, y_pred, **kwargs)
           ^^^^^^^^^^^^^^^^^^^^^^^^^^^^^^^^^^^^^^^^^
  File "c:\Emergency_traige_final\triage_env2\Lib\site-packages\sklearn\utils\_param_validation.py", line 213, in wrapper
    return func(*args, **kwargs)
           ^^^^^^^^^^^^^^^^^^^^^
  File "c:\Emergency_traige_final\triage_env2\Lib\site-packages\sklearn\metrics\_ranking.py", line 634, in roc_auc_score
    return _multiclass_roc_auc_score(
           ^^^^^^^^^^^^^^^^^^^^^^^^^^
  File "c:\Emergency_traige_final\triage_env2\Lib\site-packages\sklearn\metrics\_ranking.py", line 707, in _multiclass_roc_auc_score
    raise ValueError(
ValueError: Target scores need to be probabilities for multiclass roc_auc, i.e. they should sum up to 1.0 over classes

  warnings.warn(

2026-03-07 08:15:36,306:WARNING:c:\Emergency_traige_final\triage_env2\Lib\site-packages\pycaret\internal\metrics.py:204: FitFailedWarning: Metric 'make_scorer(roc_auc_score, response_method=('decision_function', 'predict_proba'), average=weighted, multi_class=ovr)' failed and error score 0.0 has been returned instead. If this is a custom metric, this usually means that the error is in the metric code. Full exception below:
Traceback (most recent call last):
  File "c:\Emergency_traige_final\triage_env2\Lib\site-packages\pycaret\internal\metrics.py", line 196, in _score
    return super()._score(
           ^^^^^^^^^^^^^^^
  File "c:\Emergency_traige_final\triage_env2\Lib\site-packages\sklearn\metrics\_scorer.py", line 350, in _score
    return self._sign * self._score_func(y_true, y_pred, **scoring_kwargs)
                        ^^^^^^^^^^^^^^^^^^^^^^^^^^^^^^^^^^^^^^^^^^^^^^^^^^
  File "c:\Emergency_traige_final\triage_env2\Lib\site-packages\pycaret\internal\metrics.py", line 144, in __call__
    return self.score_func(y_true, y_pred, **kwargs)
           ^^^^^^^^^^^^^^^^^^^^^^^^^^^^^^^^^^^^^^^^^
  File "c:\Emergency_traige_final\triage_env2\Lib\site-packages\sklearn\utils\_param_validation.py", line 213, in wrapper
    return func(*args, **kwargs)
           ^^^^^^^^^^^^^^^^^^^^^
  File "c:\Emergency_traige_final\triage_env2\Lib\site-packages\sklearn\metrics\_ranking.py", line 634, in roc_auc_score
    return _multiclass_roc_auc_score(
           ^^^^^^^^^^^^^^^^^^^^^^^^^^
  File "c:\Emergency_traige_final\triage_env2\Lib\site-packages\sklearn\metrics\_ranking.py", line 707, in _multiclass_roc_auc_score
    raise ValueError(
ValueError: Target scores need to be probabilities for multiclass roc_auc, i.e. they should sum up to 1.0 over classes

  warnings.warn(

2026-03-07 08:15:36,306:WARNING:c:\Emergency_traige_final\triage_env2\Lib\site-packages\pycaret\internal\metrics.py:204: FitFailedWarning: Metric 'make_scorer(roc_auc_score, response_method=('decision_function', 'predict_proba'), average=weighted, multi_class=ovr)' failed and error score 0.0 has been returned instead. If this is a custom metric, this usually means that the error is in the metric code. Full exception below:
Traceback (most recent call last):
  File "c:\Emergency_traige_final\triage_env2\Lib\site-packages\pycaret\internal\metrics.py", line 196, in _score
    return super()._score(
           ^^^^^^^^^^^^^^^
  File "c:\Emergency_traige_final\triage_env2\Lib\site-packages\sklearn\metrics\_scorer.py", line 350, in _score
    return self._sign * self._score_func(y_true, y_pred, **scoring_kwargs)
                        ^^^^^^^^^^^^^^^^^^^^^^^^^^^^^^^^^^^^^^^^^^^^^^^^^^
  File "c:\Emergency_traige_final\triage_env2\Lib\site-packages\pycaret\internal\metrics.py", line 144, in __call__
    return self.score_func(y_true, y_pred, **kwargs)
           ^^^^^^^^^^^^^^^^^^^^^^^^^^^^^^^^^^^^^^^^^
  File "c:\Emergency_traige_final\triage_env2\Lib\site-packages\sklearn\utils\_param_validation.py", line 213, in wrapper
    return func(*args, **kwargs)
           ^^^^^^^^^^^^^^^^^^^^^
  File "c:\Emergency_traige_final\triage_env2\Lib\site-packages\sklearn\metrics\_ranking.py", line 634, in roc_auc_score
    return _multiclass_roc_auc_score(
           ^^^^^^^^^^^^^^^^^^^^^^^^^^
  File "c:\Emergency_traige_final\triage_env2\Lib\site-packages\sklearn\metrics\_ranking.py", line 707, in _multiclass_roc_auc_score
    raise ValueError(
ValueError: Target scores need to be probabilities for multiclass roc_auc, i.e. they should sum up to 1.0 over classes

  warnings.warn(

2026-03-07 08:15:36,306:WARNING:c:\Emergency_traige_final\triage_env2\Lib\site-packages\pycaret\internal\metrics.py:204: FitFailedWarning: Metric 'make_scorer(roc_auc_score, response_method=('decision_function', 'predict_proba'), average=weighted, multi_class=ovr)' failed and error score 0.0 has been returned instead. If this is a custom metric, this usually means that the error is in the metric code. Full exception below:
Traceback (most recent call last):
  File "c:\Emergency_traige_final\triage_env2\Lib\site-packages\pycaret\internal\metrics.py", line 196, in _score
    return super()._score(
           ^^^^^^^^^^^^^^^
  File "c:\Emergency_traige_final\triage_env2\Lib\site-packages\sklearn\metrics\_scorer.py", line 350, in _score
    return self._sign * self._score_func(y_true, y_pred, **scoring_kwargs)
                        ^^^^^^^^^^^^^^^^^^^^^^^^^^^^^^^^^^^^^^^^^^^^^^^^^^
  File "c:\Emergency_traige_final\triage_env2\Lib\site-packages\pycaret\internal\metrics.py", line 144, in __call__
    return self.score_func(y_true, y_pred, **kwargs)
           ^^^^^^^^^^^^^^^^^^^^^^^^^^^^^^^^^^^^^^^^^
  File "c:\Emergency_traige_final\triage_env2\Lib\site-packages\sklearn\utils\_param_validation.py", line 213, in wrapper
    return func(*args, **kwargs)
           ^^^^^^^^^^^^^^^^^^^^^
  File "c:\Emergency_traige_final\triage_env2\Lib\site-packages\sklearn\metrics\_ranking.py", line 634, in roc_auc_score
    return _multiclass_roc_auc_score(
           ^^^^^^^^^^^^^^^^^^^^^^^^^^
  File "c:\Emergency_traige_final\triage_env2\Lib\site-packages\sklearn\metrics\_ranking.py", line 707, in _multiclass_roc_auc_score
    raise ValueError(
ValueError: Target scores need to be probabilities for multiclass roc_auc, i.e. they should sum up to 1.0 over classes

  warnings.warn(

2026-03-07 08:15:36,306:WARNING:c:\Emergency_traige_final\triage_env2\Lib\site-packages\sklearn\metrics\_classification.py:1561: UserWarning: Note that pos_label (set to 5) is ignored when average != 'binary' (got 'weighted'). You may use labels=[pos_label] to specify a single positive class.
  warnings.warn(

2026-03-07 08:15:36,308:WARNING:c:\Emergency_traige_final\triage_env2\Lib\site-packages\sklearn\metrics\_classification.py:1561: UserWarning: Note that pos_label (set to 5) is ignored when average != 'binary' (got 'weighted'). You may use labels=[pos_label] to specify a single positive class.
  warnings.warn(

2026-03-07 08:15:36,308:WARNING:c:\Emergency_traige_final\triage_env2\Lib\site-packages\sklearn\metrics\_classification.py:1561: UserWarning: Note that pos_label (set to 5) is ignored when average != 'binary' (got 'weighted'). You may use labels=[pos_label] to specify a single positive class.
  warnings.warn(

2026-03-07 08:15:36,309:WARNING:c:\Emergency_traige_final\triage_env2\Lib\site-packages\sklearn\metrics\_classification.py:1561: UserWarning: Note that pos_label (set to 5) is ignored when average != 'binary' (got 'weighted'). You may use labels=[pos_label] to specify a single positive class.
  warnings.warn(

2026-03-07 08:15:36,309:WARNING:c:\Emergency_traige_final\triage_env2\Lib\site-packages\sklearn\metrics\_classification.py:1561: UserWarning: Note that pos_label (set to 5) is ignored when average != 'binary' (got 'weighted'). You may use labels=[pos_label] to specify a single positive class.
  warnings.warn(

2026-03-07 08:15:36,309:WARNING:c:\Emergency_traige_final\triage_env2\Lib\site-packages\sklearn\metrics\_classification.py:1561: UserWarning: Note that pos_label (set to 5) is ignored when average != 'binary' (got 'weighted'). You may use labels=[pos_label] to specify a single positive class.
  warnings.warn(

2026-03-07 08:15:36,309:WARNING:c:\Emergency_traige_final\triage_env2\Lib\site-packages\sklearn\metrics\_classification.py:1561: UserWarning: Note that pos_label (set to 5) is ignored when average != 'binary' (got 'weighted'). You may use labels=[pos_label] to specify a single positive class.
  warnings.warn(

2026-03-07 08:15:36,309:WARNING:c:\Emergency_traige_final\triage_env2\Lib\site-packages\sklearn\metrics\_classification.py:1561: UserWarning: Note that pos_label (set to 5) is ignored when average != 'binary' (got 'weighted'). You may use labels=[pos_label] to specify a single positive class.
  warnings.warn(

2026-03-07 08:15:36,314:WARNING:c:\Emergency_traige_final\triage_env2\Lib\site-packages\sklearn\metrics\_classification.py:1561: UserWarning: Note that pos_label (set to 5) is ignored when average != 'binary' (got 'weighted'). You may use labels=[pos_label] to specify a single positive class.
  warnings.warn(

2026-03-07 08:15:36,314:WARNING:c:\Emergency_traige_final\triage_env2\Lib\site-packages\sklearn\metrics\_classification.py:1561: UserWarning: Note that pos_label (set to 5) is ignored when average != 'binary' (got 'weighted'). You may use labels=[pos_label] to specify a single positive class.
  warnings.warn(

2026-03-07 08:15:36,314:WARNING:c:\Emergency_traige_final\triage_env2\Lib\site-packages\sklearn\metrics\_classification.py:1561: UserWarning: Note that pos_label (set to 5) is ignored when average != 'binary' (got 'weighted'). You may use labels=[pos_label] to specify a single positive class.
  warnings.warn(

2026-03-07 08:15:36,327:WARNING:c:\Emergency_traige_final\triage_env2\Lib\site-packages\pycaret\internal\metrics.py:204: FitFailedWarning: Metric 'make_scorer(roc_auc_score, response_method=('decision_function', 'predict_proba'), average=weighted, multi_class=ovr)' failed and error score 0.0 has been returned instead. If this is a custom metric, this usually means that the error is in the metric code. Full exception below:
Traceback (most recent call last):
  File "c:\Emergency_traige_final\triage_env2\Lib\site-packages\pycaret\internal\metrics.py", line 196, in _score
    return super()._score(
           ^^^^^^^^^^^^^^^
  File "c:\Emergency_traige_final\triage_env2\Lib\site-packages\sklearn\metrics\_scorer.py", line 350, in _score
    return self._sign * self._score_func(y_true, y_pred, **scoring_kwargs)
                        ^^^^^^^^^^^^^^^^^^^^^^^^^^^^^^^^^^^^^^^^^^^^^^^^^^
  File "c:\Emergency_traige_final\triage_env2\Lib\site-packages\pycaret\internal\metrics.py", line 144, in __call__
    return self.score_func(y_true, y_pred, **kwargs)
           ^^^^^^^^^^^^^^^^^^^^^^^^^^^^^^^^^^^^^^^^^
  File "c:\Emergency_traige_final\triage_env2\Lib\site-packages\sklearn\utils\_param_validation.py", line 213, in wrapper
    return func(*args, **kwargs)
           ^^^^^^^^^^^^^^^^^^^^^
  File "c:\Emergency_traige_final\triage_env2\Lib\site-packages\sklearn\metrics\_ranking.py", line 634, in roc_auc_score
    return _multiclass_roc_auc_score(
           ^^^^^^^^^^^^^^^^^^^^^^^^^^
  File "c:\Emergency_traige_final\triage_env2\Lib\site-packages\sklearn\metrics\_ranking.py", line 707, in _multiclass_roc_auc_score
    raise ValueError(
ValueError: Target scores need to be probabilities for multiclass roc_auc, i.e. they should sum up to 1.0 over classes

  warnings.warn(

2026-03-07 08:15:36,327:WARNING:c:\Emergency_traige_final\triage_env2\Lib\site-packages\sklearn\metrics\_classification.py:1561: UserWarning: Note that pos_label (set to 5) is ignored when average != 'binary' (got 'weighted'). You may use labels=[pos_label] to specify a single positive class.
  warnings.warn(

2026-03-07 08:15:36,327:WARNING:c:\Emergency_traige_final\triage_env2\Lib\site-packages\sklearn\metrics\_classification.py:1561: UserWarning: Note that pos_label (set to 5) is ignored when average != 'binary' (got 'weighted'). You may use labels=[pos_label] to specify a single positive class.
  warnings.warn(

2026-03-07 08:15:36,333:WARNING:c:\Emergency_traige_final\triage_env2\Lib\site-packages\sklearn\metrics\_classification.py:1561: UserWarning: Note that pos_label (set to 5) is ignored when average != 'binary' (got 'weighted'). You may use labels=[pos_label] to specify a single positive class.
  warnings.warn(

2026-03-07 08:15:36,337:INFO:Calculating mean and std
2026-03-07 08:15:36,337:INFO:Creating metrics dataframe
2026-03-07 08:15:36,337:INFO:Uploading results into container
2026-03-07 08:15:36,337:INFO:Uploading model into container now
2026-03-07 08:15:36,337:INFO:_master_model_container: 11
2026-03-07 08:15:36,337:INFO:_display_container: 2
2026-03-07 08:15:36,337:INFO:LinearDiscriminantAnalysis(covariance_estimator=None, n_components=None,
                           priors=None, shrinkage=None, solver='svd',
                           store_covariance=False, tol=0.0001)
2026-03-07 08:15:36,337:INFO:create_model() successfully completed......................................
2026-03-07 08:15:36,444:INFO:SubProcess create_model() end ==================================
2026-03-07 08:15:36,444:INFO:Creating metrics dataframe
2026-03-07 08:15:36,462:INFO:Initializing Extra Trees Classifier
2026-03-07 08:15:36,465:INFO:Total runtime is 0.33725848197937014 minutes
2026-03-07 08:15:36,469:INFO:SubProcess create_model() called ==================================
2026-03-07 08:15:36,469:INFO:Initializing create_model()
2026-03-07 08:15:36,469:INFO:create_model(self=<pycaret.classification.oop.ClassificationExperiment object at 0x0000026B27D21B50>, estimator=et, fold=StratifiedKFold(n_splits=5, random_state=None, shuffle=False), round=4, cross_validation=True, predict=True, fit_kwargs={}, groups=None, refit=False, probability_threshold=None, experiment_custom_tags=None, verbose=False, system=False, add_to_model_list=True, metrics=None, display=<pycaret.internal.display.display.CommonDisplay object at 0x0000026B26F29950>, model_only=True, return_train_score=False, error_score=0.0, kwargs={})
2026-03-07 08:15:36,469:INFO:Checking exceptions
2026-03-07 08:15:36,469:INFO:Importing libraries
2026-03-07 08:15:36,472:INFO:Copying training dataset
2026-03-07 08:15:36,474:INFO:Defining folds
2026-03-07 08:15:36,474:INFO:Declaring metric variables
2026-03-07 08:15:36,486:INFO:Importing untrained model
2026-03-07 08:15:36,492:INFO:Extra Trees Classifier Imported successfully
2026-03-07 08:15:36,506:INFO:Starting cross validation
2026-03-07 08:15:36,508:INFO:Cross validating with StratifiedKFold(n_splits=5, random_state=None, shuffle=False), n_jobs=-1
2026-03-07 08:15:36,924:WARNING:c:\Emergency_traige_final\triage_env2\Lib\site-packages\sklearn\metrics\_classification.py:1561: UserWarning: Note that pos_label (set to 5) is ignored when average != 'binary' (got 'weighted'). You may use labels=[pos_label] to specify a single positive class.
  warnings.warn(

2026-03-07 08:15:36,924:WARNING:c:\Emergency_traige_final\triage_env2\Lib\site-packages\sklearn\metrics\_classification.py:1561: UserWarning: Note that pos_label (set to 5) is ignored when average != 'binary' (got 'weighted'). You may use labels=[pos_label] to specify a single positive class.
  warnings.warn(

2026-03-07 08:15:36,929:WARNING:c:\Emergency_traige_final\triage_env2\Lib\site-packages\sklearn\metrics\_classification.py:1561: UserWarning: Note that pos_label (set to 5) is ignored when average != 'binary' (got 'weighted'). You may use labels=[pos_label] to specify a single positive class.
  warnings.warn(

2026-03-07 08:15:36,960:WARNING:c:\Emergency_traige_final\triage_env2\Lib\site-packages\sklearn\metrics\_classification.py:1561: UserWarning: Note that pos_label (set to 5) is ignored when average != 'binary' (got 'weighted'). You may use labels=[pos_label] to specify a single positive class.
  warnings.warn(

2026-03-07 08:15:36,964:WARNING:c:\Emergency_traige_final\triage_env2\Lib\site-packages\sklearn\metrics\_classification.py:1561: UserWarning: Note that pos_label (set to 5) is ignored when average != 'binary' (got 'weighted'). You may use labels=[pos_label] to specify a single positive class.
  warnings.warn(

2026-03-07 08:15:36,964:WARNING:c:\Emergency_traige_final\triage_env2\Lib\site-packages\sklearn\metrics\_classification.py:1561: UserWarning: Note that pos_label (set to 5) is ignored when average != 'binary' (got 'weighted'). You may use labels=[pos_label] to specify a single positive class.
  warnings.warn(

2026-03-07 08:15:36,970:WARNING:c:\Emergency_traige_final\triage_env2\Lib\site-packages\sklearn\metrics\_classification.py:1561: UserWarning: Note that pos_label (set to 5) is ignored when average != 'binary' (got 'weighted'). You may use labels=[pos_label] to specify a single positive class.
  warnings.warn(

2026-03-07 08:15:36,973:WARNING:c:\Emergency_traige_final\triage_env2\Lib\site-packages\sklearn\metrics\_classification.py:1561: UserWarning: Note that pos_label (set to 5) is ignored when average != 'binary' (got 'weighted'). You may use labels=[pos_label] to specify a single positive class.
  warnings.warn(

2026-03-07 08:15:36,973:WARNING:c:\Emergency_traige_final\triage_env2\Lib\site-packages\sklearn\metrics\_classification.py:1561: UserWarning: Note that pos_label (set to 5) is ignored when average != 'binary' (got 'weighted'). You may use labels=[pos_label] to specify a single positive class.
  warnings.warn(

2026-03-07 08:15:37,011:WARNING:c:\Emergency_traige_final\triage_env2\Lib\site-packages\sklearn\metrics\_classification.py:1561: UserWarning: Note that pos_label (set to 5) is ignored when average != 'binary' (got 'weighted'). You may use labels=[pos_label] to specify a single positive class.
  warnings.warn(

2026-03-07 08:15:37,013:WARNING:c:\Emergency_traige_final\triage_env2\Lib\site-packages\sklearn\metrics\_classification.py:1561: UserWarning: Note that pos_label (set to 5) is ignored when average != 'binary' (got 'weighted'). You may use labels=[pos_label] to specify a single positive class.
  warnings.warn(

2026-03-07 08:15:37,013:WARNING:c:\Emergency_traige_final\triage_env2\Lib\site-packages\sklearn\metrics\_classification.py:1561: UserWarning: Note that pos_label (set to 5) is ignored when average != 'binary' (got 'weighted'). You may use labels=[pos_label] to specify a single positive class.
  warnings.warn(

2026-03-07 08:15:37,013:WARNING:c:\Emergency_traige_final\triage_env2\Lib\site-packages\sklearn\metrics\_classification.py:1561: UserWarning: Note that pos_label (set to 5) is ignored when average != 'binary' (got 'weighted'). You may use labels=[pos_label] to specify a single positive class.
  warnings.warn(

2026-03-07 08:15:37,013:WARNING:c:\Emergency_traige_final\triage_env2\Lib\site-packages\sklearn\metrics\_classification.py:1561: UserWarning: Note that pos_label (set to 5) is ignored when average != 'binary' (got 'weighted'). You may use labels=[pos_label] to specify a single positive class.
  warnings.warn(

2026-03-07 08:15:37,018:WARNING:c:\Emergency_traige_final\triage_env2\Lib\site-packages\sklearn\metrics\_classification.py:1509: UndefinedMetricWarning: Precision is ill-defined and being set to 0.0 in labels with no predicted samples. Use `zero_division` parameter to control this behavior.
  _warn_prf(average, modifier, f"{metric.capitalize()} is", len(result))

2026-03-07 08:15:37,020:WARNING:c:\Emergency_traige_final\triage_env2\Lib\site-packages\sklearn\metrics\_classification.py:1561: UserWarning: Note that pos_label (set to 5) is ignored when average != 'binary' (got 'weighted'). You may use labels=[pos_label] to specify a single positive class.
  warnings.warn(

2026-03-07 08:15:37,032:INFO:Calculating mean and std
2026-03-07 08:15:37,032:INFO:Creating metrics dataframe
2026-03-07 08:15:37,032:INFO:Uploading results into container
2026-03-07 08:15:37,032:INFO:Uploading model into container now
2026-03-07 08:15:37,032:INFO:_master_model_container: 12
2026-03-07 08:15:37,032:INFO:_display_container: 2
2026-03-07 08:15:37,032:INFO:ExtraTreesClassifier(bootstrap=False, ccp_alpha=0.0, class_weight=None,
                     criterion='gini', max_depth=None, max_features='sqrt',
                     max_leaf_nodes=None, max_samples=None,
                     min_impurity_decrease=0.0, min_samples_leaf=1,
                     min_samples_split=2, min_weight_fraction_leaf=0.0,
                     monotonic_cst=None, n_estimators=100, n_jobs=-1,
                     oob_score=False, random_state=123, verbose=0,
                     warm_start=False)
2026-03-07 08:15:37,032:INFO:create_model() successfully completed......................................
2026-03-07 08:15:37,146:INFO:SubProcess create_model() end ==================================
2026-03-07 08:15:37,146:INFO:Creating metrics dataframe
2026-03-07 08:15:37,164:INFO:Initializing Light Gradient Boosting Machine
2026-03-07 08:15:37,164:INFO:Total runtime is 0.3488921364148458 minutes
2026-03-07 08:15:37,170:INFO:SubProcess create_model() called ==================================
2026-03-07 08:15:37,170:INFO:Initializing create_model()
2026-03-07 08:15:37,170:INFO:create_model(self=<pycaret.classification.oop.ClassificationExperiment object at 0x0000026B27D21B50>, estimator=lightgbm, fold=StratifiedKFold(n_splits=5, random_state=None, shuffle=False), round=4, cross_validation=True, predict=True, fit_kwargs={}, groups=None, refit=False, probability_threshold=None, experiment_custom_tags=None, verbose=False, system=False, add_to_model_list=True, metrics=None, display=<pycaret.internal.display.display.CommonDisplay object at 0x0000026B26F29950>, model_only=True, return_train_score=False, error_score=0.0, kwargs={})
2026-03-07 08:15:37,172:INFO:Checking exceptions
2026-03-07 08:15:37,172:INFO:Importing libraries
2026-03-07 08:15:37,172:INFO:Copying training dataset
2026-03-07 08:15:37,172:INFO:Defining folds
2026-03-07 08:15:37,172:INFO:Declaring metric variables
2026-03-07 08:15:37,180:INFO:Importing untrained model
2026-03-07 08:15:37,188:INFO:Light Gradient Boosting Machine Imported successfully
2026-03-07 08:15:37,198:INFO:Starting cross validation
2026-03-07 08:15:37,205:INFO:Cross validating with StratifiedKFold(n_splits=5, random_state=None, shuffle=False), n_jobs=-1
2026-03-07 08:15:40,916:WARNING:c:\Emergency_traige_final\triage_env2\Lib\site-packages\sklearn\metrics\_classification.py:1561: UserWarning: Note that pos_label (set to 5) is ignored when average != 'binary' (got 'weighted'). You may use labels=[pos_label] to specify a single positive class.
  warnings.warn(

2026-03-07 08:15:40,918:WARNING:c:\Emergency_traige_final\triage_env2\Lib\site-packages\sklearn\metrics\_classification.py:1561: UserWarning: Note that pos_label (set to 5) is ignored when average != 'binary' (got 'weighted'). You may use labels=[pos_label] to specify a single positive class.
  warnings.warn(

2026-03-07 08:15:40,920:WARNING:c:\Emergency_traige_final\triage_env2\Lib\site-packages\sklearn\metrics\_classification.py:1561: UserWarning: Note that pos_label (set to 5) is ignored when average != 'binary' (got 'weighted'). You may use labels=[pos_label] to specify a single positive class.
  warnings.warn(

2026-03-07 08:15:40,921:WARNING:c:\Emergency_traige_final\triage_env2\Lib\site-packages\sklearn\metrics\_classification.py:1561: UserWarning: Note that pos_label (set to 5) is ignored when average != 'binary' (got 'weighted'). You may use labels=[pos_label] to specify a single positive class.
  warnings.warn(

2026-03-07 08:15:40,923:WARNING:c:\Emergency_traige_final\triage_env2\Lib\site-packages\sklearn\metrics\_classification.py:1561: UserWarning: Note that pos_label (set to 5) is ignored when average != 'binary' (got 'weighted'). You may use labels=[pos_label] to specify a single positive class.
  warnings.warn(

2026-03-07 08:15:40,923:WARNING:c:\Emergency_traige_final\triage_env2\Lib\site-packages\sklearn\metrics\_classification.py:1561: UserWarning: Note that pos_label (set to 5) is ignored when average != 'binary' (got 'weighted'). You may use labels=[pos_label] to specify a single positive class.
  warnings.warn(

2026-03-07 08:15:40,999:WARNING:c:\Emergency_traige_final\triage_env2\Lib\site-packages\sklearn\metrics\_classification.py:1561: UserWarning: Note that pos_label (set to 5) is ignored when average != 'binary' (got 'weighted'). You may use labels=[pos_label] to specify a single positive class.
  warnings.warn(

2026-03-07 08:15:41,001:WARNING:c:\Emergency_traige_final\triage_env2\Lib\site-packages\sklearn\metrics\_classification.py:1561: UserWarning: Note that pos_label (set to 5) is ignored when average != 'binary' (got 'weighted'). You may use labels=[pos_label] to specify a single positive class.
  warnings.warn(

2026-03-07 08:15:41,003:WARNING:c:\Emergency_traige_final\triage_env2\Lib\site-packages\sklearn\metrics\_classification.py:1561: UserWarning: Note that pos_label (set to 5) is ignored when average != 'binary' (got 'weighted'). You may use labels=[pos_label] to specify a single positive class.
  warnings.warn(

2026-03-07 08:15:41,063:WARNING:c:\Emergency_traige_final\triage_env2\Lib\site-packages\sklearn\metrics\_classification.py:1561: UserWarning: Note that pos_label (set to 5) is ignored when average != 'binary' (got 'weighted'). You may use labels=[pos_label] to specify a single positive class.
  warnings.warn(

2026-03-07 08:15:41,067:WARNING:c:\Emergency_traige_final\triage_env2\Lib\site-packages\sklearn\metrics\_classification.py:1561: UserWarning: Note that pos_label (set to 5) is ignored when average != 'binary' (got 'weighted'). You may use labels=[pos_label] to specify a single positive class.
  warnings.warn(

2026-03-07 08:15:41,068:WARNING:c:\Emergency_traige_final\triage_env2\Lib\site-packages\sklearn\metrics\_classification.py:1561: UserWarning: Note that pos_label (set to 5) is ignored when average != 'binary' (got 'weighted'). You may use labels=[pos_label] to specify a single positive class.
  warnings.warn(

2026-03-07 08:15:41,237:WARNING:c:\Emergency_traige_final\triage_env2\Lib\site-packages\sklearn\metrics\_classification.py:1561: UserWarning: Note that pos_label (set to 5) is ignored when average != 'binary' (got 'weighted'). You may use labels=[pos_label] to specify a single positive class.
  warnings.warn(

2026-03-07 08:15:41,239:WARNING:c:\Emergency_traige_final\triage_env2\Lib\site-packages\sklearn\metrics\_classification.py:1561: UserWarning: Note that pos_label (set to 5) is ignored when average != 'binary' (got 'weighted'). You may use labels=[pos_label] to specify a single positive class.
  warnings.warn(

2026-03-07 08:15:41,242:WARNING:c:\Emergency_traige_final\triage_env2\Lib\site-packages\sklearn\metrics\_classification.py:1561: UserWarning: Note that pos_label (set to 5) is ignored when average != 'binary' (got 'weighted'). You may use labels=[pos_label] to specify a single positive class.
  warnings.warn(

2026-03-07 08:15:41,254:INFO:Calculating mean and std
2026-03-07 08:15:41,256:INFO:Creating metrics dataframe
2026-03-07 08:15:41,258:INFO:Uploading results into container
2026-03-07 08:15:41,258:INFO:Uploading model into container now
2026-03-07 08:15:41,258:INFO:_master_model_container: 13
2026-03-07 08:15:41,258:INFO:_display_container: 2
2026-03-07 08:15:41,260:INFO:LGBMClassifier(boosting_type='gbdt', class_weight=None, colsample_bytree=1.0,
               importance_type='split', learning_rate=0.1, max_depth=-1,
               min_child_samples=20, min_child_weight=0.001, min_split_gain=0.0,
               n_estimators=100, n_jobs=-1, num_leaves=31, objective=None,
               random_state=123, reg_alpha=0.0, reg_lambda=0.0, subsample=1.0,
               subsample_for_bin=200000, subsample_freq=0)
2026-03-07 08:15:41,260:INFO:create_model() successfully completed......................................
2026-03-07 08:15:41,349:INFO:SubProcess create_model() end ==================================
2026-03-07 08:15:41,349:INFO:Creating metrics dataframe
2026-03-07 08:15:41,357:INFO:Initializing Dummy Classifier
2026-03-07 08:15:41,357:INFO:Total runtime is 0.41877753734588624 minutes
2026-03-07 08:15:41,360:INFO:SubProcess create_model() called ==================================
2026-03-07 08:15:41,360:INFO:Initializing create_model()
2026-03-07 08:15:41,360:INFO:create_model(self=<pycaret.classification.oop.ClassificationExperiment object at 0x0000026B27D21B50>, estimator=dummy, fold=StratifiedKFold(n_splits=5, random_state=None, shuffle=False), round=4, cross_validation=True, predict=True, fit_kwargs={}, groups=None, refit=False, probability_threshold=None, experiment_custom_tags=None, verbose=False, system=False, add_to_model_list=True, metrics=None, display=<pycaret.internal.display.display.CommonDisplay object at 0x0000026B26F29950>, model_only=True, return_train_score=False, error_score=0.0, kwargs={})
2026-03-07 08:15:41,360:INFO:Checking exceptions
2026-03-07 08:15:41,360:INFO:Importing libraries
2026-03-07 08:15:41,360:INFO:Copying training dataset
2026-03-07 08:15:41,367:INFO:Defining folds
2026-03-07 08:15:41,367:INFO:Declaring metric variables
2026-03-07 08:15:41,367:INFO:Importing untrained model
2026-03-07 08:15:41,374:INFO:Dummy Classifier Imported successfully
2026-03-07 08:15:41,381:INFO:Starting cross validation
2026-03-07 08:15:41,385:INFO:Cross validating with StratifiedKFold(n_splits=5, random_state=None, shuffle=False), n_jobs=-1
2026-03-07 08:15:41,573:WARNING:c:\Emergency_traige_final\triage_env2\Lib\site-packages\sklearn\metrics\_classification.py:1561: UserWarning: Note that pos_label (set to 5) is ignored when average != 'binary' (got 'weighted'). You may use labels=[pos_label] to specify a single positive class.
  warnings.warn(

2026-03-07 08:15:41,575:WARNING:c:\Emergency_traige_final\triage_env2\Lib\site-packages\sklearn\metrics\_classification.py:1561: UserWarning: Note that pos_label (set to 5) is ignored when average != 'binary' (got 'weighted'). You may use labels=[pos_label] to specify a single positive class.
  warnings.warn(

2026-03-07 08:15:41,576:WARNING:c:\Emergency_traige_final\triage_env2\Lib\site-packages\sklearn\metrics\_classification.py:1509: UndefinedMetricWarning: Precision is ill-defined and being set to 0.0 in labels with no predicted samples. Use `zero_division` parameter to control this behavior.
  _warn_prf(average, modifier, f"{metric.capitalize()} is", len(result))

2026-03-07 08:15:41,577:WARNING:c:\Emergency_traige_final\triage_env2\Lib\site-packages\sklearn\metrics\_classification.py:1561: UserWarning: Note that pos_label (set to 5) is ignored when average != 'binary' (got 'weighted'). You may use labels=[pos_label] to specify a single positive class.
  warnings.warn(

2026-03-07 08:15:41,577:WARNING:c:\Emergency_traige_final\triage_env2\Lib\site-packages\sklearn\metrics\_classification.py:1561: UserWarning: Note that pos_label (set to 5) is ignored when average != 'binary' (got 'weighted'). You may use labels=[pos_label] to specify a single positive class.
  warnings.warn(

2026-03-07 08:15:41,582:WARNING:c:\Emergency_traige_final\triage_env2\Lib\site-packages\sklearn\metrics\_classification.py:1561: UserWarning: Note that pos_label (set to 5) is ignored when average != 'binary' (got 'weighted'). You may use labels=[pos_label] to specify a single positive class.
  warnings.warn(

2026-03-07 08:15:41,582:WARNING:c:\Emergency_traige_final\triage_env2\Lib\site-packages\sklearn\metrics\_classification.py:1509: UndefinedMetricWarning: Precision is ill-defined and being set to 0.0 in labels with no predicted samples. Use `zero_division` parameter to control this behavior.
  _warn_prf(average, modifier, f"{metric.capitalize()} is", len(result))

2026-03-07 08:15:41,582:WARNING:c:\Emergency_traige_final\triage_env2\Lib\site-packages\sklearn\metrics\_classification.py:1561: UserWarning: Note that pos_label (set to 5) is ignored when average != 'binary' (got 'weighted'). You may use labels=[pos_label] to specify a single positive class.
  warnings.warn(

2026-03-07 08:15:41,586:WARNING:c:\Emergency_traige_final\triage_env2\Lib\site-packages\sklearn\metrics\_classification.py:1561: UserWarning: Note that pos_label (set to 5) is ignored when average != 'binary' (got 'weighted'). You may use labels=[pos_label] to specify a single positive class.
  warnings.warn(

2026-03-07 08:15:41,586:WARNING:c:\Emergency_traige_final\triage_env2\Lib\site-packages\sklearn\metrics\_classification.py:1561: UserWarning: Note that pos_label (set to 5) is ignored when average != 'binary' (got 'weighted'). You may use labels=[pos_label] to specify a single positive class.
  warnings.warn(

2026-03-07 08:15:41,586:WARNING:c:\Emergency_traige_final\triage_env2\Lib\site-packages\sklearn\metrics\_classification.py:1561: UserWarning: Note that pos_label (set to 5) is ignored when average != 'binary' (got 'weighted'). You may use labels=[pos_label] to specify a single positive class.
  warnings.warn(

2026-03-07 08:15:41,588:WARNING:c:\Emergency_traige_final\triage_env2\Lib\site-packages\sklearn\metrics\_classification.py:1509: UndefinedMetricWarning: Precision is ill-defined and being set to 0.0 in labels with no predicted samples. Use `zero_division` parameter to control this behavior.
  _warn_prf(average, modifier, f"{metric.capitalize()} is", len(result))

2026-03-07 08:15:41,588:WARNING:c:\Emergency_traige_final\triage_env2\Lib\site-packages\sklearn\metrics\_classification.py:1561: UserWarning: Note that pos_label (set to 5) is ignored when average != 'binary' (got 'weighted'). You may use labels=[pos_label] to specify a single positive class.
  warnings.warn(

2026-03-07 08:15:41,589:WARNING:c:\Emergency_traige_final\triage_env2\Lib\site-packages\sklearn\metrics\_classification.py:1561: UserWarning: Note that pos_label (set to 5) is ignored when average != 'binary' (got 'weighted'). You may use labels=[pos_label] to specify a single positive class.
  warnings.warn(

2026-03-07 08:15:41,589:WARNING:c:\Emergency_traige_final\triage_env2\Lib\site-packages\sklearn\metrics\_classification.py:1561: UserWarning: Note that pos_label (set to 5) is ignored when average != 'binary' (got 'weighted'). You may use labels=[pos_label] to specify a single positive class.
  warnings.warn(

2026-03-07 08:15:41,589:WARNING:c:\Emergency_traige_final\triage_env2\Lib\site-packages\sklearn\metrics\_classification.py:1509: UndefinedMetricWarning: Precision is ill-defined and being set to 0.0 in labels with no predicted samples. Use `zero_division` parameter to control this behavior.
  _warn_prf(average, modifier, f"{metric.capitalize()} is", len(result))

2026-03-07 08:15:41,591:WARNING:c:\Emergency_traige_final\triage_env2\Lib\site-packages\sklearn\metrics\_classification.py:1561: UserWarning: Note that pos_label (set to 5) is ignored when average != 'binary' (got 'weighted'). You may use labels=[pos_label] to specify a single positive class.
  warnings.warn(

2026-03-07 08:15:41,591:WARNING:c:\Emergency_traige_final\triage_env2\Lib\site-packages\sklearn\metrics\_classification.py:1561: UserWarning: Note that pos_label (set to 5) is ignored when average != 'binary' (got 'weighted'). You may use labels=[pos_label] to specify a single positive class.
  warnings.warn(

2026-03-07 08:15:41,591:WARNING:c:\Emergency_traige_final\triage_env2\Lib\site-packages\sklearn\metrics\_classification.py:1509: UndefinedMetricWarning: Precision is ill-defined and being set to 0.0 in labels with no predicted samples. Use `zero_division` parameter to control this behavior.
  _warn_prf(average, modifier, f"{metric.capitalize()} is", len(result))

2026-03-07 08:15:41,593:WARNING:c:\Emergency_traige_final\triage_env2\Lib\site-packages\sklearn\metrics\_classification.py:1561: UserWarning: Note that pos_label (set to 5) is ignored when average != 'binary' (got 'weighted'). You may use labels=[pos_label] to specify a single positive class.
  warnings.warn(

2026-03-07 08:15:41,598:INFO:Calculating mean and std
2026-03-07 08:15:41,598:INFO:Creating metrics dataframe
2026-03-07 08:15:41,598:INFO:Uploading results into container
2026-03-07 08:15:41,601:INFO:Uploading model into container now
2026-03-07 08:15:41,601:INFO:_master_model_container: 14
2026-03-07 08:15:41,601:INFO:_display_container: 2
2026-03-07 08:15:41,601:INFO:DummyClassifier(constant=None, random_state=123, strategy='prior')
2026-03-07 08:15:41,601:INFO:create_model() successfully completed......................................
2026-03-07 08:15:41,684:INFO:SubProcess create_model() end ==================================
2026-03-07 08:15:41,684:INFO:Creating metrics dataframe
2026-03-07 08:15:41,709:WARNING:c:\Emergency_traige_final\triage_env2\Lib\site-packages\pycaret\internal\pycaret_experiment\supervised_experiment.py:339: FutureWarning: Styler.applymap has been deprecated. Use Styler.map instead.
  .applymap(highlight_cols, subset=["TT (Sec)"])

2026-03-07 08:15:41,717:INFO:Initializing create_model()
2026-03-07 08:15:41,717:INFO:create_model(self=<pycaret.classification.oop.ClassificationExperiment object at 0x0000026B27D21B50>, estimator=LGBMClassifier(boosting_type='gbdt', class_weight=None, colsample_bytree=1.0,
               importance_type='split', learning_rate=0.1, max_depth=-1,
               min_child_samples=20, min_child_weight=0.001, min_split_gain=0.0,
               n_estimators=100, n_jobs=-1, num_leaves=31, objective=None,
               random_state=123, reg_alpha=0.0, reg_lambda=0.0, subsample=1.0,
               subsample_for_bin=200000, subsample_freq=0), fold=StratifiedKFold(n_splits=5, random_state=None, shuffle=False), round=4, cross_validation=False, predict=False, fit_kwargs={}, groups=None, refit=True, probability_threshold=None, experiment_custom_tags=None, verbose=False, system=False, add_to_model_list=True, metrics=None, display=None, model_only=True, return_train_score=False, error_score=0.0, kwargs={})
2026-03-07 08:15:41,717:INFO:Checking exceptions
2026-03-07 08:15:41,725:INFO:Importing libraries
2026-03-07 08:15:41,728:INFO:Copying training dataset
2026-03-07 08:15:41,735:INFO:Defining folds
2026-03-07 08:15:41,735:INFO:Declaring metric variables
2026-03-07 08:15:41,735:INFO:Importing untrained model
2026-03-07 08:15:41,735:INFO:Declaring custom model
2026-03-07 08:15:41,742:INFO:Light Gradient Boosting Machine Imported successfully
2026-03-07 08:15:41,742:INFO:Cross validation set to False
2026-03-07 08:15:41,742:INFO:Fitting Model
2026-03-07 08:15:41,864:INFO:[LightGBM] [Warning] Found whitespace in feature_names, replace with underlines
2026-03-07 08:15:41,865:INFO:[LightGBM] [Info] Auto-choosing col-wise multi-threading, the overhead of testing was 0.000664 seconds.
2026-03-07 08:15:41,865:INFO:You can set `force_col_wise=true` to remove the overhead.
2026-03-07 08:15:41,865:INFO:[LightGBM] [Info] Total Bins 783
2026-03-07 08:15:41,865:INFO:[LightGBM] [Info] Number of data points in the train set: 886, number of used features: 36
2026-03-07 08:15:41,865:INFO:[LightGBM] [Info] Start training from score -3.896345
2026-03-07 08:15:41,865:INFO:[LightGBM] [Info] Start training from score -1.749764
2026-03-07 08:15:41,865:INFO:[LightGBM] [Info] Start training from score -0.954834
2026-03-07 08:15:41,865:INFO:[LightGBM] [Info] Start training from score -1.015276
2026-03-07 08:15:41,867:INFO:[LightGBM] [Info] Start training from score -2.835473
2026-03-07 08:15:41,868:INFO:[LightGBM] [Warning] No further splits with positive gain, best gain: -inf
2026-03-07 08:15:41,868:INFO:[LightGBM] [Warning] No further splits with positive gain, best gain: -inf
2026-03-07 08:15:41,870:INFO:[LightGBM] [Warning] No further splits with positive gain, best gain: -inf
2026-03-07 08:15:41,870:INFO:[LightGBM] [Warning] No further splits with positive gain, best gain: -inf
2026-03-07 08:15:41,870:INFO:[LightGBM] [Warning] No further splits with positive gain, best gain: -inf
2026-03-07 08:15:41,872:INFO:[LightGBM] [Warning] No further splits with positive gain, best gain: -inf
2026-03-07 08:15:41,876:INFO:[LightGBM] [Warning] No further splits with positive gain, best gain: -inf
2026-03-07 08:15:41,878:INFO:[LightGBM] [Warning] No further splits with positive gain, best gain: -inf
2026-03-07 08:15:41,881:INFO:[LightGBM] [Warning] No further splits with positive gain, best gain: -inf
2026-03-07 08:15:41,885:INFO:[LightGBM] [Warning] No further splits with positive gain, best gain: -inf
2026-03-07 08:15:42,369:INFO:[LightGBM] [Warning] No further splits with positive gain, best gain: -inf
2026-03-07 08:15:42,373:INFO:[LightGBM] [Warning] No further splits with positive gain, best gain: -inf
2026-03-07 08:15:42,378:INFO:[LightGBM] [Warning] No further splits with positive gain, best gain: -inf
2026-03-07 08:15:42,383:INFO:[LightGBM] [Warning] No further splits with positive gain, best gain: -inf
2026-03-07 08:15:42,388:INFO:[LightGBM] [Warning] No further splits with positive gain, best gain: -inf
2026-03-07 08:15:42,392:INFO:[LightGBM] [Warning] No further splits with positive gain, best gain: -inf
2026-03-07 08:15:42,397:INFO:[LightGBM] [Warning] No further splits with positive gain, best gain: -inf
2026-03-07 08:15:42,397:INFO:[LightGBM] [Warning] No further splits with positive gain, best gain: -inf
2026-03-07 08:15:42,403:INFO:[LightGBM] [Warning] No further splits with positive gain, best gain: -inf
2026-03-07 08:15:42,403:INFO:[LightGBM] [Warning] No further splits with positive gain, best gain: -inf
2026-03-07 08:15:42,407:INFO:[LightGBM] [Warning] No further splits with positive gain, best gain: -inf
2026-03-07 08:15:42,407:INFO:[LightGBM] [Warning] No further splits with positive gain, best gain: -inf
2026-03-07 08:15:42,411:INFO:[LightGBM] [Warning] No further splits with positive gain, best gain: -inf
2026-03-07 08:15:42,411:INFO:[LightGBM] [Warning] No further splits with positive gain, best gain: -inf
2026-03-07 08:15:42,419:INFO:[LightGBM] [Warning] No further splits with positive gain, best gain: -inf
2026-03-07 08:15:42,421:INFO:[LightGBM] [Warning] No further splits with positive gain, best gain: -inf
2026-03-07 08:15:42,425:INFO:[LightGBM] [Warning] No further splits with positive gain, best gain: -inf
2026-03-07 08:15:42,425:INFO:[LightGBM] [Warning] No further splits with positive gain, best gain: -inf
2026-03-07 08:15:42,431:INFO:[LightGBM] [Warning] No further splits with positive gain, best gain: -inf
2026-03-07 08:15:42,431:INFO:[LightGBM] [Warning] No further splits with positive gain, best gain: -inf
2026-03-07 08:15:42,435:INFO:[LightGBM] [Warning] No further splits with positive gain, best gain: -inf
2026-03-07 08:15:42,435:INFO:[LightGBM] [Warning] No further splits with positive gain, best gain: -inf
2026-03-07 08:15:42,438:INFO:[LightGBM] [Warning] No further splits with positive gain, best gain: -inf
2026-03-07 08:15:42,438:INFO:[LightGBM] [Warning] No further splits with positive gain, best gain: -inf
2026-03-07 08:15:42,442:INFO:[LightGBM] [Warning] No further splits with positive gain, best gain: -inf
2026-03-07 08:15:42,443:INFO:[LightGBM] [Warning] No further splits with positive gain, best gain: -inf
2026-03-07 08:15:42,445:INFO:[LightGBM] [Warning] No further splits with positive gain, best gain: -inf
2026-03-07 08:15:42,447:INFO:[LightGBM] [Warning] No further splits with positive gain, best gain: -inf
2026-03-07 08:15:42,453:INFO:[LightGBM] [Warning] No further splits with positive gain, best gain: -inf
2026-03-07 08:15:42,453:INFO:[LightGBM] [Warning] No further splits with positive gain, best gain: -inf
2026-03-07 08:15:42,457:INFO:[LightGBM] [Warning] No further splits with positive gain, best gain: -inf
2026-03-07 08:15:42,458:INFO:[LightGBM] [Warning] No further splits with positive gain, best gain: -inf
2026-03-07 08:15:42,462:INFO:[LightGBM] [Warning] No further splits with positive gain, best gain: -inf
2026-03-07 08:15:42,462:INFO:[LightGBM] [Warning] No further splits with positive gain, best gain: -inf
2026-03-07 08:15:42,466:INFO:[LightGBM] [Warning] No further splits with positive gain, best gain: -inf
2026-03-07 08:15:42,466:INFO:[LightGBM] [Warning] No further splits with positive gain, best gain: -inf
2026-03-07 08:15:42,468:INFO:[LightGBM] [Warning] No further splits with positive gain, best gain: -inf
2026-03-07 08:15:42,468:INFO:[LightGBM] [Warning] No further splits with positive gain, best gain: -inf
2026-03-07 08:15:42,470:INFO:[LightGBM] [Warning] No further splits with positive gain, best gain: -inf
2026-03-07 08:15:42,474:INFO:[LightGBM] [Warning] No further splits with positive gain, best gain: -inf
2026-03-07 08:15:42,474:INFO:[LightGBM] [Warning] No further splits with positive gain, best gain: -inf
2026-03-07 08:15:42,477:INFO:[LightGBM] [Warning] No further splits with positive gain, best gain: -inf
2026-03-07 08:15:42,477:INFO:[LightGBM] [Warning] No further splits with positive gain, best gain: -inf
2026-03-07 08:15:42,478:INFO:[LightGBM] [Warning] No further splits with positive gain, best gain: -inf
2026-03-07 08:15:42,478:INFO:[LightGBM] [Warning] No further splits with positive gain, best gain: -inf
2026-03-07 08:15:42,480:INFO:[LightGBM] [Warning] No further splits with positive gain, best gain: -inf
2026-03-07 08:15:42,480:INFO:[LightGBM] [Warning] No further splits with positive gain, best gain: -inf
2026-03-07 08:15:42,482:INFO:[LightGBM] [Warning] No further splits with positive gain, best gain: -inf
2026-03-07 08:15:42,484:INFO:[LightGBM] [Warning] No further splits with positive gain, best gain: -inf
2026-03-07 08:15:42,484:INFO:[LightGBM] [Warning] No further splits with positive gain, best gain: -inf
2026-03-07 08:15:42,485:INFO:[LightGBM] [Warning] No further splits with positive gain, best gain: -inf
2026-03-07 08:15:42,485:INFO:[LightGBM] [Warning] No further splits with positive gain, best gain: -inf
2026-03-07 08:15:42,487:INFO:[LightGBM] [Warning] No further splits with positive gain, best gain: -inf
2026-03-07 08:15:42,487:INFO:[LightGBM] [Warning] No further splits with positive gain, best gain: -inf
2026-03-07 08:15:42,487:INFO:[LightGBM] [Warning] No further splits with positive gain, best gain: -inf
2026-03-07 08:15:42,487:INFO:[LightGBM] [Warning] No further splits with positive gain, best gain: -inf
2026-03-07 08:15:42,489:INFO:[LightGBM] [Warning] No further splits with positive gain, best gain: -inf
2026-03-07 08:15:42,489:INFO:[LightGBM] [Warning] No further splits with positive gain, best gain: -inf
2026-03-07 08:15:42,489:INFO:[LightGBM] [Warning] No further splits with positive gain, best gain: -inf
2026-03-07 08:15:42,490:INFO:[LightGBM] [Warning] No further splits with positive gain, best gain: -inf
2026-03-07 08:15:42,494:INFO:[LightGBM] [Warning] No further splits with positive gain, best gain: -inf
2026-03-07 08:15:42,494:INFO:[LightGBM] [Warning] No further splits with positive gain, best gain: -inf
2026-03-07 08:15:42,494:INFO:[LightGBM] [Warning] No further splits with positive gain, best gain: -inf
2026-03-07 08:15:42,496:INFO:[LightGBM] [Warning] No further splits with positive gain, best gain: -inf
2026-03-07 08:15:42,496:INFO:[LightGBM] [Warning] No further splits with positive gain, best gain: -inf
2026-03-07 08:15:42,496:INFO:[LightGBM] [Warning] No further splits with positive gain, best gain: -inf
2026-03-07 08:15:42,498:INFO:[LightGBM] [Warning] No further splits with positive gain, best gain: -inf
2026-03-07 08:15:42,498:INFO:[LightGBM] [Warning] No further splits with positive gain, best gain: -inf
2026-03-07 08:15:42,499:INFO:[LightGBM] [Warning] No further splits with positive gain, best gain: -inf
2026-03-07 08:15:42,499:INFO:[LightGBM] [Warning] No further splits with positive gain, best gain: -inf
2026-03-07 08:15:42,499:INFO:[LightGBM] [Warning] No further splits with positive gain, best gain: -inf
2026-03-07 08:15:42,501:INFO:[LightGBM] [Warning] No further splits with positive gain, best gain: -inf
2026-03-07 08:15:42,503:INFO:[LightGBM] [Warning] No further splits with positive gain, best gain: -inf
2026-03-07 08:15:42,503:INFO:[LightGBM] [Warning] No further splits with positive gain, best gain: -inf
2026-03-07 08:15:42,503:INFO:[LightGBM] [Warning] No further splits with positive gain, best gain: -inf
2026-03-07 08:15:42,503:INFO:[LightGBM] [Warning] No further splits with positive gain, best gain: -inf
2026-03-07 08:15:42,505:INFO:[LightGBM] [Warning] No further splits with positive gain, best gain: -inf
2026-03-07 08:15:42,507:INFO:[LightGBM] [Warning] No further splits with positive gain, best gain: -inf
2026-03-07 08:15:42,507:INFO:[LightGBM] [Warning] No further splits with positive gain, best gain: -inf
2026-03-07 08:15:42,507:INFO:[LightGBM] [Warning] No further splits with positive gain, best gain: -inf
2026-03-07 08:15:42,509:INFO:[LightGBM] [Warning] No further splits with positive gain, best gain: -inf
2026-03-07 08:15:42,509:INFO:[LightGBM] [Warning] No further splits with positive gain, best gain: -inf
2026-03-07 08:15:42,511:INFO:[LightGBM] [Warning] No further splits with positive gain, best gain: -inf
2026-03-07 08:15:42,511:INFO:[LightGBM] [Warning] No further splits with positive gain, best gain: -inf
2026-03-07 08:15:42,511:INFO:[LightGBM] [Warning] No further splits with positive gain, best gain: -inf
2026-03-07 08:15:42,513:INFO:[LightGBM] [Warning] No further splits with positive gain, best gain: -inf
2026-03-07 08:15:42,513:INFO:[LightGBM] [Warning] No further splits with positive gain, best gain: -inf
2026-03-07 08:15:42,515:INFO:[LightGBM] [Warning] No further splits with positive gain, best gain: -inf
2026-03-07 08:15:42,515:INFO:[LightGBM] [Warning] No further splits with positive gain, best gain: -inf
2026-03-07 08:15:42,515:INFO:[LightGBM] [Warning] No further splits with positive gain, best gain: -inf
2026-03-07 08:15:42,517:INFO:[LightGBM] [Warning] No further splits with positive gain, best gain: -inf
2026-03-07 08:15:42,517:INFO:[LightGBM] [Warning] No further splits with positive gain, best gain: -inf
2026-03-07 08:15:42,517:INFO:[LightGBM] [Warning] No further splits with positive gain, best gain: -inf
2026-03-07 08:15:42,517:INFO:[LightGBM] [Warning] No further splits with positive gain, best gain: -inf
2026-03-07 08:15:42,517:INFO:[LightGBM] [Warning] No further splits with positive gain, best gain: -inf
2026-03-07 08:15:42,519:INFO:[LightGBM] [Warning] No further splits with positive gain, best gain: -inf
2026-03-07 08:15:42,519:INFO:[LightGBM] [Warning] No further splits with positive gain, best gain: -inf
2026-03-07 08:15:42,521:INFO:[LightGBM] [Warning] No further splits with positive gain, best gain: -inf
2026-03-07 08:15:42,521:INFO:[LightGBM] [Warning] No further splits with positive gain, best gain: -inf
2026-03-07 08:15:42,521:INFO:[LightGBM] [Warning] No further splits with positive gain, best gain: -inf
2026-03-07 08:15:42,523:INFO:[LightGBM] [Warning] No further splits with positive gain, best gain: -inf
2026-03-07 08:15:42,525:INFO:[LightGBM] [Warning] No further splits with positive gain, best gain: -inf
2026-03-07 08:15:42,525:INFO:[LightGBM] [Warning] No further splits with positive gain, best gain: -inf
2026-03-07 08:15:42,527:INFO:[LightGBM] [Warning] No further splits with positive gain, best gain: -inf
2026-03-07 08:15:42,527:INFO:[LightGBM] [Warning] No further splits with positive gain, best gain: -inf
2026-03-07 08:15:42,527:INFO:[LightGBM] [Warning] No further splits with positive gain, best gain: -inf
2026-03-07 08:15:42,529:INFO:[LightGBM] [Warning] No further splits with positive gain, best gain: -inf
2026-03-07 08:15:42,529:INFO:[LightGBM] [Warning] No further splits with positive gain, best gain: -inf
2026-03-07 08:15:42,529:INFO:[LightGBM] [Warning] No further splits with positive gain, best gain: -inf
2026-03-07 08:15:42,529:INFO:[LightGBM] [Warning] No further splits with positive gain, best gain: -inf
2026-03-07 08:15:42,529:INFO:[LightGBM] [Warning] No further splits with positive gain, best gain: -inf
2026-03-07 08:15:42,531:INFO:[LightGBM] [Warning] No further splits with positive gain, best gain: -inf
2026-03-07 08:15:42,531:INFO:[LightGBM] [Warning] No further splits with positive gain, best gain: -inf
2026-03-07 08:15:42,531:INFO:[LightGBM] [Warning] No further splits with positive gain, best gain: -inf
2026-03-07 08:15:42,531:INFO:[LightGBM] [Warning] No further splits with positive gain, best gain: -inf
2026-03-07 08:15:42,531:INFO:[LightGBM] [Warning] No further splits with positive gain, best gain: -inf
2026-03-07 08:15:42,531:INFO:[LightGBM] [Warning] No further splits with positive gain, best gain: -inf
2026-03-07 08:15:42,533:INFO:[LightGBM] [Warning] No further splits with positive gain, best gain: -inf
2026-03-07 08:15:42,533:INFO:[LightGBM] [Warning] No further splits with positive gain, best gain: -inf
2026-03-07 08:15:42,533:INFO:[LightGBM] [Warning] No further splits with positive gain, best gain: -inf
2026-03-07 08:15:42,533:INFO:[LightGBM] [Warning] No further splits with positive gain, best gain: -inf
2026-03-07 08:15:42,535:INFO:[LightGBM] [Warning] No further splits with positive gain, best gain: -inf
2026-03-07 08:15:42,537:INFO:[LightGBM] [Warning] No further splits with positive gain, best gain: -inf
2026-03-07 08:15:42,537:INFO:[LightGBM] [Warning] No further splits with positive gain, best gain: -inf
2026-03-07 08:15:42,537:INFO:[LightGBM] [Warning] No further splits with positive gain, best gain: -inf
2026-03-07 08:15:42,537:INFO:[LightGBM] [Warning] No further splits with positive gain, best gain: -inf
2026-03-07 08:15:42,539:INFO:[LightGBM] [Warning] No further splits with positive gain, best gain: -inf
2026-03-07 08:15:42,539:INFO:[LightGBM] [Warning] No further splits with positive gain, best gain: -inf
2026-03-07 08:15:42,539:INFO:[LightGBM] [Warning] No further splits with positive gain, best gain: -inf
2026-03-07 08:15:42,539:INFO:[LightGBM] [Warning] No further splits with positive gain, best gain: -inf
2026-03-07 08:15:42,540:INFO:[LightGBM] [Warning] No further splits with positive gain, best gain: -inf
2026-03-07 08:15:42,540:INFO:[LightGBM] [Warning] No further splits with positive gain, best gain: -inf
2026-03-07 08:15:42,540:INFO:[LightGBM] [Warning] No further splits with positive gain, best gain: -inf
2026-03-07 08:15:42,540:INFO:[LightGBM] [Warning] No further splits with positive gain, best gain: -inf
2026-03-07 08:15:42,540:INFO:[LightGBM] [Warning] No further splits with positive gain, best gain: -inf
2026-03-07 08:15:42,543:INFO:[LightGBM] [Warning] No further splits with positive gain, best gain: -inf
2026-03-07 08:15:42,543:INFO:[LightGBM] [Warning] No further splits with positive gain, best gain: -inf
2026-03-07 08:15:42,543:INFO:[LightGBM] [Warning] No further splits with positive gain, best gain: -inf
2026-03-07 08:15:42,543:INFO:[LightGBM] [Warning] No further splits with positive gain, best gain: -inf
2026-03-07 08:15:42,543:INFO:[LightGBM] [Warning] No further splits with positive gain, best gain: -inf
2026-03-07 08:15:42,543:INFO:[LightGBM] [Warning] No further splits with positive gain, best gain: -inf
2026-03-07 08:15:42,545:INFO:[LightGBM] [Warning] No further splits with positive gain, best gain: -inf
2026-03-07 08:15:42,545:INFO:[LightGBM] [Warning] No further splits with positive gain, best gain: -inf
2026-03-07 08:15:42,545:INFO:[LightGBM] [Warning] No further splits with positive gain, best gain: -inf
2026-03-07 08:15:42,545:INFO:[LightGBM] [Warning] No further splits with positive gain, best gain: -inf
2026-03-07 08:15:42,545:INFO:[LightGBM] [Warning] No further splits with positive gain, best gain: -inf
2026-03-07 08:15:42,545:INFO:[LightGBM] [Warning] No further splits with positive gain, best gain: -inf
2026-03-07 08:15:42,545:INFO:[LightGBM] [Warning] No further splits with positive gain, best gain: -inf
2026-03-07 08:15:42,547:INFO:[LightGBM] [Warning] No further splits with positive gain, best gain: -inf
2026-03-07 08:15:42,547:INFO:[LightGBM] [Warning] No further splits with positive gain, best gain: -inf
2026-03-07 08:15:42,547:INFO:[LightGBM] [Warning] No further splits with positive gain, best gain: -inf
2026-03-07 08:15:42,547:INFO:[LightGBM] [Warning] No further splits with positive gain, best gain: -inf
2026-03-07 08:15:42,547:INFO:[LightGBM] [Warning] No further splits with positive gain, best gain: -inf
2026-03-07 08:15:42,547:INFO:[LightGBM] [Warning] No further splits with positive gain, best gain: -inf
2026-03-07 08:15:42,547:INFO:[LightGBM] [Warning] No further splits with positive gain, best gain: -inf
2026-03-07 08:15:42,547:INFO:[LightGBM] [Warning] No further splits with positive gain, best gain: -inf
2026-03-07 08:15:42,547:INFO:[LightGBM] [Warning] No further splits with positive gain, best gain: -inf
2026-03-07 08:15:42,549:INFO:[LightGBM] [Warning] No further splits with positive gain, best gain: -inf
2026-03-07 08:15:42,549:INFO:[LightGBM] [Warning] No further splits with positive gain, best gain: -inf
2026-03-07 08:15:42,598:INFO:LGBMClassifier(boosting_type='gbdt', class_weight=None, colsample_bytree=1.0,
               importance_type='split', learning_rate=0.1, max_depth=-1,
               min_child_samples=20, min_child_weight=0.001, min_split_gain=0.0,
               n_estimators=100, n_jobs=-1, num_leaves=31, objective=None,
               random_state=123, reg_alpha=0.0, reg_lambda=0.0, subsample=1.0,
               subsample_for_bin=200000, subsample_freq=0)
2026-03-07 08:15:42,600:INFO:create_model() successfully completed......................................
2026-03-07 08:15:42,709:INFO:_master_model_container: 14
2026-03-07 08:15:42,709:INFO:_display_container: 2
2026-03-07 08:15:42,709:INFO:LGBMClassifier(boosting_type='gbdt', class_weight=None, colsample_bytree=1.0,
               importance_type='split', learning_rate=0.1, max_depth=-1,
               min_child_samples=20, min_child_weight=0.001, min_split_gain=0.0,
               n_estimators=100, n_jobs=-1, num_leaves=31, objective=None,
               random_state=123, reg_alpha=0.0, reg_lambda=0.0, subsample=1.0,
               subsample_for_bin=200000, subsample_freq=0)
2026-03-07 08:15:42,709:INFO:compare_models() successfully completed......................................
2026-03-07 08:23:44,858:WARNING:
'cuml' is a soft dependency and not included in the pycaret installation. Please run: `pip install cuml` to install.
2026-03-07 08:23:44,858:WARNING:
'cuml' is a soft dependency and not included in the pycaret installation. Please run: `pip install cuml` to install.
2026-03-07 08:23:44,858:WARNING:
'cuml' is a soft dependency and not included in the pycaret installation. Please run: `pip install cuml` to install.
2026-03-07 08:23:44,858:WARNING:
'cuml' is a soft dependency and not included in the pycaret installation. Please run: `pip install cuml` to install.
2026-03-07 08:23:54,295:INFO:PyCaret ClassificationExperiment
2026-03-07 08:23:54,295:INFO:Logging name: clf-default-name
2026-03-07 08:23:54,295:INFO:ML Usecase: MLUsecase.CLASSIFICATION
2026-03-07 08:23:54,295:INFO:version 3.3.2
2026-03-07 08:23:54,295:INFO:Initializing setup()
2026-03-07 08:23:54,295:INFO:self.USI: d688
2026-03-07 08:23:54,295:INFO:self._variable_keys: {'_available_plots', 'fold_generator', 'X', 'exp_name_log', 'gpu_param', 'y_train', 'n_jobs_param', 'fold_groups_param', '_ml_usecase', 'fix_imbalance', 'seed', 'exp_id', 'log_plots_param', 'target_param', 'fold_shuffle_param', 'pipeline', 'html_param', 'y_test', 'X_test', 'is_multiclass', 'data', 'gpu_n_jobs_param', 'logging_param', 'memory', 'USI', 'y', 'X_train', 'idx'}
2026-03-07 08:23:54,296:INFO:Checking environment
2026-03-07 08:23:54,296:INFO:python_version: 3.11.3
2026-03-07 08:23:54,296:INFO:python_build: ('tags/v3.11.3:f3909b8', 'Apr  4 2023 23:49:59')
2026-03-07 08:23:54,296:INFO:machine: AMD64
2026-03-07 08:23:54,296:INFO:platform: Windows-10-10.0.26200-SP0
2026-03-07 08:23:54,296:INFO:Memory: svmem(total=16858472448, available=5328035840, percent=68.4, used=11530436608, free=5328035840)
2026-03-07 08:23:54,296:INFO:Physical Core: 12
2026-03-07 08:23:54,296:INFO:Logical Core: 16
2026-03-07 08:23:54,296:INFO:Checking libraries
2026-03-07 08:23:54,296:INFO:System:
2026-03-07 08:23:54,296:INFO:    python: 3.11.3 (tags/v3.11.3:f3909b8, Apr  4 2023, 23:49:59) [MSC v.1934 64 bit (AMD64)]
2026-03-07 08:23:54,296:INFO:executable: c:\Emergency_traige_final\triage_env2\Scripts\python.exe
2026-03-07 08:23:54,296:INFO:   machine: Windows-10-10.0.26200-SP0
2026-03-07 08:23:54,296:INFO:PyCaret required dependencies:
2026-03-07 08:23:54,298:WARNING:c:\Emergency_traige_final\triage_env2\Lib\site-packages\_distutils_hack\__init__.py:33: UserWarning: Setuptools is replacing distutils.
  warnings.warn("Setuptools is replacing distutils.")

2026-03-07 08:23:54,337:INFO:                 pip: 26.0.1
2026-03-07 08:23:54,337:INFO:          setuptools: 65.5.0
2026-03-07 08:23:54,337:INFO:             pycaret: 3.3.2
2026-03-07 08:23:54,337:INFO:             IPython: 9.10.0
2026-03-07 08:23:54,337:INFO:          ipywidgets: 8.1.8
2026-03-07 08:23:54,337:INFO:                tqdm: 4.67.3
2026-03-07 08:23:54,337:INFO:               numpy: 1.26.4
2026-03-07 08:23:54,337:INFO:              pandas: 2.1.4
2026-03-07 08:23:54,337:INFO:              jinja2: 3.1.6
2026-03-07 08:23:54,337:INFO:               scipy: 1.11.4
2026-03-07 08:23:54,337:INFO:              joblib: 1.3.2
2026-03-07 08:23:54,337:INFO:             sklearn: 1.4.2
2026-03-07 08:23:54,337:INFO:                pyod: 2.0.7
2026-03-07 08:23:54,337:INFO:            imblearn: 0.14.1
2026-03-07 08:23:54,337:INFO:   category_encoders: 2.7.0
2026-03-07 08:23:54,337:INFO:            lightgbm: 4.6.0
2026-03-07 08:23:54,337:INFO:               numba: 0.64.0
2026-03-07 08:23:54,337:INFO:            requests: 2.32.5
2026-03-07 08:23:54,337:INFO:          matplotlib: 3.7.5
2026-03-07 08:23:54,337:INFO:          scikitplot: 0.3.7
2026-03-07 08:23:54,337:INFO:         yellowbrick: 1.5
2026-03-07 08:23:54,337:INFO:              plotly: 6.6.0
2026-03-07 08:23:54,337:INFO:    plotly-resampler: Not installed
2026-03-07 08:23:54,337:INFO:             kaleido: 1.2.0
2026-03-07 08:23:54,337:INFO:           schemdraw: 0.15
2026-03-07 08:23:54,337:INFO:         statsmodels: 0.14.6
2026-03-07 08:23:54,337:INFO:              sktime: 0.26.0
2026-03-07 08:23:54,337:INFO:               tbats: 1.1.3
2026-03-07 08:23:54,337:INFO:            pmdarima: 2.0.4
2026-03-07 08:23:54,337:INFO:              psutil: 7.2.2
2026-03-07 08:23:54,337:INFO:          markupsafe: 3.0.3
2026-03-07 08:23:54,337:INFO:             pickle5: Not installed
2026-03-07 08:23:54,337:INFO:         cloudpickle: 3.1.2
2026-03-07 08:23:54,337:INFO:         deprecation: 2.1.0
2026-03-07 08:23:54,337:INFO:              xxhash: 3.6.0
2026-03-07 08:23:54,337:INFO:           wurlitzer: Not installed
2026-03-07 08:23:54,337:INFO:PyCaret optional dependencies:
2026-03-07 08:23:54,351:INFO:                shap: Not installed
2026-03-07 08:23:54,351:INFO:           interpret: Not installed
2026-03-07 08:23:54,351:INFO:                umap: Not installed
2026-03-07 08:23:54,351:INFO:     ydata_profiling: Not installed
2026-03-07 08:23:54,351:INFO:  explainerdashboard: Not installed
2026-03-07 08:23:54,351:INFO:             autoviz: Not installed
2026-03-07 08:23:54,351:INFO:           fairlearn: Not installed
2026-03-07 08:23:54,351:INFO:          deepchecks: Not installed
2026-03-07 08:23:54,351:INFO:             xgboost: Not installed
2026-03-07 08:23:54,351:INFO:            catboost: Not installed
2026-03-07 08:23:54,351:INFO:              kmodes: Not installed
2026-03-07 08:23:54,351:INFO:             mlxtend: Not installed
2026-03-07 08:23:54,351:INFO:       statsforecast: Not installed
2026-03-07 08:23:54,351:INFO:        tune_sklearn: Not installed
2026-03-07 08:23:54,351:INFO:                 ray: Not installed
2026-03-07 08:23:54,351:INFO:            hyperopt: Not installed
2026-03-07 08:23:54,351:INFO:              optuna: Not installed
2026-03-07 08:23:54,351:INFO:               skopt: Not installed
2026-03-07 08:23:54,357:INFO:              mlflow: Not installed
2026-03-07 08:23:54,357:INFO:              gradio: Not installed
2026-03-07 08:23:54,357:INFO:             fastapi: Not installed
2026-03-07 08:23:54,357:INFO:             uvicorn: Not installed
2026-03-07 08:23:54,357:INFO:              m2cgen: Not installed
2026-03-07 08:23:54,357:INFO:           evidently: Not installed
2026-03-07 08:23:54,357:INFO:               fugue: Not installed
2026-03-07 08:23:54,357:INFO:           streamlit: Not installed
2026-03-07 08:23:54,357:INFO:             prophet: Not installed
2026-03-07 08:23:54,357:INFO:None
2026-03-07 08:23:54,357:INFO:Set up data.
2026-03-07 08:23:54,364:INFO:Set up folding strategy.
2026-03-07 08:23:54,364:INFO:Set up train/test split.
2026-03-07 08:23:54,379:INFO:Set up index.
2026-03-07 08:23:54,379:INFO:Assigning column types.
2026-03-07 08:23:54,386:INFO:Engine successfully changes for model 'lr' to 'sklearn'.
2026-03-07 08:23:54,427:INFO:Engine for model 'knn' has not been set explicitly, hence returning None.
2026-03-07 08:23:54,438:INFO:Engine for model 'rbfsvm' has not been set explicitly, hence returning None.
2026-03-07 08:23:54,466:WARNING:
'xgboost' is a soft dependency and not included in the pycaret installation. Please run: `pip install xgboost` to install.
Alternately, you can install this by running `pip install pycaret[models]`
2026-03-07 08:23:54,466:WARNING:
'catboost' is a soft dependency and not included in the pycaret installation. Please run: `pip install catboost` to install.
Alternately, you can install this by running `pip install pycaret[models]`
2026-03-07 08:23:54,510:INFO:Engine for model 'knn' has not been set explicitly, hence returning None.
2026-03-07 08:23:54,510:INFO:Engine for model 'rbfsvm' has not been set explicitly, hence returning None.
2026-03-07 08:23:54,533:WARNING:
'xgboost' is a soft dependency and not included in the pycaret installation. Please run: `pip install xgboost` to install.
Alternately, you can install this by running `pip install pycaret[models]`
2026-03-07 08:23:54,533:WARNING:
'catboost' is a soft dependency and not included in the pycaret installation. Please run: `pip install catboost` to install.
Alternately, you can install this by running `pip install pycaret[models]`
2026-03-07 08:23:54,533:INFO:Engine successfully changes for model 'knn' to 'sklearn'.
2026-03-07 08:23:54,575:INFO:Engine for model 'rbfsvm' has not been set explicitly, hence returning None.
2026-03-07 08:23:54,601:WARNING:
'xgboost' is a soft dependency and not included in the pycaret installation. Please run: `pip install xgboost` to install.
Alternately, you can install this by running `pip install pycaret[models]`
2026-03-07 08:23:54,601:WARNING:
'catboost' is a soft dependency and not included in the pycaret installation. Please run: `pip install catboost` to install.
Alternately, you can install this by running `pip install pycaret[models]`
2026-03-07 08:23:54,641:INFO:Engine for model 'rbfsvm' has not been set explicitly, hence returning None.
2026-03-07 08:23:54,666:WARNING:
'xgboost' is a soft dependency and not included in the pycaret installation. Please run: `pip install xgboost` to install.
Alternately, you can install this by running `pip install pycaret[models]`
2026-03-07 08:23:54,666:WARNING:
'catboost' is a soft dependency and not included in the pycaret installation. Please run: `pip install catboost` to install.
Alternately, you can install this by running `pip install pycaret[models]`
2026-03-07 08:23:54,666:INFO:Engine successfully changes for model 'rbfsvm' to 'sklearn'.
2026-03-07 08:23:54,732:WARNING:
'xgboost' is a soft dependency and not included in the pycaret installation. Please run: `pip install xgboost` to install.
Alternately, you can install this by running `pip install pycaret[models]`
2026-03-07 08:23:54,732:WARNING:
'catboost' is a soft dependency and not included in the pycaret installation. Please run: `pip install catboost` to install.
Alternately, you can install this by running `pip install pycaret[models]`
2026-03-07 08:23:54,798:WARNING:
'xgboost' is a soft dependency and not included in the pycaret installation. Please run: `pip install xgboost` to install.
Alternately, you can install this by running `pip install pycaret[models]`
2026-03-07 08:23:54,798:WARNING:
'catboost' is a soft dependency and not included in the pycaret installation. Please run: `pip install catboost` to install.
Alternately, you can install this by running `pip install pycaret[models]`
2026-03-07 08:23:54,798:INFO:Preparing preprocessing pipeline...
2026-03-07 08:23:54,803:INFO:Set up label encoding.
2026-03-07 08:23:54,803:INFO:Set up simple imputation.
2026-03-07 08:23:54,807:INFO:Set up encoding of categorical features.
2026-03-07 08:23:54,807:INFO:Set up column name cleaning.
2026-03-07 08:23:55,122:INFO:Finished creating preprocessing pipeline.
2026-03-07 08:23:55,136:INFO:Pipeline: Pipeline(memory=FastMemory(location=C:\Users\Khushal\AppData\Local\Temp\joblib),
         steps=[('label_encoding',
                 TransformerWrapperWithInverse(exclude=None, include=None,
                                               transformer=LabelEncoder())),
                ('numerical_imputer',
                 TransformerWrapper(exclude=None,
                                    include=['Group', 'Sex', 'Age',
                                             'Patients number per hour',
                                             'Arrival mode', 'Injury', 'Mental',
                                             'Pain', 'KTAS_RN', 'Disp...
                                                                    'DBP', 'HR',
                                                                    'BT',
                                                                    'Diagnosis '
                                                                    'in ED',
                                                                    'KTAS '
                                                                    'duration_min'],
                                                              drop_invariant=False,
                                                              handle_missing='return_nan',
                                                              handle_unknown='value',
                                                              hierarchy=None,
                                                              min_samples_leaf=20,
                                                              return_df=True,
                                                              smoothing=10,
                                                              verbose=0))),
                ('clean_column_names',
                 TransformerWrapper(exclude=None, include=None,
                                    transformer=CleanColumnNames(match='[\\]\\[\\,\\{\\}\\"\\:]+')))],
         verbose=False)
2026-03-07 08:23:55,136:INFO:Creating final display dataframe.
2026-03-07 08:23:55,322:INFO:Setup _display_container:                     Description                         Value
0                    Session id                           123
1                        Target                   KTAS_expert
2                   Target type                    Multiclass
3                Target mapping  1: 0, 2: 1, 3: 2, 4: 3, 5: 4
4           Original data shape                    (1267, 24)
5        Transformed data shape                    (1267, 62)
6   Transformed train set shape                     (886, 62)
7    Transformed test set shape                     (381, 62)
8              Numeric features                            13
9          Categorical features                            10
10     Rows with missing values                         54.5%
11                   Preprocess                          True
12              Imputation type                        simple
13           Numeric imputation                          mean
14       Categorical imputation                          mode
15     Maximum one-hot encoding                            25
16              Encoding method                          None
17               Fold Generator               StratifiedKFold
18                  Fold Number                             5
19                     CPU Jobs                            -1
20                      Use GPU                         False
21               Log Experiment                         False
22              Experiment Name              clf-default-name
23                          USI                          d688
2026-03-07 08:23:55,411:WARNING:
'xgboost' is a soft dependency and not included in the pycaret installation. Please run: `pip install xgboost` to install.
Alternately, you can install this by running `pip install pycaret[models]`
2026-03-07 08:23:55,411:WARNING:
'catboost' is a soft dependency and not included in the pycaret installation. Please run: `pip install catboost` to install.
Alternately, you can install this by running `pip install pycaret[models]`
2026-03-07 08:23:55,481:WARNING:
'xgboost' is a soft dependency and not included in the pycaret installation. Please run: `pip install xgboost` to install.
Alternately, you can install this by running `pip install pycaret[models]`
2026-03-07 08:23:55,481:WARNING:
'catboost' is a soft dependency and not included in the pycaret installation. Please run: `pip install catboost` to install.
Alternately, you can install this by running `pip install pycaret[models]`
2026-03-07 08:23:55,486:INFO:setup() successfully completed in 1.2s...............
2026-03-07 08:24:03,480:INFO:Initializing compare_models()
2026-03-07 08:24:03,480:INFO:compare_models(self=<pycaret.classification.oop.ClassificationExperiment object at 0x000001D7306D3CD0>, include=None, exclude=None, fold=None, round=4, cross_validation=True, sort=AUC, n_select=1, budget_time=None, turbo=True, errors=ignore, fit_kwargs=None, groups=None, experiment_custom_tags=None, probability_threshold=None, verbose=True, parallel=None, caller_params={'self': <pycaret.classification.oop.ClassificationExperiment object at 0x000001D7306D3CD0>, 'include': None, 'exclude': None, 'fold': None, 'round': 4, 'cross_validation': True, 'sort': 'AUC', 'n_select': 1, 'budget_time': None, 'turbo': True, 'errors': 'ignore', 'fit_kwargs': None, 'groups': None, 'experiment_custom_tags': None, 'probability_threshold': None, 'engine': None, 'verbose': True, 'parallel': None, '__class__': <class 'pycaret.classification.oop.ClassificationExperiment'>})
2026-03-07 08:24:03,480:INFO:Checking exceptions
2026-03-07 08:24:03,488:INFO:Preparing display monitor
2026-03-07 08:24:03,520:INFO:Initializing Logistic Regression
2026-03-07 08:24:03,520:INFO:Total runtime is 0.0 minutes
2026-03-07 08:24:03,520:INFO:SubProcess create_model() called ==================================
2026-03-07 08:24:03,520:INFO:Initializing create_model()
2026-03-07 08:24:03,520:INFO:create_model(self=<pycaret.classification.oop.ClassificationExperiment object at 0x000001D7306D3CD0>, estimator=lr, fold=StratifiedKFold(n_splits=5, random_state=None, shuffle=False), round=4, cross_validation=True, predict=True, fit_kwargs={}, groups=None, refit=False, probability_threshold=None, experiment_custom_tags=None, verbose=False, system=False, add_to_model_list=True, metrics=None, display=<pycaret.internal.display.display.CommonDisplay object at 0x000001D76BFD0ED0>, model_only=True, return_train_score=False, error_score=0.0, kwargs={})
2026-03-07 08:24:03,520:INFO:Checking exceptions
2026-03-07 08:24:03,520:INFO:Importing libraries
2026-03-07 08:24:03,520:INFO:Copying training dataset
2026-03-07 08:24:03,529:INFO:Defining folds
2026-03-07 08:24:03,529:INFO:Declaring metric variables
2026-03-07 08:24:03,536:INFO:Importing untrained model
2026-03-07 08:24:03,536:INFO:Logistic Regression Imported successfully
2026-03-07 08:24:03,542:INFO:Starting cross validation
2026-03-07 08:24:03,551:INFO:Cross validating with StratifiedKFold(n_splits=5, random_state=None, shuffle=False), n_jobs=-1
2026-03-07 08:24:07,399:WARNING:c:\Emergency_traige_final\triage_env2\Lib\site-packages\_distutils_hack\__init__.py:33: UserWarning: Setuptools is replacing distutils.
  warnings.warn("Setuptools is replacing distutils.")

2026-03-07 08:24:07,403:WARNING:c:\Emergency_traige_final\triage_env2\Lib\site-packages\_distutils_hack\__init__.py:33: UserWarning: Setuptools is replacing distutils.
  warnings.warn("Setuptools is replacing distutils.")

2026-03-07 08:24:07,449:WARNING:c:\Emergency_traige_final\triage_env2\Lib\site-packages\_distutils_hack\__init__.py:33: UserWarning: Setuptools is replacing distutils.
  warnings.warn("Setuptools is replacing distutils.")

2026-03-07 08:24:07,473:WARNING:c:\Emergency_traige_final\triage_env2\Lib\site-packages\_distutils_hack\__init__.py:33: UserWarning: Setuptools is replacing distutils.
  warnings.warn("Setuptools is replacing distutils.")

2026-03-07 08:24:07,473:WARNING:c:\Emergency_traige_final\triage_env2\Lib\site-packages\_distutils_hack\__init__.py:33: UserWarning: Setuptools is replacing distutils.
  warnings.warn("Setuptools is replacing distutils.")

2026-03-07 08:24:07,980:WARNING:c:\Emergency_traige_final\triage_env2\Lib\site-packages\sklearn\linear_model\_logistic.py:469: ConvergenceWarning: lbfgs failed to converge (status=1):
STOP: TOTAL NO. of ITERATIONS REACHED LIMIT.

Increase the number of iterations (max_iter) or scale the data as shown in:
    https://scikit-learn.org/stable/modules/preprocessing.html
Please also refer to the documentation for alternative solver options:
    https://scikit-learn.org/stable/modules/linear_model.html#logistic-regression
  n_iter_i = _check_optimize_result(

2026-03-07 08:24:08,006:WARNING:c:\Emergency_traige_final\triage_env2\Lib\site-packages\sklearn\linear_model\_logistic.py:469: ConvergenceWarning: lbfgs failed to converge (status=1):
STOP: TOTAL NO. of ITERATIONS REACHED LIMIT.

Increase the number of iterations (max_iter) or scale the data as shown in:
    https://scikit-learn.org/stable/modules/preprocessing.html
Please also refer to the documentation for alternative solver options:
    https://scikit-learn.org/stable/modules/linear_model.html#logistic-regression
  n_iter_i = _check_optimize_result(

2026-03-07 08:24:08,022:WARNING:c:\Emergency_traige_final\triage_env2\Lib\site-packages\sklearn\linear_model\_logistic.py:469: ConvergenceWarning: lbfgs failed to converge (status=1):
STOP: TOTAL NO. of ITERATIONS REACHED LIMIT.

Increase the number of iterations (max_iter) or scale the data as shown in:
    https://scikit-learn.org/stable/modules/preprocessing.html
Please also refer to the documentation for alternative solver options:
    https://scikit-learn.org/stable/modules/linear_model.html#logistic-regression
  n_iter_i = _check_optimize_result(

2026-03-07 08:24:08,025:WARNING:c:\Emergency_traige_final\triage_env2\Lib\site-packages\pycaret\internal\metrics.py:204: FitFailedWarning: Metric 'make_scorer(roc_auc_score, response_method=('decision_function', 'predict_proba'), average=weighted, multi_class=ovr)' failed and error score 0.0 has been returned instead. If this is a custom metric, this usually means that the error is in the metric code. Full exception below:
Traceback (most recent call last):
  File "c:\Emergency_traige_final\triage_env2\Lib\site-packages\pycaret\internal\metrics.py", line 196, in _score
    return super()._score(
           ^^^^^^^^^^^^^^^
  File "c:\Emergency_traige_final\triage_env2\Lib\site-packages\sklearn\metrics\_scorer.py", line 350, in _score
    return self._sign * self._score_func(y_true, y_pred, **scoring_kwargs)
                        ^^^^^^^^^^^^^^^^^^^^^^^^^^^^^^^^^^^^^^^^^^^^^^^^^^
  File "c:\Emergency_traige_final\triage_env2\Lib\site-packages\pycaret\internal\metrics.py", line 144, in __call__
    return self.score_func(y_true, y_pred, **kwargs)
           ^^^^^^^^^^^^^^^^^^^^^^^^^^^^^^^^^^^^^^^^^
  File "c:\Emergency_traige_final\triage_env2\Lib\site-packages\sklearn\utils\_param_validation.py", line 213, in wrapper
    return func(*args, **kwargs)
           ^^^^^^^^^^^^^^^^^^^^^
  File "c:\Emergency_traige_final\triage_env2\Lib\site-packages\sklearn\metrics\_ranking.py", line 634, in roc_auc_score
    return _multiclass_roc_auc_score(
           ^^^^^^^^^^^^^^^^^^^^^^^^^^
  File "c:\Emergency_traige_final\triage_env2\Lib\site-packages\sklearn\metrics\_ranking.py", line 707, in _multiclass_roc_auc_score
    raise ValueError(
ValueError: Target scores need to be probabilities for multiclass roc_auc, i.e. they should sum up to 1.0 over classes

  warnings.warn(

2026-03-07 08:24:08,025:WARNING:c:\Emergency_traige_final\triage_env2\Lib\site-packages\sklearn\metrics\_classification.py:1561: UserWarning: Note that pos_label (set to 5) is ignored when average != 'binary' (got 'weighted'). You may use labels=[pos_label] to specify a single positive class.
  warnings.warn(

2026-03-07 08:24:08,030:WARNING:c:\Emergency_traige_final\triage_env2\Lib\site-packages\sklearn\metrics\_classification.py:1561: UserWarning: Note that pos_label (set to 5) is ignored when average != 'binary' (got 'weighted'). You may use labels=[pos_label] to specify a single positive class.
  warnings.warn(

2026-03-07 08:24:08,030:WARNING:c:\Emergency_traige_final\triage_env2\Lib\site-packages\sklearn\metrics\_classification.py:1509: UndefinedMetricWarning: Precision is ill-defined and being set to 0.0 in labels with no predicted samples. Use `zero_division` parameter to control this behavior.
  _warn_prf(average, modifier, f"{metric.capitalize()} is", len(result))

2026-03-07 08:24:08,030:WARNING:c:\Emergency_traige_final\triage_env2\Lib\site-packages\sklearn\metrics\_classification.py:1561: UserWarning: Note that pos_label (set to 5) is ignored when average != 'binary' (got 'weighted'). You may use labels=[pos_label] to specify a single positive class.
  warnings.warn(

2026-03-07 08:24:08,046:WARNING:c:\Emergency_traige_final\triage_env2\Lib\site-packages\pycaret\internal\metrics.py:204: FitFailedWarning: Metric 'make_scorer(roc_auc_score, response_method=('decision_function', 'predict_proba'), average=weighted, multi_class=ovr)' failed and error score 0.0 has been returned instead. If this is a custom metric, this usually means that the error is in the metric code. Full exception below:
Traceback (most recent call last):
  File "c:\Emergency_traige_final\triage_env2\Lib\site-packages\pycaret\internal\metrics.py", line 196, in _score
    return super()._score(
           ^^^^^^^^^^^^^^^
  File "c:\Emergency_traige_final\triage_env2\Lib\site-packages\sklearn\metrics\_scorer.py", line 350, in _score
    return self._sign * self._score_func(y_true, y_pred, **scoring_kwargs)
                        ^^^^^^^^^^^^^^^^^^^^^^^^^^^^^^^^^^^^^^^^^^^^^^^^^^
  File "c:\Emergency_traige_final\triage_env2\Lib\site-packages\pycaret\internal\metrics.py", line 144, in __call__
    return self.score_func(y_true, y_pred, **kwargs)
           ^^^^^^^^^^^^^^^^^^^^^^^^^^^^^^^^^^^^^^^^^
  File "c:\Emergency_traige_final\triage_env2\Lib\site-packages\sklearn\utils\_param_validation.py", line 213, in wrapper
    return func(*args, **kwargs)
           ^^^^^^^^^^^^^^^^^^^^^
  File "c:\Emergency_traige_final\triage_env2\Lib\site-packages\sklearn\metrics\_ranking.py", line 634, in roc_auc_score
    return _multiclass_roc_auc_score(
           ^^^^^^^^^^^^^^^^^^^^^^^^^^
  File "c:\Emergency_traige_final\triage_env2\Lib\site-packages\sklearn\metrics\_ranking.py", line 707, in _multiclass_roc_auc_score
    raise ValueError(
ValueError: Target scores need to be probabilities for multiclass roc_auc, i.e. they should sum up to 1.0 over classes

  warnings.warn(

2026-03-07 08:24:08,047:WARNING:c:\Emergency_traige_final\triage_env2\Lib\site-packages\sklearn\metrics\_classification.py:1561: UserWarning: Note that pos_label (set to 5) is ignored when average != 'binary' (got 'weighted'). You may use labels=[pos_label] to specify a single positive class.
  warnings.warn(

2026-03-07 08:24:08,051:WARNING:c:\Emergency_traige_final\triage_env2\Lib\site-packages\sklearn\metrics\_classification.py:1561: UserWarning: Note that pos_label (set to 5) is ignored when average != 'binary' (got 'weighted'). You may use labels=[pos_label] to specify a single positive class.
  warnings.warn(

2026-03-07 08:24:08,051:WARNING:c:\Emergency_traige_final\triage_env2\Lib\site-packages\sklearn\metrics\_classification.py:1509: UndefinedMetricWarning: Precision is ill-defined and being set to 0.0 in labels with no predicted samples. Use `zero_division` parameter to control this behavior.
  _warn_prf(average, modifier, f"{metric.capitalize()} is", len(result))

2026-03-07 08:24:08,051:WARNING:c:\Emergency_traige_final\triage_env2\Lib\site-packages\sklearn\metrics\_classification.py:1561: UserWarning: Note that pos_label (set to 5) is ignored when average != 'binary' (got 'weighted'). You may use labels=[pos_label] to specify a single positive class.
  warnings.warn(

2026-03-07 08:24:08,072:WARNING:c:\Emergency_traige_final\triage_env2\Lib\site-packages\sklearn\linear_model\_logistic.py:469: ConvergenceWarning: lbfgs failed to converge (status=1):
STOP: TOTAL NO. of ITERATIONS REACHED LIMIT.

Increase the number of iterations (max_iter) or scale the data as shown in:
    https://scikit-learn.org/stable/modules/preprocessing.html
Please also refer to the documentation for alternative solver options:
    https://scikit-learn.org/stable/modules/linear_model.html#logistic-regression
  n_iter_i = _check_optimize_result(

2026-03-07 08:24:08,081:WARNING:c:\Emergency_traige_final\triage_env2\Lib\site-packages\pycaret\internal\metrics.py:204: FitFailedWarning: Metric 'make_scorer(roc_auc_score, response_method=('decision_function', 'predict_proba'), average=weighted, multi_class=ovr)' failed and error score 0.0 has been returned instead. If this is a custom metric, this usually means that the error is in the metric code. Full exception below:
Traceback (most recent call last):
  File "c:\Emergency_traige_final\triage_env2\Lib\site-packages\pycaret\internal\metrics.py", line 196, in _score
    return super()._score(
           ^^^^^^^^^^^^^^^
  File "c:\Emergency_traige_final\triage_env2\Lib\site-packages\sklearn\metrics\_scorer.py", line 350, in _score
    return self._sign * self._score_func(y_true, y_pred, **scoring_kwargs)
                        ^^^^^^^^^^^^^^^^^^^^^^^^^^^^^^^^^^^^^^^^^^^^^^^^^^
  File "c:\Emergency_traige_final\triage_env2\Lib\site-packages\pycaret\internal\metrics.py", line 144, in __call__
    return self.score_func(y_true, y_pred, **kwargs)
           ^^^^^^^^^^^^^^^^^^^^^^^^^^^^^^^^^^^^^^^^^
  File "c:\Emergency_traige_final\triage_env2\Lib\site-packages\sklearn\utils\_param_validation.py", line 213, in wrapper
    return func(*args, **kwargs)
           ^^^^^^^^^^^^^^^^^^^^^
  File "c:\Emergency_traige_final\triage_env2\Lib\site-packages\sklearn\metrics\_ranking.py", line 634, in roc_auc_score
    return _multiclass_roc_auc_score(
           ^^^^^^^^^^^^^^^^^^^^^^^^^^
  File "c:\Emergency_traige_final\triage_env2\Lib\site-packages\sklearn\metrics\_ranking.py", line 707, in _multiclass_roc_auc_score
    raise ValueError(
ValueError: Target scores need to be probabilities for multiclass roc_auc, i.e. they should sum up to 1.0 over classes

  warnings.warn(

2026-03-07 08:24:08,081:WARNING:c:\Emergency_traige_final\triage_env2\Lib\site-packages\sklearn\linear_model\_logistic.py:469: ConvergenceWarning: lbfgs failed to converge (status=1):
STOP: TOTAL NO. of ITERATIONS REACHED LIMIT.

Increase the number of iterations (max_iter) or scale the data as shown in:
    https://scikit-learn.org/stable/modules/preprocessing.html
Please also refer to the documentation for alternative solver options:
    https://scikit-learn.org/stable/modules/linear_model.html#logistic-regression
  n_iter_i = _check_optimize_result(

2026-03-07 08:24:08,084:WARNING:c:\Emergency_traige_final\triage_env2\Lib\site-packages\sklearn\metrics\_classification.py:1561: UserWarning: Note that pos_label (set to 5) is ignored when average != 'binary' (got 'weighted'). You may use labels=[pos_label] to specify a single positive class.
  warnings.warn(

2026-03-07 08:24:08,088:WARNING:c:\Emergency_traige_final\triage_env2\Lib\site-packages\sklearn\metrics\_classification.py:1561: UserWarning: Note that pos_label (set to 5) is ignored when average != 'binary' (got 'weighted'). You may use labels=[pos_label] to specify a single positive class.
  warnings.warn(

2026-03-07 08:24:08,088:WARNING:c:\Emergency_traige_final\triage_env2\Lib\site-packages\sklearn\metrics\_classification.py:1509: UndefinedMetricWarning: Precision is ill-defined and being set to 0.0 in labels with no predicted samples. Use `zero_division` parameter to control this behavior.
  _warn_prf(average, modifier, f"{metric.capitalize()} is", len(result))

2026-03-07 08:24:08,089:WARNING:c:\Emergency_traige_final\triage_env2\Lib\site-packages\sklearn\metrics\_classification.py:1561: UserWarning: Note that pos_label (set to 5) is ignored when average != 'binary' (got 'weighted'). You may use labels=[pos_label] to specify a single positive class.
  warnings.warn(

2026-03-07 08:24:08,122:WARNING:c:\Emergency_traige_final\triage_env2\Lib\site-packages\pycaret\internal\metrics.py:204: FitFailedWarning: Metric 'make_scorer(roc_auc_score, response_method=('decision_function', 'predict_proba'), average=weighted, multi_class=ovr)' failed and error score 0.0 has been returned instead. If this is a custom metric, this usually means that the error is in the metric code. Full exception below:
Traceback (most recent call last):
  File "c:\Emergency_traige_final\triage_env2\Lib\site-packages\pycaret\internal\metrics.py", line 196, in _score
    return super()._score(
           ^^^^^^^^^^^^^^^
  File "c:\Emergency_traige_final\triage_env2\Lib\site-packages\sklearn\metrics\_scorer.py", line 350, in _score
    return self._sign * self._score_func(y_true, y_pred, **scoring_kwargs)
                        ^^^^^^^^^^^^^^^^^^^^^^^^^^^^^^^^^^^^^^^^^^^^^^^^^^
  File "c:\Emergency_traige_final\triage_env2\Lib\site-packages\pycaret\internal\metrics.py", line 144, in __call__
    return self.score_func(y_true, y_pred, **kwargs)
           ^^^^^^^^^^^^^^^^^^^^^^^^^^^^^^^^^^^^^^^^^
  File "c:\Emergency_traige_final\triage_env2\Lib\site-packages\sklearn\utils\_param_validation.py", line 213, in wrapper
    return func(*args, **kwargs)
           ^^^^^^^^^^^^^^^^^^^^^
  File "c:\Emergency_traige_final\triage_env2\Lib\site-packages\sklearn\metrics\_ranking.py", line 634, in roc_auc_score
    return _multiclass_roc_auc_score(
           ^^^^^^^^^^^^^^^^^^^^^^^^^^
  File "c:\Emergency_traige_final\triage_env2\Lib\site-packages\sklearn\metrics\_ranking.py", line 707, in _multiclass_roc_auc_score
    raise ValueError(
ValueError: Target scores need to be probabilities for multiclass roc_auc, i.e. they should sum up to 1.0 over classes

  warnings.warn(

2026-03-07 08:24:08,122:WARNING:c:\Emergency_traige_final\triage_env2\Lib\site-packages\sklearn\metrics\_classification.py:1561: UserWarning: Note that pos_label (set to 5) is ignored when average != 'binary' (got 'weighted'). You may use labels=[pos_label] to specify a single positive class.
  warnings.warn(

2026-03-07 08:24:08,126:WARNING:c:\Emergency_traige_final\triage_env2\Lib\site-packages\pycaret\internal\metrics.py:204: FitFailedWarning: Metric 'make_scorer(roc_auc_score, response_method=('decision_function', 'predict_proba'), average=weighted, multi_class=ovr)' failed and error score 0.0 has been returned instead. If this is a custom metric, this usually means that the error is in the metric code. Full exception below:
Traceback (most recent call last):
  File "c:\Emergency_traige_final\triage_env2\Lib\site-packages\pycaret\internal\metrics.py", line 196, in _score
    return super()._score(
           ^^^^^^^^^^^^^^^
  File "c:\Emergency_traige_final\triage_env2\Lib\site-packages\sklearn\metrics\_scorer.py", line 350, in _score
    return self._sign * self._score_func(y_true, y_pred, **scoring_kwargs)
                        ^^^^^^^^^^^^^^^^^^^^^^^^^^^^^^^^^^^^^^^^^^^^^^^^^^
  File "c:\Emergency_traige_final\triage_env2\Lib\site-packages\pycaret\internal\metrics.py", line 144, in __call__
    return self.score_func(y_true, y_pred, **kwargs)
           ^^^^^^^^^^^^^^^^^^^^^^^^^^^^^^^^^^^^^^^^^
  File "c:\Emergency_traige_final\triage_env2\Lib\site-packages\sklearn\utils\_param_validation.py", line 213, in wrapper
    return func(*args, **kwargs)
           ^^^^^^^^^^^^^^^^^^^^^
  File "c:\Emergency_traige_final\triage_env2\Lib\site-packages\sklearn\metrics\_ranking.py", line 634, in roc_auc_score
    return _multiclass_roc_auc_score(
           ^^^^^^^^^^^^^^^^^^^^^^^^^^
  File "c:\Emergency_traige_final\triage_env2\Lib\site-packages\sklearn\metrics\_ranking.py", line 707, in _multiclass_roc_auc_score
    raise ValueError(
ValueError: Target scores need to be probabilities for multiclass roc_auc, i.e. they should sum up to 1.0 over classes

  warnings.warn(

2026-03-07 08:24:08,126:WARNING:c:\Emergency_traige_final\triage_env2\Lib\site-packages\sklearn\metrics\_classification.py:1561: UserWarning: Note that pos_label (set to 5) is ignored when average != 'binary' (got 'weighted'). You may use labels=[pos_label] to specify a single positive class.
  warnings.warn(

2026-03-07 08:24:08,126:WARNING:c:\Emergency_traige_final\triage_env2\Lib\site-packages\sklearn\metrics\_classification.py:1509: UndefinedMetricWarning: Precision is ill-defined and being set to 0.0 in labels with no predicted samples. Use `zero_division` parameter to control this behavior.
  _warn_prf(average, modifier, f"{metric.capitalize()} is", len(result))

2026-03-07 08:24:08,126:WARNING:c:\Emergency_traige_final\triage_env2\Lib\site-packages\sklearn\metrics\_classification.py:1561: UserWarning: Note that pos_label (set to 5) is ignored when average != 'binary' (got 'weighted'). You may use labels=[pos_label] to specify a single positive class.
  warnings.warn(

2026-03-07 08:24:08,126:WARNING:c:\Emergency_traige_final\triage_env2\Lib\site-packages\sklearn\metrics\_classification.py:1561: UserWarning: Note that pos_label (set to 5) is ignored when average != 'binary' (got 'weighted'). You may use labels=[pos_label] to specify a single positive class.
  warnings.warn(

2026-03-07 08:24:08,130:WARNING:c:\Emergency_traige_final\triage_env2\Lib\site-packages\sklearn\metrics\_classification.py:1561: UserWarning: Note that pos_label (set to 5) is ignored when average != 'binary' (got 'weighted'). You may use labels=[pos_label] to specify a single positive class.
  warnings.warn(

2026-03-07 08:24:08,130:WARNING:c:\Emergency_traige_final\triage_env2\Lib\site-packages\sklearn\metrics\_classification.py:1509: UndefinedMetricWarning: Precision is ill-defined and being set to 0.0 in labels with no predicted samples. Use `zero_division` parameter to control this behavior.
  _warn_prf(average, modifier, f"{metric.capitalize()} is", len(result))

2026-03-07 08:24:08,133:WARNING:c:\Emergency_traige_final\triage_env2\Lib\site-packages\sklearn\metrics\_classification.py:1561: UserWarning: Note that pos_label (set to 5) is ignored when average != 'binary' (got 'weighted'). You may use labels=[pos_label] to specify a single positive class.
  warnings.warn(

2026-03-07 08:24:08,140:INFO:Calculating mean and std
2026-03-07 08:24:08,140:INFO:Creating metrics dataframe
2026-03-07 08:24:08,140:INFO:Uploading results into container
2026-03-07 08:24:08,146:INFO:Uploading model into container now
2026-03-07 08:24:08,146:INFO:_master_model_container: 1
2026-03-07 08:24:08,146:INFO:_display_container: 2
2026-03-07 08:24:08,146:INFO:LogisticRegression(C=1.0, class_weight=None, dual=False, fit_intercept=True,
                   intercept_scaling=1, l1_ratio=None, max_iter=1000,
                   multi_class='auto', n_jobs=None, penalty='l2',
                   random_state=123, solver='lbfgs', tol=0.0001, verbose=0,
                   warm_start=False)
2026-03-07 08:24:08,146:INFO:create_model() successfully completed......................................
2026-03-07 08:24:08,245:INFO:SubProcess create_model() end ==================================
2026-03-07 08:24:08,245:INFO:Creating metrics dataframe
2026-03-07 08:24:08,258:INFO:Initializing K Neighbors Classifier
2026-03-07 08:24:08,258:INFO:Total runtime is 0.07897212902704874 minutes
2026-03-07 08:24:08,268:INFO:SubProcess create_model() called ==================================
2026-03-07 08:24:08,268:INFO:Initializing create_model()
2026-03-07 08:24:08,270:INFO:create_model(self=<pycaret.classification.oop.ClassificationExperiment object at 0x000001D7306D3CD0>, estimator=knn, fold=StratifiedKFold(n_splits=5, random_state=None, shuffle=False), round=4, cross_validation=True, predict=True, fit_kwargs={}, groups=None, refit=False, probability_threshold=None, experiment_custom_tags=None, verbose=False, system=False, add_to_model_list=True, metrics=None, display=<pycaret.internal.display.display.CommonDisplay object at 0x000001D76BFD0ED0>, model_only=True, return_train_score=False, error_score=0.0, kwargs={})
2026-03-07 08:24:08,270:INFO:Checking exceptions
2026-03-07 08:24:08,270:INFO:Importing libraries
2026-03-07 08:24:08,270:INFO:Copying training dataset
2026-03-07 08:24:08,281:INFO:Defining folds
2026-03-07 08:24:08,281:INFO:Declaring metric variables
2026-03-07 08:24:08,286:INFO:Importing untrained model
2026-03-07 08:24:08,294:INFO:K Neighbors Classifier Imported successfully
2026-03-07 08:24:08,296:INFO:Starting cross validation
2026-03-07 08:24:08,303:INFO:Cross validating with StratifiedKFold(n_splits=5, random_state=None, shuffle=False), n_jobs=-1
2026-03-07 08:24:11,225:WARNING:c:\Emergency_traige_final\triage_env2\Lib\site-packages\_distutils_hack\__init__.py:33: UserWarning: Setuptools is replacing distutils.
  warnings.warn("Setuptools is replacing distutils.")

2026-03-07 08:24:11,235:WARNING:c:\Emergency_traige_final\triage_env2\Lib\site-packages\_distutils_hack\__init__.py:33: UserWarning: Setuptools is replacing distutils.
  warnings.warn("Setuptools is replacing distutils.")

2026-03-07 08:24:11,236:WARNING:c:\Emergency_traige_final\triage_env2\Lib\site-packages\_distutils_hack\__init__.py:33: UserWarning: Setuptools is replacing distutils.
  warnings.warn("Setuptools is replacing distutils.")

2026-03-07 08:24:11,251:WARNING:c:\Emergency_traige_final\triage_env2\Lib\site-packages\_distutils_hack\__init__.py:33: UserWarning: Setuptools is replacing distutils.
  warnings.warn("Setuptools is replacing distutils.")

2026-03-07 08:24:11,252:WARNING:c:\Emergency_traige_final\triage_env2\Lib\site-packages\_distutils_hack\__init__.py:33: UserWarning: Setuptools is replacing distutils.
  warnings.warn("Setuptools is replacing distutils.")

2026-03-07 08:24:11,551:WARNING:c:\Emergency_traige_final\triage_env2\Lib\site-packages\sklearn\metrics\_classification.py:1561: UserWarning: Note that pos_label (set to 5) is ignored when average != 'binary' (got 'weighted'). You may use labels=[pos_label] to specify a single positive class.
  warnings.warn(

2026-03-07 08:24:11,553:WARNING:c:\Emergency_traige_final\triage_env2\Lib\site-packages\sklearn\metrics\_classification.py:1561: UserWarning: Note that pos_label (set to 5) is ignored when average != 'binary' (got 'weighted'). You may use labels=[pos_label] to specify a single positive class.
  warnings.warn(

2026-03-07 08:24:11,556:WARNING:c:\Emergency_traige_final\triage_env2\Lib\site-packages\sklearn\metrics\_classification.py:1509: UndefinedMetricWarning: Precision is ill-defined and being set to 0.0 in labels with no predicted samples. Use `zero_division` parameter to control this behavior.
  _warn_prf(average, modifier, f"{metric.capitalize()} is", len(result))

2026-03-07 08:24:11,557:WARNING:c:\Emergency_traige_final\triage_env2\Lib\site-packages\sklearn\metrics\_classification.py:1561: UserWarning: Note that pos_label (set to 5) is ignored when average != 'binary' (got 'weighted'). You may use labels=[pos_label] to specify a single positive class.
  warnings.warn(

2026-03-07 08:24:11,557:WARNING:c:\Emergency_traige_final\triage_env2\Lib\site-packages\sklearn\metrics\_classification.py:1561: UserWarning: Note that pos_label (set to 5) is ignored when average != 'binary' (got 'weighted'). You may use labels=[pos_label] to specify a single positive class.
  warnings.warn(

2026-03-07 08:24:11,561:WARNING:c:\Emergency_traige_final\triage_env2\Lib\site-packages\sklearn\metrics\_classification.py:1561: UserWarning: Note that pos_label (set to 5) is ignored when average != 'binary' (got 'weighted'). You may use labels=[pos_label] to specify a single positive class.
  warnings.warn(

2026-03-07 08:24:11,563:WARNING:c:\Emergency_traige_final\triage_env2\Lib\site-packages\sklearn\metrics\_classification.py:1509: UndefinedMetricWarning: Precision is ill-defined and being set to 0.0 in labels with no predicted samples. Use `zero_division` parameter to control this behavior.
  _warn_prf(average, modifier, f"{metric.capitalize()} is", len(result))

2026-03-07 08:24:11,565:WARNING:c:\Emergency_traige_final\triage_env2\Lib\site-packages\sklearn\metrics\_classification.py:1561: UserWarning: Note that pos_label (set to 5) is ignored when average != 'binary' (got 'weighted'). You may use labels=[pos_label] to specify a single positive class.
  warnings.warn(

2026-03-07 08:24:11,569:WARNING:c:\Emergency_traige_final\triage_env2\Lib\site-packages\sklearn\metrics\_classification.py:1561: UserWarning: Note that pos_label (set to 5) is ignored when average != 'binary' (got 'weighted'). You may use labels=[pos_label] to specify a single positive class.
  warnings.warn(

2026-03-07 08:24:11,570:WARNING:c:\Emergency_traige_final\triage_env2\Lib\site-packages\sklearn\metrics\_classification.py:1561: UserWarning: Note that pos_label (set to 5) is ignored when average != 'binary' (got 'weighted'). You may use labels=[pos_label] to specify a single positive class.
  warnings.warn(

2026-03-07 08:24:11,574:WARNING:c:\Emergency_traige_final\triage_env2\Lib\site-packages\sklearn\metrics\_classification.py:1509: UndefinedMetricWarning: Precision is ill-defined and being set to 0.0 in labels with no predicted samples. Use `zero_division` parameter to control this behavior.
  _warn_prf(average, modifier, f"{metric.capitalize()} is", len(result))

2026-03-07 08:24:11,574:WARNING:c:\Emergency_traige_final\triage_env2\Lib\site-packages\sklearn\metrics\_classification.py:1561: UserWarning: Note that pos_label (set to 5) is ignored when average != 'binary' (got 'weighted'). You may use labels=[pos_label] to specify a single positive class.
  warnings.warn(

2026-03-07 08:24:11,574:WARNING:c:\Emergency_traige_final\triage_env2\Lib\site-packages\sklearn\metrics\_classification.py:1561: UserWarning: Note that pos_label (set to 5) is ignored when average != 'binary' (got 'weighted'). You may use labels=[pos_label] to specify a single positive class.
  warnings.warn(

2026-03-07 08:24:11,577:WARNING:c:\Emergency_traige_final\triage_env2\Lib\site-packages\sklearn\metrics\_classification.py:1561: UserWarning: Note that pos_label (set to 5) is ignored when average != 'binary' (got 'weighted'). You may use labels=[pos_label] to specify a single positive class.
  warnings.warn(

2026-03-07 08:24:11,577:WARNING:c:\Emergency_traige_final\triage_env2\Lib\site-packages\sklearn\metrics\_classification.py:1561: UserWarning: Note that pos_label (set to 5) is ignored when average != 'binary' (got 'weighted'). You may use labels=[pos_label] to specify a single positive class.
  warnings.warn(

2026-03-07 08:24:11,579:WARNING:c:\Emergency_traige_final\triage_env2\Lib\site-packages\sklearn\metrics\_classification.py:1509: UndefinedMetricWarning: Precision is ill-defined and being set to 0.0 in labels with no predicted samples. Use `zero_division` parameter to control this behavior.
  _warn_prf(average, modifier, f"{metric.capitalize()} is", len(result))

2026-03-07 08:24:11,579:WARNING:c:\Emergency_traige_final\triage_env2\Lib\site-packages\sklearn\metrics\_classification.py:1561: UserWarning: Note that pos_label (set to 5) is ignored when average != 'binary' (got 'weighted'). You may use labels=[pos_label] to specify a single positive class.
  warnings.warn(

2026-03-07 08:24:11,581:WARNING:c:\Emergency_traige_final\triage_env2\Lib\site-packages\sklearn\metrics\_classification.py:1561: UserWarning: Note that pos_label (set to 5) is ignored when average != 'binary' (got 'weighted'). You may use labels=[pos_label] to specify a single positive class.
  warnings.warn(

2026-03-07 08:24:11,581:WARNING:c:\Emergency_traige_final\triage_env2\Lib\site-packages\sklearn\metrics\_classification.py:1509: UndefinedMetricWarning: Precision is ill-defined and being set to 0.0 in labels with no predicted samples. Use `zero_division` parameter to control this behavior.
  _warn_prf(average, modifier, f"{metric.capitalize()} is", len(result))

2026-03-07 08:24:11,583:WARNING:c:\Emergency_traige_final\triage_env2\Lib\site-packages\sklearn\metrics\_classification.py:1561: UserWarning: Note that pos_label (set to 5) is ignored when average != 'binary' (got 'weighted'). You may use labels=[pos_label] to specify a single positive class.
  warnings.warn(

2026-03-07 08:24:11,595:INFO:Calculating mean and std
2026-03-07 08:24:11,597:INFO:Creating metrics dataframe
2026-03-07 08:24:11,599:INFO:Uploading results into container
2026-03-07 08:24:11,601:INFO:Uploading model into container now
2026-03-07 08:24:11,601:INFO:_master_model_container: 2
2026-03-07 08:24:11,601:INFO:_display_container: 2
2026-03-07 08:24:11,601:INFO:KNeighborsClassifier(algorithm='auto', leaf_size=30, metric='minkowski',
                     metric_params=None, n_jobs=-1, n_neighbors=5, p=2,
                     weights='uniform')
2026-03-07 08:24:11,601:INFO:create_model() successfully completed......................................
2026-03-07 08:24:11,703:INFO:SubProcess create_model() end ==================================
2026-03-07 08:24:11,703:INFO:Creating metrics dataframe
2026-03-07 08:24:11,716:INFO:Initializing Naive Bayes
2026-03-07 08:24:11,716:INFO:Total runtime is 0.1366010030110677 minutes
2026-03-07 08:24:11,721:INFO:SubProcess create_model() called ==================================
2026-03-07 08:24:11,722:INFO:Initializing create_model()
2026-03-07 08:24:11,723:INFO:create_model(self=<pycaret.classification.oop.ClassificationExperiment object at 0x000001D7306D3CD0>, estimator=nb, fold=StratifiedKFold(n_splits=5, random_state=None, shuffle=False), round=4, cross_validation=True, predict=True, fit_kwargs={}, groups=None, refit=False, probability_threshold=None, experiment_custom_tags=None, verbose=False, system=False, add_to_model_list=True, metrics=None, display=<pycaret.internal.display.display.CommonDisplay object at 0x000001D76BFD0ED0>, model_only=True, return_train_score=False, error_score=0.0, kwargs={})
2026-03-07 08:24:11,723:INFO:Checking exceptions
2026-03-07 08:24:11,723:INFO:Importing libraries
2026-03-07 08:24:11,723:INFO:Copying training dataset
2026-03-07 08:24:11,730:INFO:Defining folds
2026-03-07 08:24:11,730:INFO:Declaring metric variables
2026-03-07 08:24:11,736:INFO:Importing untrained model
2026-03-07 08:24:11,744:INFO:Naive Bayes Imported successfully
2026-03-07 08:24:11,756:INFO:Starting cross validation
2026-03-07 08:24:11,756:INFO:Cross validating with StratifiedKFold(n_splits=5, random_state=None, shuffle=False), n_jobs=-1
2026-03-07 08:24:14,787:WARNING:c:\Emergency_traige_final\triage_env2\Lib\site-packages\_distutils_hack\__init__.py:33: UserWarning: Setuptools is replacing distutils.
  warnings.warn("Setuptools is replacing distutils.")

2026-03-07 08:24:14,798:WARNING:c:\Emergency_traige_final\triage_env2\Lib\site-packages\_distutils_hack\__init__.py:33: UserWarning: Setuptools is replacing distutils.
  warnings.warn("Setuptools is replacing distutils.")

2026-03-07 08:24:14,800:WARNING:c:\Emergency_traige_final\triage_env2\Lib\site-packages\_distutils_hack\__init__.py:33: UserWarning: Setuptools is replacing distutils.
  warnings.warn("Setuptools is replacing distutils.")

2026-03-07 08:24:14,806:WARNING:c:\Emergency_traige_final\triage_env2\Lib\site-packages\_distutils_hack\__init__.py:33: UserWarning: Setuptools is replacing distutils.
  warnings.warn("Setuptools is replacing distutils.")

2026-03-07 08:24:14,823:WARNING:c:\Emergency_traige_final\triage_env2\Lib\site-packages\_distutils_hack\__init__.py:33: UserWarning: Setuptools is replacing distutils.
  warnings.warn("Setuptools is replacing distutils.")

2026-03-07 08:24:15,080:WARNING:c:\Emergency_traige_final\triage_env2\Lib\site-packages\sklearn\metrics\_classification.py:1561: UserWarning: Note that pos_label (set to 5) is ignored when average != 'binary' (got 'weighted'). You may use labels=[pos_label] to specify a single positive class.
  warnings.warn(

2026-03-07 08:24:15,081:WARNING:c:\Emergency_traige_final\triage_env2\Lib\site-packages\sklearn\metrics\_classification.py:1561: UserWarning: Note that pos_label (set to 5) is ignored when average != 'binary' (got 'weighted'). You may use labels=[pos_label] to specify a single positive class.
  warnings.warn(

2026-03-07 08:24:15,095:WARNING:c:\Emergency_traige_final\triage_env2\Lib\site-packages\sklearn\metrics\_classification.py:1561: UserWarning: Note that pos_label (set to 5) is ignored when average != 'binary' (got 'weighted'). You may use labels=[pos_label] to specify a single positive class.
  warnings.warn(

2026-03-07 08:24:15,115:WARNING:c:\Emergency_traige_final\triage_env2\Lib\site-packages\sklearn\metrics\_classification.py:1561: UserWarning: Note that pos_label (set to 5) is ignored when average != 'binary' (got 'weighted'). You may use labels=[pos_label] to specify a single positive class.
  warnings.warn(

2026-03-07 08:24:15,121:WARNING:c:\Emergency_traige_final\triage_env2\Lib\site-packages\sklearn\metrics\_classification.py:1561: UserWarning: Note that pos_label (set to 5) is ignored when average != 'binary' (got 'weighted'). You may use labels=[pos_label] to specify a single positive class.
  warnings.warn(

2026-03-07 08:24:15,121:WARNING:c:\Emergency_traige_final\triage_env2\Lib\site-packages\sklearn\metrics\_classification.py:1509: UndefinedMetricWarning: Precision is ill-defined and being set to 0.0 in labels with no predicted samples. Use `zero_division` parameter to control this behavior.
  _warn_prf(average, modifier, f"{metric.capitalize()} is", len(result))

2026-03-07 08:24:15,124:WARNING:c:\Emergency_traige_final\triage_env2\Lib\site-packages\sklearn\metrics\_classification.py:1561: UserWarning: Note that pos_label (set to 5) is ignored when average != 'binary' (got 'weighted'). You may use labels=[pos_label] to specify a single positive class.
  warnings.warn(

2026-03-07 08:24:15,135:WARNING:c:\Emergency_traige_final\triage_env2\Lib\site-packages\sklearn\metrics\_classification.py:1561: UserWarning: Note that pos_label (set to 5) is ignored when average != 'binary' (got 'weighted'). You may use labels=[pos_label] to specify a single positive class.
  warnings.warn(

2026-03-07 08:24:15,139:WARNING:c:\Emergency_traige_final\triage_env2\Lib\site-packages\sklearn\metrics\_classification.py:1561: UserWarning: Note that pos_label (set to 5) is ignored when average != 'binary' (got 'weighted'). You may use labels=[pos_label] to specify a single positive class.
  warnings.warn(

2026-03-07 08:24:15,140:WARNING:c:\Emergency_traige_final\triage_env2\Lib\site-packages\sklearn\metrics\_classification.py:1509: UndefinedMetricWarning: Precision is ill-defined and being set to 0.0 in labels with no predicted samples. Use `zero_division` parameter to control this behavior.
  _warn_prf(average, modifier, f"{metric.capitalize()} is", len(result))

2026-03-07 08:24:15,140:WARNING:c:\Emergency_traige_final\triage_env2\Lib\site-packages\sklearn\metrics\_classification.py:1561: UserWarning: Note that pos_label (set to 5) is ignored when average != 'binary' (got 'weighted'). You may use labels=[pos_label] to specify a single positive class.
  warnings.warn(

2026-03-07 08:24:15,152:WARNING:c:\Emergency_traige_final\triage_env2\Lib\site-packages\sklearn\metrics\_classification.py:1561: UserWarning: Note that pos_label (set to 5) is ignored when average != 'binary' (got 'weighted'). You may use labels=[pos_label] to specify a single positive class.
  warnings.warn(

2026-03-07 08:24:15,153:WARNING:c:\Emergency_traige_final\triage_env2\Lib\site-packages\sklearn\metrics\_classification.py:1561: UserWarning: Note that pos_label (set to 5) is ignored when average != 'binary' (got 'weighted'). You may use labels=[pos_label] to specify a single positive class.
  warnings.warn(

2026-03-07 08:24:15,154:WARNING:c:\Emergency_traige_final\triage_env2\Lib\site-packages\sklearn\metrics\_classification.py:1561: UserWarning: Note that pos_label (set to 5) is ignored when average != 'binary' (got 'weighted'). You may use labels=[pos_label] to specify a single positive class.
  warnings.warn(

2026-03-07 08:24:15,154:WARNING:c:\Emergency_traige_final\triage_env2\Lib\site-packages\sklearn\metrics\_classification.py:1561: UserWarning: Note that pos_label (set to 5) is ignored when average != 'binary' (got 'weighted'). You may use labels=[pos_label] to specify a single positive class.
  warnings.warn(

2026-03-07 08:24:15,154:WARNING:c:\Emergency_traige_final\triage_env2\Lib\site-packages\sklearn\metrics\_classification.py:1509: UndefinedMetricWarning: Precision is ill-defined and being set to 0.0 in labels with no predicted samples. Use `zero_division` parameter to control this behavior.
  _warn_prf(average, modifier, f"{metric.capitalize()} is", len(result))

2026-03-07 08:24:15,154:WARNING:c:\Emergency_traige_final\triage_env2\Lib\site-packages\sklearn\metrics\_classification.py:1561: UserWarning: Note that pos_label (set to 5) is ignored when average != 'binary' (got 'weighted'). You may use labels=[pos_label] to specify a single positive class.
  warnings.warn(

2026-03-07 08:24:15,161:WARNING:c:\Emergency_traige_final\triage_env2\Lib\site-packages\sklearn\metrics\_classification.py:1561: UserWarning: Note that pos_label (set to 5) is ignored when average != 'binary' (got 'weighted'). You may use labels=[pos_label] to specify a single positive class.
  warnings.warn(

2026-03-07 08:24:15,172:INFO:Calculating mean and std
2026-03-07 08:24:15,174:INFO:Creating metrics dataframe
2026-03-07 08:24:15,177:INFO:Uploading results into container
2026-03-07 08:24:15,179:INFO:Uploading model into container now
2026-03-07 08:24:15,179:INFO:_master_model_container: 3
2026-03-07 08:24:15,179:INFO:_display_container: 2
2026-03-07 08:24:15,181:INFO:GaussianNB(priors=None, var_smoothing=1e-09)
2026-03-07 08:24:15,181:INFO:create_model() successfully completed......................................
2026-03-07 08:24:15,280:INFO:SubProcess create_model() end ==================================
2026-03-07 08:24:15,280:INFO:Creating metrics dataframe
2026-03-07 08:24:15,296:INFO:Initializing Decision Tree Classifier
2026-03-07 08:24:15,296:INFO:Total runtime is 0.19628221988677977 minutes
2026-03-07 08:24:15,305:INFO:SubProcess create_model() called ==================================
2026-03-07 08:24:15,307:INFO:Initializing create_model()
2026-03-07 08:24:15,307:INFO:create_model(self=<pycaret.classification.oop.ClassificationExperiment object at 0x000001D7306D3CD0>, estimator=dt, fold=StratifiedKFold(n_splits=5, random_state=None, shuffle=False), round=4, cross_validation=True, predict=True, fit_kwargs={}, groups=None, refit=False, probability_threshold=None, experiment_custom_tags=None, verbose=False, system=False, add_to_model_list=True, metrics=None, display=<pycaret.internal.display.display.CommonDisplay object at 0x000001D76BFD0ED0>, model_only=True, return_train_score=False, error_score=0.0, kwargs={})
2026-03-07 08:24:15,307:INFO:Checking exceptions
2026-03-07 08:24:15,307:INFO:Importing libraries
2026-03-07 08:24:15,307:INFO:Copying training dataset
2026-03-07 08:24:15,312:INFO:Defining folds
2026-03-07 08:24:15,312:INFO:Declaring metric variables
2026-03-07 08:24:15,321:INFO:Importing untrained model
2026-03-07 08:24:15,329:INFO:Decision Tree Classifier Imported successfully
2026-03-07 08:24:15,335:INFO:Starting cross validation
2026-03-07 08:24:15,342:INFO:Cross validating with StratifiedKFold(n_splits=5, random_state=None, shuffle=False), n_jobs=-1
2026-03-07 08:24:15,562:WARNING:c:\Emergency_traige_final\triage_env2\Lib\site-packages\sklearn\metrics\_classification.py:1561: UserWarning: Note that pos_label (set to 5) is ignored when average != 'binary' (got 'weighted'). You may use labels=[pos_label] to specify a single positive class.
  warnings.warn(

2026-03-07 08:24:15,562:WARNING:c:\Emergency_traige_final\triage_env2\Lib\site-packages\sklearn\metrics\_classification.py:1561: UserWarning: Note that pos_label (set to 5) is ignored when average != 'binary' (got 'weighted'). You may use labels=[pos_label] to specify a single positive class.
  warnings.warn(

2026-03-07 08:24:15,562:WARNING:c:\Emergency_traige_final\triage_env2\Lib\site-packages\sklearn\metrics\_classification.py:1561: UserWarning: Note that pos_label (set to 5) is ignored when average != 'binary' (got 'weighted'). You may use labels=[pos_label] to specify a single positive class.
  warnings.warn(

2026-03-07 08:24:15,562:WARNING:c:\Emergency_traige_final\triage_env2\Lib\site-packages\sklearn\metrics\_classification.py:1561: UserWarning: Note that pos_label (set to 5) is ignored when average != 'binary' (got 'weighted'). You may use labels=[pos_label] to specify a single positive class.
  warnings.warn(

2026-03-07 08:24:15,562:WARNING:c:\Emergency_traige_final\triage_env2\Lib\site-packages\sklearn\metrics\_classification.py:1561: UserWarning: Note that pos_label (set to 5) is ignored when average != 'binary' (got 'weighted'). You may use labels=[pos_label] to specify a single positive class.
  warnings.warn(

2026-03-07 08:24:15,572:WARNING:c:\Emergency_traige_final\triage_env2\Lib\site-packages\sklearn\metrics\_classification.py:1561: UserWarning: Note that pos_label (set to 5) is ignored when average != 'binary' (got 'weighted'). You may use labels=[pos_label] to specify a single positive class.
  warnings.warn(

2026-03-07 08:24:15,574:WARNING:c:\Emergency_traige_final\triage_env2\Lib\site-packages\sklearn\metrics\_classification.py:1561: UserWarning: Note that pos_label (set to 5) is ignored when average != 'binary' (got 'weighted'). You may use labels=[pos_label] to specify a single positive class.
  warnings.warn(

2026-03-07 08:24:15,579:WARNING:c:\Emergency_traige_final\triage_env2\Lib\site-packages\sklearn\metrics\_classification.py:1561: UserWarning: Note that pos_label (set to 5) is ignored when average != 'binary' (got 'weighted'). You may use labels=[pos_label] to specify a single positive class.
  warnings.warn(

2026-03-07 08:24:15,581:WARNING:c:\Emergency_traige_final\triage_env2\Lib\site-packages\sklearn\metrics\_classification.py:1561: UserWarning: Note that pos_label (set to 5) is ignored when average != 'binary' (got 'weighted'). You may use labels=[pos_label] to specify a single positive class.
  warnings.warn(

2026-03-07 08:24:15,583:WARNING:c:\Emergency_traige_final\triage_env2\Lib\site-packages\sklearn\metrics\_classification.py:1561: UserWarning: Note that pos_label (set to 5) is ignored when average != 'binary' (got 'weighted'). You may use labels=[pos_label] to specify a single positive class.
  warnings.warn(

2026-03-07 08:24:15,585:WARNING:c:\Emergency_traige_final\triage_env2\Lib\site-packages\sklearn\metrics\_classification.py:1561: UserWarning: Note that pos_label (set to 5) is ignored when average != 'binary' (got 'weighted'). You may use labels=[pos_label] to specify a single positive class.
  warnings.warn(

2026-03-07 08:24:15,587:WARNING:c:\Emergency_traige_final\triage_env2\Lib\site-packages\sklearn\metrics\_classification.py:1561: UserWarning: Note that pos_label (set to 5) is ignored when average != 'binary' (got 'weighted'). You may use labels=[pos_label] to specify a single positive class.
  warnings.warn(

2026-03-07 08:24:17,824:WARNING:c:\Emergency_traige_final\triage_env2\Lib\site-packages\_distutils_hack\__init__.py:33: UserWarning: Setuptools is replacing distutils.
  warnings.warn("Setuptools is replacing distutils.")

2026-03-07 08:24:18,120:WARNING:c:\Emergency_traige_final\triage_env2\Lib\site-packages\sklearn\metrics\_classification.py:1561: UserWarning: Note that pos_label (set to 5) is ignored when average != 'binary' (got 'weighted'). You may use labels=[pos_label] to specify a single positive class.
  warnings.warn(

2026-03-07 08:24:18,124:WARNING:c:\Emergency_traige_final\triage_env2\Lib\site-packages\sklearn\metrics\_classification.py:1561: UserWarning: Note that pos_label (set to 5) is ignored when average != 'binary' (got 'weighted'). You may use labels=[pos_label] to specify a single positive class.
  warnings.warn(

2026-03-07 08:24:18,128:WARNING:c:\Emergency_traige_final\triage_env2\Lib\site-packages\sklearn\metrics\_classification.py:1561: UserWarning: Note that pos_label (set to 5) is ignored when average != 'binary' (got 'weighted'). You may use labels=[pos_label] to specify a single positive class.
  warnings.warn(

2026-03-07 08:24:18,139:INFO:Calculating mean and std
2026-03-07 08:24:18,139:INFO:Creating metrics dataframe
2026-03-07 08:24:18,143:INFO:Uploading results into container
2026-03-07 08:24:18,143:INFO:Uploading model into container now
2026-03-07 08:24:18,145:INFO:_master_model_container: 4
2026-03-07 08:24:18,145:INFO:_display_container: 2
2026-03-07 08:24:18,145:INFO:DecisionTreeClassifier(ccp_alpha=0.0, class_weight=None, criterion='gini',
                       max_depth=None, max_features=None, max_leaf_nodes=None,
                       min_impurity_decrease=0.0, min_samples_leaf=1,
                       min_samples_split=2, min_weight_fraction_leaf=0.0,
                       monotonic_cst=None, random_state=123, splitter='best')
2026-03-07 08:24:18,145:INFO:create_model() successfully completed......................................
2026-03-07 08:24:18,237:INFO:SubProcess create_model() end ==================================
2026-03-07 08:24:18,237:INFO:Creating metrics dataframe
2026-03-07 08:24:18,253:INFO:Initializing SVM - Linear Kernel
2026-03-07 08:24:18,253:INFO:Total runtime is 0.24555647373199463 minutes
2026-03-07 08:24:18,253:INFO:SubProcess create_model() called ==================================
2026-03-07 08:24:18,261:INFO:Initializing create_model()
2026-03-07 08:24:18,261:INFO:create_model(self=<pycaret.classification.oop.ClassificationExperiment object at 0x000001D7306D3CD0>, estimator=svm, fold=StratifiedKFold(n_splits=5, random_state=None, shuffle=False), round=4, cross_validation=True, predict=True, fit_kwargs={}, groups=None, refit=False, probability_threshold=None, experiment_custom_tags=None, verbose=False, system=False, add_to_model_list=True, metrics=None, display=<pycaret.internal.display.display.CommonDisplay object at 0x000001D76BFD0ED0>, model_only=True, return_train_score=False, error_score=0.0, kwargs={})
2026-03-07 08:24:18,261:INFO:Checking exceptions
2026-03-07 08:24:18,261:INFO:Importing libraries
2026-03-07 08:24:18,261:INFO:Copying training dataset
2026-03-07 08:24:18,261:INFO:Defining folds
2026-03-07 08:24:18,261:INFO:Declaring metric variables
2026-03-07 08:24:18,278:INFO:Importing untrained model
2026-03-07 08:24:18,279:INFO:SVM - Linear Kernel Imported successfully
2026-03-07 08:24:18,294:INFO:Starting cross validation
2026-03-07 08:24:18,299:INFO:Cross validating with StratifiedKFold(n_splits=5, random_state=None, shuffle=False), n_jobs=-1
2026-03-07 08:24:18,557:WARNING:c:\Emergency_traige_final\triage_env2\Lib\site-packages\pycaret\internal\metrics.py:204: FitFailedWarning: Metric 'make_scorer(roc_auc_score, response_method=('decision_function', 'predict_proba'), average=weighted, multi_class=ovr)' failed and error score 0.0 has been returned instead. If this is a custom metric, this usually means that the error is in the metric code. Full exception below:
Traceback (most recent call last):
  File "c:\Emergency_traige_final\triage_env2\Lib\site-packages\pycaret\internal\metrics.py", line 196, in _score
    return super()._score(
           ^^^^^^^^^^^^^^^
  File "c:\Emergency_traige_final\triage_env2\Lib\site-packages\sklearn\metrics\_scorer.py", line 350, in _score
    return self._sign * self._score_func(y_true, y_pred, **scoring_kwargs)
                        ^^^^^^^^^^^^^^^^^^^^^^^^^^^^^^^^^^^^^^^^^^^^^^^^^^
  File "c:\Emergency_traige_final\triage_env2\Lib\site-packages\pycaret\internal\metrics.py", line 144, in __call__
    return self.score_func(y_true, y_pred, **kwargs)
           ^^^^^^^^^^^^^^^^^^^^^^^^^^^^^^^^^^^^^^^^^
  File "c:\Emergency_traige_final\triage_env2\Lib\site-packages\sklearn\utils\_param_validation.py", line 213, in wrapper
    return func(*args, **kwargs)
           ^^^^^^^^^^^^^^^^^^^^^
  File "c:\Emergency_traige_final\triage_env2\Lib\site-packages\sklearn\metrics\_ranking.py", line 634, in roc_auc_score
    return _multiclass_roc_auc_score(
           ^^^^^^^^^^^^^^^^^^^^^^^^^^
  File "c:\Emergency_traige_final\triage_env2\Lib\site-packages\sklearn\metrics\_ranking.py", line 707, in _multiclass_roc_auc_score
    raise ValueError(
ValueError: Target scores need to be probabilities for multiclass roc_auc, i.e. they should sum up to 1.0 over classes

  warnings.warn(

2026-03-07 08:24:18,559:WARNING:c:\Emergency_traige_final\triage_env2\Lib\site-packages\sklearn\metrics\_classification.py:1561: UserWarning: Note that pos_label (set to 5) is ignored when average != 'binary' (got 'weighted'). You may use labels=[pos_label] to specify a single positive class.
  warnings.warn(

2026-03-07 08:24:18,563:WARNING:c:\Emergency_traige_final\triage_env2\Lib\site-packages\sklearn\metrics\_classification.py:1561: UserWarning: Note that pos_label (set to 5) is ignored when average != 'binary' (got 'weighted'). You may use labels=[pos_label] to specify a single positive class.
  warnings.warn(

2026-03-07 08:24:18,565:WARNING:c:\Emergency_traige_final\triage_env2\Lib\site-packages\pycaret\internal\metrics.py:204: FitFailedWarning: Metric 'make_scorer(roc_auc_score, response_method=('decision_function', 'predict_proba'), average=weighted, multi_class=ovr)' failed and error score 0.0 has been returned instead. If this is a custom metric, this usually means that the error is in the metric code. Full exception below:
Traceback (most recent call last):
  File "c:\Emergency_traige_final\triage_env2\Lib\site-packages\pycaret\internal\metrics.py", line 196, in _score
    return super()._score(
           ^^^^^^^^^^^^^^^
  File "c:\Emergency_traige_final\triage_env2\Lib\site-packages\sklearn\metrics\_scorer.py", line 350, in _score
    return self._sign * self._score_func(y_true, y_pred, **scoring_kwargs)
                        ^^^^^^^^^^^^^^^^^^^^^^^^^^^^^^^^^^^^^^^^^^^^^^^^^^
  File "c:\Emergency_traige_final\triage_env2\Lib\site-packages\pycaret\internal\metrics.py", line 144, in __call__
    return self.score_func(y_true, y_pred, **kwargs)
           ^^^^^^^^^^^^^^^^^^^^^^^^^^^^^^^^^^^^^^^^^
  File "c:\Emergency_traige_final\triage_env2\Lib\site-packages\sklearn\utils\_param_validation.py", line 213, in wrapper
    return func(*args, **kwargs)
           ^^^^^^^^^^^^^^^^^^^^^
  File "c:\Emergency_traige_final\triage_env2\Lib\site-packages\sklearn\metrics\_ranking.py", line 634, in roc_auc_score
    return _multiclass_roc_auc_score(
           ^^^^^^^^^^^^^^^^^^^^^^^^^^
  File "c:\Emergency_traige_final\triage_env2\Lib\site-packages\sklearn\metrics\_ranking.py", line 707, in _multiclass_roc_auc_score
    raise ValueError(
ValueError: Target scores need to be probabilities for multiclass roc_auc, i.e. they should sum up to 1.0 over classes

  warnings.warn(

2026-03-07 08:24:18,565:WARNING:c:\Emergency_traige_final\triage_env2\Lib\site-packages\sklearn\metrics\_classification.py:1509: UndefinedMetricWarning: Precision is ill-defined and being set to 0.0 in labels with no predicted samples. Use `zero_division` parameter to control this behavior.
  _warn_prf(average, modifier, f"{metric.capitalize()} is", len(result))

2026-03-07 08:24:18,567:WARNING:c:\Emergency_traige_final\triage_env2\Lib\site-packages\sklearn\metrics\_classification.py:1561: UserWarning: Note that pos_label (set to 5) is ignored when average != 'binary' (got 'weighted'). You may use labels=[pos_label] to specify a single positive class.
  warnings.warn(

2026-03-07 08:24:18,567:WARNING:c:\Emergency_traige_final\triage_env2\Lib\site-packages\sklearn\metrics\_classification.py:1561: UserWarning: Note that pos_label (set to 5) is ignored when average != 'binary' (got 'weighted'). You may use labels=[pos_label] to specify a single positive class.
  warnings.warn(

2026-03-07 08:24:18,571:WARNING:c:\Emergency_traige_final\triage_env2\Lib\site-packages\sklearn\metrics\_classification.py:1561: UserWarning: Note that pos_label (set to 5) is ignored when average != 'binary' (got 'weighted'). You may use labels=[pos_label] to specify a single positive class.
  warnings.warn(

2026-03-07 08:24:18,573:WARNING:c:\Emergency_traige_final\triage_env2\Lib\site-packages\sklearn\metrics\_classification.py:1509: UndefinedMetricWarning: Precision is ill-defined and being set to 0.0 in labels with no predicted samples. Use `zero_division` parameter to control this behavior.
  _warn_prf(average, modifier, f"{metric.capitalize()} is", len(result))

2026-03-07 08:24:18,573:WARNING:c:\Emergency_traige_final\triage_env2\Lib\site-packages\pycaret\internal\metrics.py:204: FitFailedWarning: Metric 'make_scorer(roc_auc_score, response_method=('decision_function', 'predict_proba'), average=weighted, multi_class=ovr)' failed and error score 0.0 has been returned instead. If this is a custom metric, this usually means that the error is in the metric code. Full exception below:
Traceback (most recent call last):
  File "c:\Emergency_traige_final\triage_env2\Lib\site-packages\pycaret\internal\metrics.py", line 196, in _score
    return super()._score(
           ^^^^^^^^^^^^^^^
  File "c:\Emergency_traige_final\triage_env2\Lib\site-packages\sklearn\metrics\_scorer.py", line 350, in _score
    return self._sign * self._score_func(y_true, y_pred, **scoring_kwargs)
                        ^^^^^^^^^^^^^^^^^^^^^^^^^^^^^^^^^^^^^^^^^^^^^^^^^^
  File "c:\Emergency_traige_final\triage_env2\Lib\site-packages\pycaret\internal\metrics.py", line 144, in __call__
    return self.score_func(y_true, y_pred, **kwargs)
           ^^^^^^^^^^^^^^^^^^^^^^^^^^^^^^^^^^^^^^^^^
  File "c:\Emergency_traige_final\triage_env2\Lib\site-packages\sklearn\utils\_param_validation.py", line 213, in wrapper
    return func(*args, **kwargs)
           ^^^^^^^^^^^^^^^^^^^^^
  File "c:\Emergency_traige_final\triage_env2\Lib\site-packages\sklearn\metrics\_ranking.py", line 634, in roc_auc_score
    return _multiclass_roc_auc_score(
           ^^^^^^^^^^^^^^^^^^^^^^^^^^
  File "c:\Emergency_traige_final\triage_env2\Lib\site-packages\sklearn\metrics\_ranking.py", line 707, in _multiclass_roc_auc_score
    raise ValueError(
ValueError: Target scores need to be probabilities for multiclass roc_auc, i.e. they should sum up to 1.0 over classes

  warnings.warn(

2026-03-07 08:24:18,573:WARNING:c:\Emergency_traige_final\triage_env2\Lib\site-packages\sklearn\metrics\_classification.py:1561: UserWarning: Note that pos_label (set to 5) is ignored when average != 'binary' (got 'weighted'). You may use labels=[pos_label] to specify a single positive class.
  warnings.warn(

2026-03-07 08:24:18,575:WARNING:c:\Emergency_traige_final\triage_env2\Lib\site-packages\sklearn\metrics\_classification.py:1561: UserWarning: Note that pos_label (set to 5) is ignored when average != 'binary' (got 'weighted'). You may use labels=[pos_label] to specify a single positive class.
  warnings.warn(

2026-03-07 08:24:18,575:WARNING:c:\Emergency_traige_final\triage_env2\Lib\site-packages\sklearn\metrics\_classification.py:1561: UserWarning: Note that pos_label (set to 5) is ignored when average != 'binary' (got 'weighted'). You may use labels=[pos_label] to specify a single positive class.
  warnings.warn(

2026-03-07 08:24:18,575:WARNING:c:\Emergency_traige_final\triage_env2\Lib\site-packages\sklearn\metrics\_classification.py:1509: UndefinedMetricWarning: Precision is ill-defined and being set to 0.0 in labels with no predicted samples. Use `zero_division` parameter to control this behavior.
  _warn_prf(average, modifier, f"{metric.capitalize()} is", len(result))

2026-03-07 08:24:18,580:WARNING:c:\Emergency_traige_final\triage_env2\Lib\site-packages\sklearn\metrics\_classification.py:1561: UserWarning: Note that pos_label (set to 5) is ignored when average != 'binary' (got 'weighted'). You may use labels=[pos_label] to specify a single positive class.
  warnings.warn(

2026-03-07 08:24:18,590:WARNING:c:\Emergency_traige_final\triage_env2\Lib\site-packages\pycaret\internal\metrics.py:204: FitFailedWarning: Metric 'make_scorer(roc_auc_score, response_method=('decision_function', 'predict_proba'), average=weighted, multi_class=ovr)' failed and error score 0.0 has been returned instead. If this is a custom metric, this usually means that the error is in the metric code. Full exception below:
Traceback (most recent call last):
  File "c:\Emergency_traige_final\triage_env2\Lib\site-packages\pycaret\internal\metrics.py", line 196, in _score
    return super()._score(
           ^^^^^^^^^^^^^^^
  File "c:\Emergency_traige_final\triage_env2\Lib\site-packages\sklearn\metrics\_scorer.py", line 350, in _score
    return self._sign * self._score_func(y_true, y_pred, **scoring_kwargs)
                        ^^^^^^^^^^^^^^^^^^^^^^^^^^^^^^^^^^^^^^^^^^^^^^^^^^
  File "c:\Emergency_traige_final\triage_env2\Lib\site-packages\pycaret\internal\metrics.py", line 144, in __call__
    return self.score_func(y_true, y_pred, **kwargs)
           ^^^^^^^^^^^^^^^^^^^^^^^^^^^^^^^^^^^^^^^^^
  File "c:\Emergency_traige_final\triage_env2\Lib\site-packages\sklearn\utils\_param_validation.py", line 213, in wrapper
    return func(*args, **kwargs)
           ^^^^^^^^^^^^^^^^^^^^^
  File "c:\Emergency_traige_final\triage_env2\Lib\site-packages\sklearn\metrics\_ranking.py", line 634, in roc_auc_score
    return _multiclass_roc_auc_score(
           ^^^^^^^^^^^^^^^^^^^^^^^^^^
  File "c:\Emergency_traige_final\triage_env2\Lib\site-packages\sklearn\metrics\_ranking.py", line 707, in _multiclass_roc_auc_score
    raise ValueError(
ValueError: Target scores need to be probabilities for multiclass roc_auc, i.e. they should sum up to 1.0 over classes

  warnings.warn(

2026-03-07 08:24:18,590:WARNING:c:\Emergency_traige_final\triage_env2\Lib\site-packages\pycaret\internal\metrics.py:204: FitFailedWarning: Metric 'make_scorer(roc_auc_score, response_method=('decision_function', 'predict_proba'), average=weighted, multi_class=ovr)' failed and error score 0.0 has been returned instead. If this is a custom metric, this usually means that the error is in the metric code. Full exception below:
Traceback (most recent call last):
  File "c:\Emergency_traige_final\triage_env2\Lib\site-packages\pycaret\internal\metrics.py", line 196, in _score
    return super()._score(
           ^^^^^^^^^^^^^^^
  File "c:\Emergency_traige_final\triage_env2\Lib\site-packages\sklearn\metrics\_scorer.py", line 350, in _score
    return self._sign * self._score_func(y_true, y_pred, **scoring_kwargs)
                        ^^^^^^^^^^^^^^^^^^^^^^^^^^^^^^^^^^^^^^^^^^^^^^^^^^
  File "c:\Emergency_traige_final\triage_env2\Lib\site-packages\pycaret\internal\metrics.py", line 144, in __call__
    return self.score_func(y_true, y_pred, **kwargs)
           ^^^^^^^^^^^^^^^^^^^^^^^^^^^^^^^^^^^^^^^^^
  File "c:\Emergency_traige_final\triage_env2\Lib\site-packages\sklearn\utils\_param_validation.py", line 213, in wrapper
    return func(*args, **kwargs)
           ^^^^^^^^^^^^^^^^^^^^^
  File "c:\Emergency_traige_final\triage_env2\Lib\site-packages\sklearn\metrics\_ranking.py", line 634, in roc_auc_score
    return _multiclass_roc_auc_score(
           ^^^^^^^^^^^^^^^^^^^^^^^^^^
  File "c:\Emergency_traige_final\triage_env2\Lib\site-packages\sklearn\metrics\_ranking.py", line 707, in _multiclass_roc_auc_score
    raise ValueError(
ValueError: Target scores need to be probabilities for multiclass roc_auc, i.e. they should sum up to 1.0 over classes

  warnings.warn(

2026-03-07 08:24:18,590:WARNING:c:\Emergency_traige_final\triage_env2\Lib\site-packages\sklearn\metrics\_classification.py:1561: UserWarning: Note that pos_label (set to 5) is ignored when average != 'binary' (got 'weighted'). You may use labels=[pos_label] to specify a single positive class.
  warnings.warn(

2026-03-07 08:24:18,596:WARNING:c:\Emergency_traige_final\triage_env2\Lib\site-packages\sklearn\metrics\_classification.py:1561: UserWarning: Note that pos_label (set to 5) is ignored when average != 'binary' (got 'weighted'). You may use labels=[pos_label] to specify a single positive class.
  warnings.warn(

2026-03-07 08:24:18,596:WARNING:c:\Emergency_traige_final\triage_env2\Lib\site-packages\sklearn\metrics\_classification.py:1561: UserWarning: Note that pos_label (set to 5) is ignored when average != 'binary' (got 'weighted'). You may use labels=[pos_label] to specify a single positive class.
  warnings.warn(

2026-03-07 08:24:18,596:WARNING:c:\Emergency_traige_final\triage_env2\Lib\site-packages\sklearn\metrics\_classification.py:1561: UserWarning: Note that pos_label (set to 5) is ignored when average != 'binary' (got 'weighted'). You may use labels=[pos_label] to specify a single positive class.
  warnings.warn(

2026-03-07 08:24:18,596:WARNING:c:\Emergency_traige_final\triage_env2\Lib\site-packages\sklearn\metrics\_classification.py:1509: UndefinedMetricWarning: Precision is ill-defined and being set to 0.0 in labels with no predicted samples. Use `zero_division` parameter to control this behavior.
  _warn_prf(average, modifier, f"{metric.capitalize()} is", len(result))

2026-03-07 08:24:18,596:WARNING:c:\Emergency_traige_final\triage_env2\Lib\site-packages\sklearn\metrics\_classification.py:1509: UndefinedMetricWarning: Precision is ill-defined and being set to 0.0 in labels with no predicted samples. Use `zero_division` parameter to control this behavior.
  _warn_prf(average, modifier, f"{metric.capitalize()} is", len(result))

2026-03-07 08:24:18,596:WARNING:c:\Emergency_traige_final\triage_env2\Lib\site-packages\sklearn\metrics\_classification.py:1561: UserWarning: Note that pos_label (set to 5) is ignored when average != 'binary' (got 'weighted'). You may use labels=[pos_label] to specify a single positive class.
  warnings.warn(

2026-03-07 08:24:18,601:WARNING:c:\Emergency_traige_final\triage_env2\Lib\site-packages\sklearn\metrics\_classification.py:1561: UserWarning: Note that pos_label (set to 5) is ignored when average != 'binary' (got 'weighted'). You may use labels=[pos_label] to specify a single positive class.
  warnings.warn(

2026-03-07 08:24:18,611:INFO:Calculating mean and std
2026-03-07 08:24:18,611:INFO:Creating metrics dataframe
2026-03-07 08:24:18,613:INFO:Uploading results into container
2026-03-07 08:24:18,613:INFO:Uploading model into container now
2026-03-07 08:24:18,613:INFO:_master_model_container: 5
2026-03-07 08:24:18,613:INFO:_display_container: 2
2026-03-07 08:24:18,613:INFO:SGDClassifier(alpha=0.0001, average=False, class_weight=None,
              early_stopping=False, epsilon=0.1, eta0=0.001, fit_intercept=True,
              l1_ratio=0.15, learning_rate='optimal', loss='hinge',
              max_iter=1000, n_iter_no_change=5, n_jobs=-1, penalty='l2',
              power_t=0.5, random_state=123, shuffle=True, tol=0.001,
              validation_fraction=0.1, verbose=0, warm_start=False)
2026-03-07 08:24:18,613:INFO:create_model() successfully completed......................................
2026-03-07 08:24:18,704:INFO:SubProcess create_model() end ==================================
2026-03-07 08:24:18,704:INFO:Creating metrics dataframe
2026-03-07 08:24:18,714:INFO:Initializing Ridge Classifier
2026-03-07 08:24:18,714:INFO:Total runtime is 0.25324764649073284 minutes
2026-03-07 08:24:18,725:INFO:SubProcess create_model() called ==================================
2026-03-07 08:24:18,725:INFO:Initializing create_model()
2026-03-07 08:24:18,725:INFO:create_model(self=<pycaret.classification.oop.ClassificationExperiment object at 0x000001D7306D3CD0>, estimator=ridge, fold=StratifiedKFold(n_splits=5, random_state=None, shuffle=False), round=4, cross_validation=True, predict=True, fit_kwargs={}, groups=None, refit=False, probability_threshold=None, experiment_custom_tags=None, verbose=False, system=False, add_to_model_list=True, metrics=None, display=<pycaret.internal.display.display.CommonDisplay object at 0x000001D76BFD0ED0>, model_only=True, return_train_score=False, error_score=0.0, kwargs={})
2026-03-07 08:24:18,727:INFO:Checking exceptions
2026-03-07 08:24:18,727:INFO:Importing libraries
2026-03-07 08:24:18,727:INFO:Copying training dataset
2026-03-07 08:24:18,730:INFO:Defining folds
2026-03-07 08:24:18,735:INFO:Declaring metric variables
2026-03-07 08:24:18,749:INFO:Importing untrained model
2026-03-07 08:24:18,753:INFO:Ridge Classifier Imported successfully
2026-03-07 08:24:18,761:INFO:Starting cross validation
2026-03-07 08:24:18,764:INFO:Cross validating with StratifiedKFold(n_splits=5, random_state=None, shuffle=False), n_jobs=-1
2026-03-07 08:24:18,970:WARNING:c:\Emergency_traige_final\triage_env2\Lib\site-packages\pycaret\internal\metrics.py:204: FitFailedWarning: Metric 'make_scorer(roc_auc_score, response_method=('decision_function', 'predict_proba'), average=weighted, multi_class=ovr)' failed and error score 0.0 has been returned instead. If this is a custom metric, this usually means that the error is in the metric code. Full exception below:
Traceback (most recent call last):
  File "c:\Emergency_traige_final\triage_env2\Lib\site-packages\pycaret\internal\metrics.py", line 196, in _score
    return super()._score(
           ^^^^^^^^^^^^^^^
  File "c:\Emergency_traige_final\triage_env2\Lib\site-packages\sklearn\metrics\_scorer.py", line 350, in _score
    return self._sign * self._score_func(y_true, y_pred, **scoring_kwargs)
                        ^^^^^^^^^^^^^^^^^^^^^^^^^^^^^^^^^^^^^^^^^^^^^^^^^^
  File "c:\Emergency_traige_final\triage_env2\Lib\site-packages\pycaret\internal\metrics.py", line 144, in __call__
    return self.score_func(y_true, y_pred, **kwargs)
           ^^^^^^^^^^^^^^^^^^^^^^^^^^^^^^^^^^^^^^^^^
  File "c:\Emergency_traige_final\triage_env2\Lib\site-packages\sklearn\utils\_param_validation.py", line 213, in wrapper
    return func(*args, **kwargs)
           ^^^^^^^^^^^^^^^^^^^^^
  File "c:\Emergency_traige_final\triage_env2\Lib\site-packages\sklearn\metrics\_ranking.py", line 634, in roc_auc_score
    return _multiclass_roc_auc_score(
           ^^^^^^^^^^^^^^^^^^^^^^^^^^
  File "c:\Emergency_traige_final\triage_env2\Lib\site-packages\sklearn\metrics\_ranking.py", line 707, in _multiclass_roc_auc_score
    raise ValueError(
ValueError: Target scores need to be probabilities for multiclass roc_auc, i.e. they should sum up to 1.0 over classes

  warnings.warn(

2026-03-07 08:24:18,972:WARNING:c:\Emergency_traige_final\triage_env2\Lib\site-packages\pycaret\internal\metrics.py:204: FitFailedWarning: Metric 'make_scorer(roc_auc_score, response_method=('decision_function', 'predict_proba'), average=weighted, multi_class=ovr)' failed and error score 0.0 has been returned instead. If this is a custom metric, this usually means that the error is in the metric code. Full exception below:
Traceback (most recent call last):
  File "c:\Emergency_traige_final\triage_env2\Lib\site-packages\pycaret\internal\metrics.py", line 196, in _score
    return super()._score(
           ^^^^^^^^^^^^^^^
  File "c:\Emergency_traige_final\triage_env2\Lib\site-packages\sklearn\metrics\_scorer.py", line 350, in _score
    return self._sign * self._score_func(y_true, y_pred, **scoring_kwargs)
                        ^^^^^^^^^^^^^^^^^^^^^^^^^^^^^^^^^^^^^^^^^^^^^^^^^^
  File "c:\Emergency_traige_final\triage_env2\Lib\site-packages\pycaret\internal\metrics.py", line 144, in __call__
    return self.score_func(y_true, y_pred, **kwargs)
           ^^^^^^^^^^^^^^^^^^^^^^^^^^^^^^^^^^^^^^^^^
  File "c:\Emergency_traige_final\triage_env2\Lib\site-packages\sklearn\utils\_param_validation.py", line 213, in wrapper
    return func(*args, **kwargs)
           ^^^^^^^^^^^^^^^^^^^^^
  File "c:\Emergency_traige_final\triage_env2\Lib\site-packages\sklearn\metrics\_ranking.py", line 634, in roc_auc_score
    return _multiclass_roc_auc_score(
           ^^^^^^^^^^^^^^^^^^^^^^^^^^
  File "c:\Emergency_traige_final\triage_env2\Lib\site-packages\sklearn\metrics\_ranking.py", line 707, in _multiclass_roc_auc_score
    raise ValueError(
ValueError: Target scores need to be probabilities for multiclass roc_auc, i.e. they should sum up to 1.0 over classes

  warnings.warn(

2026-03-07 08:24:18,973:WARNING:c:\Emergency_traige_final\triage_env2\Lib\site-packages\sklearn\metrics\_classification.py:1561: UserWarning: Note that pos_label (set to 5) is ignored when average != 'binary' (got 'weighted'). You may use labels=[pos_label] to specify a single positive class.
  warnings.warn(

2026-03-07 08:24:18,973:WARNING:c:\Emergency_traige_final\triage_env2\Lib\site-packages\sklearn\metrics\_classification.py:1561: UserWarning: Note that pos_label (set to 5) is ignored when average != 'binary' (got 'weighted'). You may use labels=[pos_label] to specify a single positive class.
  warnings.warn(

2026-03-07 08:24:18,975:WARNING:c:\Emergency_traige_final\triage_env2\Lib\site-packages\sklearn\metrics\_classification.py:1561: UserWarning: Note that pos_label (set to 5) is ignored when average != 'binary' (got 'weighted'). You may use labels=[pos_label] to specify a single positive class.
  warnings.warn(

2026-03-07 08:24:18,976:WARNING:c:\Emergency_traige_final\triage_env2\Lib\site-packages\sklearn\metrics\_classification.py:1561: UserWarning: Note that pos_label (set to 5) is ignored when average != 'binary' (got 'weighted'). You may use labels=[pos_label] to specify a single positive class.
  warnings.warn(

2026-03-07 08:24:18,977:WARNING:c:\Emergency_traige_final\triage_env2\Lib\site-packages\sklearn\metrics\_classification.py:1509: UndefinedMetricWarning: Precision is ill-defined and being set to 0.0 in labels with no predicted samples. Use `zero_division` parameter to control this behavior.
  _warn_prf(average, modifier, f"{metric.capitalize()} is", len(result))

2026-03-07 08:24:18,977:WARNING:c:\Emergency_traige_final\triage_env2\Lib\site-packages\sklearn\metrics\_classification.py:1509: UndefinedMetricWarning: Precision is ill-defined and being set to 0.0 in labels with no predicted samples. Use `zero_division` parameter to control this behavior.
  _warn_prf(average, modifier, f"{metric.capitalize()} is", len(result))

2026-03-07 08:24:18,977:WARNING:c:\Emergency_traige_final\triage_env2\Lib\site-packages\sklearn\metrics\_classification.py:1561: UserWarning: Note that pos_label (set to 5) is ignored when average != 'binary' (got 'weighted'). You may use labels=[pos_label] to specify a single positive class.
  warnings.warn(

2026-03-07 08:24:18,980:WARNING:c:\Emergency_traige_final\triage_env2\Lib\site-packages\sklearn\metrics\_classification.py:1561: UserWarning: Note that pos_label (set to 5) is ignored when average != 'binary' (got 'weighted'). You may use labels=[pos_label] to specify a single positive class.
  warnings.warn(

2026-03-07 08:24:18,980:WARNING:c:\Emergency_traige_final\triage_env2\Lib\site-packages\pycaret\internal\metrics.py:204: FitFailedWarning: Metric 'make_scorer(roc_auc_score, response_method=('decision_function', 'predict_proba'), average=weighted, multi_class=ovr)' failed and error score 0.0 has been returned instead. If this is a custom metric, this usually means that the error is in the metric code. Full exception below:
Traceback (most recent call last):
  File "c:\Emergency_traige_final\triage_env2\Lib\site-packages\pycaret\internal\metrics.py", line 196, in _score
    return super()._score(
           ^^^^^^^^^^^^^^^
  File "c:\Emergency_traige_final\triage_env2\Lib\site-packages\sklearn\metrics\_scorer.py", line 350, in _score
    return self._sign * self._score_func(y_true, y_pred, **scoring_kwargs)
                        ^^^^^^^^^^^^^^^^^^^^^^^^^^^^^^^^^^^^^^^^^^^^^^^^^^
  File "c:\Emergency_traige_final\triage_env2\Lib\site-packages\pycaret\internal\metrics.py", line 144, in __call__
    return self.score_func(y_true, y_pred, **kwargs)
           ^^^^^^^^^^^^^^^^^^^^^^^^^^^^^^^^^^^^^^^^^
  File "c:\Emergency_traige_final\triage_env2\Lib\site-packages\sklearn\utils\_param_validation.py", line 213, in wrapper
    return func(*args, **kwargs)
           ^^^^^^^^^^^^^^^^^^^^^
  File "c:\Emergency_traige_final\triage_env2\Lib\site-packages\sklearn\metrics\_ranking.py", line 634, in roc_auc_score
    return _multiclass_roc_auc_score(
           ^^^^^^^^^^^^^^^^^^^^^^^^^^
  File "c:\Emergency_traige_final\triage_env2\Lib\site-packages\sklearn\metrics\_ranking.py", line 707, in _multiclass_roc_auc_score
    raise ValueError(
ValueError: Target scores need to be probabilities for multiclass roc_auc, i.e. they should sum up to 1.0 over classes

  warnings.warn(

2026-03-07 08:24:18,982:WARNING:c:\Emergency_traige_final\triage_env2\Lib\site-packages\sklearn\metrics\_classification.py:1561: UserWarning: Note that pos_label (set to 5) is ignored when average != 'binary' (got 'weighted'). You may use labels=[pos_label] to specify a single positive class.
  warnings.warn(

2026-03-07 08:24:18,985:WARNING:c:\Emergency_traige_final\triage_env2\Lib\site-packages\sklearn\metrics\_classification.py:1561: UserWarning: Note that pos_label (set to 5) is ignored when average != 'binary' (got 'weighted'). You may use labels=[pos_label] to specify a single positive class.
  warnings.warn(

2026-03-07 08:24:18,987:WARNING:c:\Emergency_traige_final\triage_env2\Lib\site-packages\sklearn\metrics\_classification.py:1561: UserWarning: Note that pos_label (set to 5) is ignored when average != 'binary' (got 'weighted'). You may use labels=[pos_label] to specify a single positive class.
  warnings.warn(

2026-03-07 08:24:18,997:WARNING:c:\Emergency_traige_final\triage_env2\Lib\site-packages\pycaret\internal\metrics.py:204: FitFailedWarning: Metric 'make_scorer(roc_auc_score, response_method=('decision_function', 'predict_proba'), average=weighted, multi_class=ovr)' failed and error score 0.0 has been returned instead. If this is a custom metric, this usually means that the error is in the metric code. Full exception below:
Traceback (most recent call last):
  File "c:\Emergency_traige_final\triage_env2\Lib\site-packages\pycaret\internal\metrics.py", line 196, in _score
    return super()._score(
           ^^^^^^^^^^^^^^^
  File "c:\Emergency_traige_final\triage_env2\Lib\site-packages\sklearn\metrics\_scorer.py", line 350, in _score
    return self._sign * self._score_func(y_true, y_pred, **scoring_kwargs)
                        ^^^^^^^^^^^^^^^^^^^^^^^^^^^^^^^^^^^^^^^^^^^^^^^^^^
  File "c:\Emergency_traige_final\triage_env2\Lib\site-packages\pycaret\internal\metrics.py", line 144, in __call__
    return self.score_func(y_true, y_pred, **kwargs)
           ^^^^^^^^^^^^^^^^^^^^^^^^^^^^^^^^^^^^^^^^^
  File "c:\Emergency_traige_final\triage_env2\Lib\site-packages\sklearn\utils\_param_validation.py", line 213, in wrapper
    return func(*args, **kwargs)
           ^^^^^^^^^^^^^^^^^^^^^
  File "c:\Emergency_traige_final\triage_env2\Lib\site-packages\sklearn\metrics\_ranking.py", line 634, in roc_auc_score
    return _multiclass_roc_auc_score(
           ^^^^^^^^^^^^^^^^^^^^^^^^^^
  File "c:\Emergency_traige_final\triage_env2\Lib\site-packages\sklearn\metrics\_ranking.py", line 707, in _multiclass_roc_auc_score
    raise ValueError(
ValueError: Target scores need to be probabilities for multiclass roc_auc, i.e. they should sum up to 1.0 over classes

  warnings.warn(

2026-03-07 08:24:18,999:WARNING:c:\Emergency_traige_final\triage_env2\Lib\site-packages\sklearn\metrics\_classification.py:1561: UserWarning: Note that pos_label (set to 5) is ignored when average != 'binary' (got 'weighted'). You may use labels=[pos_label] to specify a single positive class.
  warnings.warn(

2026-03-07 08:24:19,002:WARNING:c:\Emergency_traige_final\triage_env2\Lib\site-packages\sklearn\metrics\_classification.py:1561: UserWarning: Note that pos_label (set to 5) is ignored when average != 'binary' (got 'weighted'). You may use labels=[pos_label] to specify a single positive class.
  warnings.warn(

2026-03-07 08:24:19,002:WARNING:c:\Emergency_traige_final\triage_env2\Lib\site-packages\pycaret\internal\metrics.py:204: FitFailedWarning: Metric 'make_scorer(roc_auc_score, response_method=('decision_function', 'predict_proba'), average=weighted, multi_class=ovr)' failed and error score 0.0 has been returned instead. If this is a custom metric, this usually means that the error is in the metric code. Full exception below:
Traceback (most recent call last):
  File "c:\Emergency_traige_final\triage_env2\Lib\site-packages\pycaret\internal\metrics.py", line 196, in _score
    return super()._score(
           ^^^^^^^^^^^^^^^
  File "c:\Emergency_traige_final\triage_env2\Lib\site-packages\sklearn\metrics\_scorer.py", line 350, in _score
    return self._sign * self._score_func(y_true, y_pred, **scoring_kwargs)
                        ^^^^^^^^^^^^^^^^^^^^^^^^^^^^^^^^^^^^^^^^^^^^^^^^^^
  File "c:\Emergency_traige_final\triage_env2\Lib\site-packages\pycaret\internal\metrics.py", line 144, in __call__
    return self.score_func(y_true, y_pred, **kwargs)
           ^^^^^^^^^^^^^^^^^^^^^^^^^^^^^^^^^^^^^^^^^
  File "c:\Emergency_traige_final\triage_env2\Lib\site-packages\sklearn\utils\_param_validation.py", line 213, in wrapper
    return func(*args, **kwargs)
           ^^^^^^^^^^^^^^^^^^^^^
  File "c:\Emergency_traige_final\triage_env2\Lib\site-packages\sklearn\metrics\_ranking.py", line 634, in roc_auc_score
    return _multiclass_roc_auc_score(
           ^^^^^^^^^^^^^^^^^^^^^^^^^^
  File "c:\Emergency_traige_final\triage_env2\Lib\site-packages\sklearn\metrics\_ranking.py", line 707, in _multiclass_roc_auc_score
    raise ValueError(
ValueError: Target scores need to be probabilities for multiclass roc_auc, i.e. they should sum up to 1.0 over classes

  warnings.warn(

2026-03-07 08:24:19,002:WARNING:c:\Emergency_traige_final\triage_env2\Lib\site-packages\sklearn\metrics\_classification.py:1509: UndefinedMetricWarning: Precision is ill-defined and being set to 0.0 in labels with no predicted samples. Use `zero_division` parameter to control this behavior.
  _warn_prf(average, modifier, f"{metric.capitalize()} is", len(result))

2026-03-07 08:24:19,004:WARNING:c:\Emergency_traige_final\triage_env2\Lib\site-packages\sklearn\metrics\_classification.py:1561: UserWarning: Note that pos_label (set to 5) is ignored when average != 'binary' (got 'weighted'). You may use labels=[pos_label] to specify a single positive class.
  warnings.warn(

2026-03-07 08:24:19,004:WARNING:c:\Emergency_traige_final\triage_env2\Lib\site-packages\sklearn\metrics\_classification.py:1561: UserWarning: Note that pos_label (set to 5) is ignored when average != 'binary' (got 'weighted'). You may use labels=[pos_label] to specify a single positive class.
  warnings.warn(

2026-03-07 08:24:19,004:WARNING:c:\Emergency_traige_final\triage_env2\Lib\site-packages\sklearn\metrics\_classification.py:1561: UserWarning: Note that pos_label (set to 5) is ignored when average != 'binary' (got 'weighted'). You may use labels=[pos_label] to specify a single positive class.
  warnings.warn(

2026-03-07 08:24:19,004:WARNING:c:\Emergency_traige_final\triage_env2\Lib\site-packages\sklearn\metrics\_classification.py:1509: UndefinedMetricWarning: Precision is ill-defined and being set to 0.0 in labels with no predicted samples. Use `zero_division` parameter to control this behavior.
  _warn_prf(average, modifier, f"{metric.capitalize()} is", len(result))

2026-03-07 08:24:19,008:WARNING:c:\Emergency_traige_final\triage_env2\Lib\site-packages\sklearn\metrics\_classification.py:1561: UserWarning: Note that pos_label (set to 5) is ignored when average != 'binary' (got 'weighted'). You may use labels=[pos_label] to specify a single positive class.
  warnings.warn(

2026-03-07 08:24:19,014:INFO:Calculating mean and std
2026-03-07 08:24:19,014:INFO:Creating metrics dataframe
2026-03-07 08:24:19,014:INFO:Uploading results into container
2026-03-07 08:24:19,014:INFO:Uploading model into container now
2026-03-07 08:24:19,014:INFO:_master_model_container: 6
2026-03-07 08:24:19,018:INFO:_display_container: 2
2026-03-07 08:24:19,018:INFO:RidgeClassifier(alpha=1.0, class_weight=None, copy_X=True, fit_intercept=True,
                max_iter=None, positive=False, random_state=123, solver='auto',
                tol=0.0001)
2026-03-07 08:24:19,018:INFO:create_model() successfully completed......................................
2026-03-07 08:24:19,099:INFO:SubProcess create_model() end ==================================
2026-03-07 08:24:19,099:INFO:Creating metrics dataframe
2026-03-07 08:24:19,113:INFO:Initializing Random Forest Classifier
2026-03-07 08:24:19,113:INFO:Total runtime is 0.2598850607872009 minutes
2026-03-07 08:24:19,118:INFO:SubProcess create_model() called ==================================
2026-03-07 08:24:19,118:INFO:Initializing create_model()
2026-03-07 08:24:19,118:INFO:create_model(self=<pycaret.classification.oop.ClassificationExperiment object at 0x000001D7306D3CD0>, estimator=rf, fold=StratifiedKFold(n_splits=5, random_state=None, shuffle=False), round=4, cross_validation=True, predict=True, fit_kwargs={}, groups=None, refit=False, probability_threshold=None, experiment_custom_tags=None, verbose=False, system=False, add_to_model_list=True, metrics=None, display=<pycaret.internal.display.display.CommonDisplay object at 0x000001D76BFD0ED0>, model_only=True, return_train_score=False, error_score=0.0, kwargs={})
2026-03-07 08:24:19,118:INFO:Checking exceptions
2026-03-07 08:24:19,118:INFO:Importing libraries
2026-03-07 08:24:19,118:INFO:Copying training dataset
2026-03-07 08:24:19,130:INFO:Defining folds
2026-03-07 08:24:19,130:INFO:Declaring metric variables
2026-03-07 08:24:19,135:INFO:Importing untrained model
2026-03-07 08:24:19,135:INFO:Random Forest Classifier Imported successfully
2026-03-07 08:24:19,153:INFO:Starting cross validation
2026-03-07 08:24:19,153:INFO:Cross validating with StratifiedKFold(n_splits=5, random_state=None, shuffle=False), n_jobs=-1
2026-03-07 08:24:19,617:WARNING:c:\Emergency_traige_final\triage_env2\Lib\site-packages\sklearn\metrics\_classification.py:1561: UserWarning: Note that pos_label (set to 5) is ignored when average != 'binary' (got 'weighted'). You may use labels=[pos_label] to specify a single positive class.
  warnings.warn(

2026-03-07 08:24:19,620:WARNING:c:\Emergency_traige_final\triage_env2\Lib\site-packages\sklearn\metrics\_classification.py:1561: UserWarning: Note that pos_label (set to 5) is ignored when average != 'binary' (got 'weighted'). You may use labels=[pos_label] to specify a single positive class.
  warnings.warn(

2026-03-07 08:24:19,620:WARNING:c:\Emergency_traige_final\triage_env2\Lib\site-packages\sklearn\metrics\_classification.py:1509: UndefinedMetricWarning: Precision is ill-defined and being set to 0.0 in labels with no predicted samples. Use `zero_division` parameter to control this behavior.
  _warn_prf(average, modifier, f"{metric.capitalize()} is", len(result))

2026-03-07 08:24:19,620:WARNING:c:\Emergency_traige_final\triage_env2\Lib\site-packages\sklearn\metrics\_classification.py:1561: UserWarning: Note that pos_label (set to 5) is ignored when average != 'binary' (got 'weighted'). You may use labels=[pos_label] to specify a single positive class.
  warnings.warn(

2026-03-07 08:24:19,620:WARNING:c:\Emergency_traige_final\triage_env2\Lib\site-packages\sklearn\metrics\_classification.py:1561: UserWarning: Note that pos_label (set to 5) is ignored when average != 'binary' (got 'weighted'). You may use labels=[pos_label] to specify a single positive class.
  warnings.warn(

2026-03-07 08:24:19,624:WARNING:c:\Emergency_traige_final\triage_env2\Lib\site-packages\sklearn\metrics\_classification.py:1561: UserWarning: Note that pos_label (set to 5) is ignored when average != 'binary' (got 'weighted'). You may use labels=[pos_label] to specify a single positive class.
  warnings.warn(

2026-03-07 08:24:19,625:WARNING:c:\Emergency_traige_final\triage_env2\Lib\site-packages\sklearn\metrics\_classification.py:1561: UserWarning: Note that pos_label (set to 5) is ignored when average != 'binary' (got 'weighted'). You may use labels=[pos_label] to specify a single positive class.
  warnings.warn(

2026-03-07 08:24:19,625:WARNING:c:\Emergency_traige_final\triage_env2\Lib\site-packages\sklearn\metrics\_classification.py:1561: UserWarning: Note that pos_label (set to 5) is ignored when average != 'binary' (got 'weighted'). You may use labels=[pos_label] to specify a single positive class.
  warnings.warn(

2026-03-07 08:24:19,625:WARNING:c:\Emergency_traige_final\triage_env2\Lib\site-packages\sklearn\metrics\_classification.py:1561: UserWarning: Note that pos_label (set to 5) is ignored when average != 'binary' (got 'weighted'). You may use labels=[pos_label] to specify a single positive class.
  warnings.warn(

2026-03-07 08:24:19,630:WARNING:c:\Emergency_traige_final\triage_env2\Lib\site-packages\sklearn\metrics\_classification.py:1561: UserWarning: Note that pos_label (set to 5) is ignored when average != 'binary' (got 'weighted'). You may use labels=[pos_label] to specify a single positive class.
  warnings.warn(

2026-03-07 08:24:19,632:WARNING:c:\Emergency_traige_final\triage_env2\Lib\site-packages\sklearn\metrics\_classification.py:1561: UserWarning: Note that pos_label (set to 5) is ignored when average != 'binary' (got 'weighted'). You may use labels=[pos_label] to specify a single positive class.
  warnings.warn(

2026-03-07 08:24:19,632:WARNING:c:\Emergency_traige_final\triage_env2\Lib\site-packages\sklearn\metrics\_classification.py:1561: UserWarning: Note that pos_label (set to 5) is ignored when average != 'binary' (got 'weighted'). You may use labels=[pos_label] to specify a single positive class.
  warnings.warn(

2026-03-07 08:24:19,635:WARNING:c:\Emergency_traige_final\triage_env2\Lib\site-packages\sklearn\metrics\_classification.py:1561: UserWarning: Note that pos_label (set to 5) is ignored when average != 'binary' (got 'weighted'). You may use labels=[pos_label] to specify a single positive class.
  warnings.warn(

2026-03-07 08:24:19,646:WARNING:c:\Emergency_traige_final\triage_env2\Lib\site-packages\sklearn\metrics\_classification.py:1561: UserWarning: Note that pos_label (set to 5) is ignored when average != 'binary' (got 'weighted'). You may use labels=[pos_label] to specify a single positive class.
  warnings.warn(

2026-03-07 08:24:19,646:WARNING:c:\Emergency_traige_final\triage_env2\Lib\site-packages\sklearn\metrics\_classification.py:1561: UserWarning: Note that pos_label (set to 5) is ignored when average != 'binary' (got 'weighted'). You may use labels=[pos_label] to specify a single positive class.
  warnings.warn(

2026-03-07 08:24:19,652:WARNING:c:\Emergency_traige_final\triage_env2\Lib\site-packages\sklearn\metrics\_classification.py:1509: UndefinedMetricWarning: Precision is ill-defined and being set to 0.0 in labels with no predicted samples. Use `zero_division` parameter to control this behavior.
  _warn_prf(average, modifier, f"{metric.capitalize()} is", len(result))

2026-03-07 08:24:19,652:WARNING:c:\Emergency_traige_final\triage_env2\Lib\site-packages\sklearn\metrics\_classification.py:1561: UserWarning: Note that pos_label (set to 5) is ignored when average != 'binary' (got 'weighted'). You may use labels=[pos_label] to specify a single positive class.
  warnings.warn(

2026-03-07 08:24:19,663:INFO:Calculating mean and std
2026-03-07 08:24:19,663:INFO:Creating metrics dataframe
2026-03-07 08:24:19,663:INFO:Uploading results into container
2026-03-07 08:24:19,663:INFO:Uploading model into container now
2026-03-07 08:24:19,663:INFO:_master_model_container: 7
2026-03-07 08:24:19,663:INFO:_display_container: 2
2026-03-07 08:24:19,663:INFO:RandomForestClassifier(bootstrap=True, ccp_alpha=0.0, class_weight=None,
                       criterion='gini', max_depth=None, max_features='sqrt',
                       max_leaf_nodes=None, max_samples=None,
                       min_impurity_decrease=0.0, min_samples_leaf=1,
                       min_samples_split=2, min_weight_fraction_leaf=0.0,
                       monotonic_cst=None, n_estimators=100, n_jobs=-1,
                       oob_score=False, random_state=123, verbose=0,
                       warm_start=False)
2026-03-07 08:24:19,663:INFO:create_model() successfully completed......................................
2026-03-07 08:24:19,763:INFO:SubProcess create_model() end ==================================
2026-03-07 08:24:19,763:INFO:Creating metrics dataframe
2026-03-07 08:24:19,777:INFO:Initializing Quadratic Discriminant Analysis
2026-03-07 08:24:19,777:INFO:Total runtime is 0.27095231612523396 minutes
2026-03-07 08:24:19,785:INFO:SubProcess create_model() called ==================================
2026-03-07 08:24:19,785:INFO:Initializing create_model()
2026-03-07 08:24:19,785:INFO:create_model(self=<pycaret.classification.oop.ClassificationExperiment object at 0x000001D7306D3CD0>, estimator=qda, fold=StratifiedKFold(n_splits=5, random_state=None, shuffle=False), round=4, cross_validation=True, predict=True, fit_kwargs={}, groups=None, refit=False, probability_threshold=None, experiment_custom_tags=None, verbose=False, system=False, add_to_model_list=True, metrics=None, display=<pycaret.internal.display.display.CommonDisplay object at 0x000001D76BFD0ED0>, model_only=True, return_train_score=False, error_score=0.0, kwargs={})
2026-03-07 08:24:19,785:INFO:Checking exceptions
2026-03-07 08:24:19,785:INFO:Importing libraries
2026-03-07 08:24:19,785:INFO:Copying training dataset
2026-03-07 08:24:19,798:INFO:Defining folds
2026-03-07 08:24:19,798:INFO:Declaring metric variables
2026-03-07 08:24:19,799:INFO:Importing untrained model
2026-03-07 08:24:19,808:INFO:Quadratic Discriminant Analysis Imported successfully
2026-03-07 08:24:19,816:INFO:Starting cross validation
2026-03-07 08:24:19,824:INFO:Cross validating with StratifiedKFold(n_splits=5, random_state=None, shuffle=False), n_jobs=-1
2026-03-07 08:24:19,992:WARNING:c:\Emergency_traige_final\triage_env2\Lib\site-packages\sklearn\discriminant_analysis.py:935: UserWarning: Variables are collinear
  warnings.warn("Variables are collinear")

2026-03-07 08:24:19,994:WARNING:c:\Emergency_traige_final\triage_env2\Lib\site-packages\sklearn\discriminant_analysis.py:935: UserWarning: Variables are collinear
  warnings.warn("Variables are collinear")

2026-03-07 08:24:20,011:WARNING:c:\Emergency_traige_final\triage_env2\Lib\site-packages\sklearn\discriminant_analysis.py:935: UserWarning: Variables are collinear
  warnings.warn("Variables are collinear")

2026-03-07 08:24:20,013:WARNING:c:\Emergency_traige_final\triage_env2\Lib\site-packages\sklearn\discriminant_analysis.py:935: UserWarning: Variables are collinear
  warnings.warn("Variables are collinear")

2026-03-07 08:24:20,021:WARNING:c:\Emergency_traige_final\triage_env2\Lib\site-packages\sklearn\discriminant_analysis.py:935: UserWarning: Variables are collinear
  warnings.warn("Variables are collinear")

2026-03-07 08:24:20,052:WARNING:c:\Emergency_traige_final\triage_env2\Lib\site-packages\pycaret\internal\metrics.py:204: FitFailedWarning: Metric 'make_scorer(roc_auc_score, response_method=('decision_function', 'predict_proba'), average=weighted, multi_class=ovr)' failed and error score 0.0 has been returned instead. If this is a custom metric, this usually means that the error is in the metric code. Full exception below:
Traceback (most recent call last):
  File "c:\Emergency_traige_final\triage_env2\Lib\site-packages\pycaret\internal\metrics.py", line 196, in _score
    return super()._score(
           ^^^^^^^^^^^^^^^
  File "c:\Emergency_traige_final\triage_env2\Lib\site-packages\sklearn\metrics\_scorer.py", line 350, in _score
    return self._sign * self._score_func(y_true, y_pred, **scoring_kwargs)
                        ^^^^^^^^^^^^^^^^^^^^^^^^^^^^^^^^^^^^^^^^^^^^^^^^^^
  File "c:\Emergency_traige_final\triage_env2\Lib\site-packages\pycaret\internal\metrics.py", line 144, in __call__
    return self.score_func(y_true, y_pred, **kwargs)
           ^^^^^^^^^^^^^^^^^^^^^^^^^^^^^^^^^^^^^^^^^
  File "c:\Emergency_traige_final\triage_env2\Lib\site-packages\sklearn\utils\_param_validation.py", line 213, in wrapper
    return func(*args, **kwargs)
           ^^^^^^^^^^^^^^^^^^^^^
  File "c:\Emergency_traige_final\triage_env2\Lib\site-packages\sklearn\metrics\_ranking.py", line 634, in roc_auc_score
    return _multiclass_roc_auc_score(
           ^^^^^^^^^^^^^^^^^^^^^^^^^^
  File "c:\Emergency_traige_final\triage_env2\Lib\site-packages\sklearn\metrics\_ranking.py", line 707, in _multiclass_roc_auc_score
    raise ValueError(
ValueError: Target scores need to be probabilities for multiclass roc_auc, i.e. they should sum up to 1.0 over classes

  warnings.warn(

2026-03-07 08:24:20,054:WARNING:c:\Emergency_traige_final\triage_env2\Lib\site-packages\sklearn\metrics\_classification.py:1561: UserWarning: Note that pos_label (set to 5) is ignored when average != 'binary' (got 'weighted'). You may use labels=[pos_label] to specify a single positive class.
  warnings.warn(

2026-03-07 08:24:20,054:WARNING:c:\Emergency_traige_final\triage_env2\Lib\site-packages\pycaret\internal\metrics.py:204: FitFailedWarning: Metric 'make_scorer(roc_auc_score, response_method=('decision_function', 'predict_proba'), average=weighted, multi_class=ovr)' failed and error score 0.0 has been returned instead. If this is a custom metric, this usually means that the error is in the metric code. Full exception below:
Traceback (most recent call last):
  File "c:\Emergency_traige_final\triage_env2\Lib\site-packages\pycaret\internal\metrics.py", line 196, in _score
    return super()._score(
           ^^^^^^^^^^^^^^^
  File "c:\Emergency_traige_final\triage_env2\Lib\site-packages\sklearn\metrics\_scorer.py", line 350, in _score
    return self._sign * self._score_func(y_true, y_pred, **scoring_kwargs)
                        ^^^^^^^^^^^^^^^^^^^^^^^^^^^^^^^^^^^^^^^^^^^^^^^^^^
  File "c:\Emergency_traige_final\triage_env2\Lib\site-packages\pycaret\internal\metrics.py", line 144, in __call__
    return self.score_func(y_true, y_pred, **kwargs)
           ^^^^^^^^^^^^^^^^^^^^^^^^^^^^^^^^^^^^^^^^^
  File "c:\Emergency_traige_final\triage_env2\Lib\site-packages\sklearn\utils\_param_validation.py", line 213, in wrapper
    return func(*args, **kwargs)
           ^^^^^^^^^^^^^^^^^^^^^
  File "c:\Emergency_traige_final\triage_env2\Lib\site-packages\sklearn\metrics\_ranking.py", line 634, in roc_auc_score
    return _multiclass_roc_auc_score(
           ^^^^^^^^^^^^^^^^^^^^^^^^^^
  File "c:\Emergency_traige_final\triage_env2\Lib\site-packages\sklearn\metrics\_ranking.py", line 707, in _multiclass_roc_auc_score
    raise ValueError(
ValueError: Target scores need to be probabilities for multiclass roc_auc, i.e. they should sum up to 1.0 over classes

  warnings.warn(

2026-03-07 08:24:20,056:WARNING:c:\Emergency_traige_final\triage_env2\Lib\site-packages\sklearn\metrics\_classification.py:1561: UserWarning: Note that pos_label (set to 5) is ignored when average != 'binary' (got 'weighted'). You may use labels=[pos_label] to specify a single positive class.
  warnings.warn(

2026-03-07 08:24:20,056:WARNING:c:\Emergency_traige_final\triage_env2\Lib\site-packages\sklearn\metrics\_classification.py:1561: UserWarning: Note that pos_label (set to 5) is ignored when average != 'binary' (got 'weighted'). You may use labels=[pos_label] to specify a single positive class.
  warnings.warn(

2026-03-07 08:24:20,058:WARNING:c:\Emergency_traige_final\triage_env2\Lib\site-packages\sklearn\metrics\_classification.py:1561: UserWarning: Note that pos_label (set to 5) is ignored when average != 'binary' (got 'weighted'). You may use labels=[pos_label] to specify a single positive class.
  warnings.warn(

2026-03-07 08:24:20,058:WARNING:c:\Emergency_traige_final\triage_env2\Lib\site-packages\sklearn\metrics\_classification.py:1509: UndefinedMetricWarning: Precision is ill-defined and being set to 0.0 in labels with no predicted samples. Use `zero_division` parameter to control this behavior.
  _warn_prf(average, modifier, f"{metric.capitalize()} is", len(result))

2026-03-07 08:24:20,058:WARNING:c:\Emergency_traige_final\triage_env2\Lib\site-packages\sklearn\metrics\_classification.py:1509: UndefinedMetricWarning: Precision is ill-defined and being set to 0.0 in labels with no predicted samples. Use `zero_division` parameter to control this behavior.
  _warn_prf(average, modifier, f"{metric.capitalize()} is", len(result))

2026-03-07 08:24:20,060:WARNING:c:\Emergency_traige_final\triage_env2\Lib\site-packages\sklearn\metrics\_classification.py:1561: UserWarning: Note that pos_label (set to 5) is ignored when average != 'binary' (got 'weighted'). You may use labels=[pos_label] to specify a single positive class.
  warnings.warn(

2026-03-07 08:24:20,071:WARNING:c:\Emergency_traige_final\triage_env2\Lib\site-packages\pycaret\internal\metrics.py:204: FitFailedWarning: Metric 'make_scorer(roc_auc_score, response_method=('decision_function', 'predict_proba'), average=weighted, multi_class=ovr)' failed and error score 0.0 has been returned instead. If this is a custom metric, this usually means that the error is in the metric code. Full exception below:
Traceback (most recent call last):
  File "c:\Emergency_traige_final\triage_env2\Lib\site-packages\pycaret\internal\metrics.py", line 196, in _score
    return super()._score(
           ^^^^^^^^^^^^^^^
  File "c:\Emergency_traige_final\triage_env2\Lib\site-packages\sklearn\metrics\_scorer.py", line 350, in _score
    return self._sign * self._score_func(y_true, y_pred, **scoring_kwargs)
                        ^^^^^^^^^^^^^^^^^^^^^^^^^^^^^^^^^^^^^^^^^^^^^^^^^^
  File "c:\Emergency_traige_final\triage_env2\Lib\site-packages\pycaret\internal\metrics.py", line 144, in __call__
    return self.score_func(y_true, y_pred, **kwargs)
           ^^^^^^^^^^^^^^^^^^^^^^^^^^^^^^^^^^^^^^^^^
  File "c:\Emergency_traige_final\triage_env2\Lib\site-packages\sklearn\utils\_param_validation.py", line 213, in wrapper
    return func(*args, **kwargs)
           ^^^^^^^^^^^^^^^^^^^^^
  File "c:\Emergency_traige_final\triage_env2\Lib\site-packages\sklearn\metrics\_ranking.py", line 634, in roc_auc_score
    return _multiclass_roc_auc_score(
           ^^^^^^^^^^^^^^^^^^^^^^^^^^
  File "c:\Emergency_traige_final\triage_env2\Lib\site-packages\sklearn\metrics\_ranking.py", line 707, in _multiclass_roc_auc_score
    raise ValueError(
ValueError: Target scores need to be probabilities for multiclass roc_auc, i.e. they should sum up to 1.0 over classes

  warnings.warn(

2026-03-07 08:24:20,071:WARNING:c:\Emergency_traige_final\triage_env2\Lib\site-packages\sklearn\metrics\_classification.py:1561: UserWarning: Note that pos_label (set to 5) is ignored when average != 'binary' (got 'weighted'). You may use labels=[pos_label] to specify a single positive class.
  warnings.warn(

2026-03-07 08:24:20,073:WARNING:c:\Emergency_traige_final\triage_env2\Lib\site-packages\pycaret\internal\metrics.py:204: FitFailedWarning: Metric 'make_scorer(roc_auc_score, response_method=('decision_function', 'predict_proba'), average=weighted, multi_class=ovr)' failed and error score 0.0 has been returned instead. If this is a custom metric, this usually means that the error is in the metric code. Full exception below:
Traceback (most recent call last):
  File "c:\Emergency_traige_final\triage_env2\Lib\site-packages\pycaret\internal\metrics.py", line 196, in _score
    return super()._score(
           ^^^^^^^^^^^^^^^
  File "c:\Emergency_traige_final\triage_env2\Lib\site-packages\sklearn\metrics\_scorer.py", line 350, in _score
    return self._sign * self._score_func(y_true, y_pred, **scoring_kwargs)
                        ^^^^^^^^^^^^^^^^^^^^^^^^^^^^^^^^^^^^^^^^^^^^^^^^^^
  File "c:\Emergency_traige_final\triage_env2\Lib\site-packages\pycaret\internal\metrics.py", line 144, in __call__
    return self.score_func(y_true, y_pred, **kwargs)
           ^^^^^^^^^^^^^^^^^^^^^^^^^^^^^^^^^^^^^^^^^
  File "c:\Emergency_traige_final\triage_env2\Lib\site-packages\sklearn\utils\_param_validation.py", line 213, in wrapper
    return func(*args, **kwargs)
           ^^^^^^^^^^^^^^^^^^^^^
  File "c:\Emergency_traige_final\triage_env2\Lib\site-packages\sklearn\metrics\_ranking.py", line 634, in roc_auc_score
    return _multiclass_roc_auc_score(
           ^^^^^^^^^^^^^^^^^^^^^^^^^^
  File "c:\Emergency_traige_final\triage_env2\Lib\site-packages\sklearn\metrics\_ranking.py", line 707, in _multiclass_roc_auc_score
    raise ValueError(
ValueError: Target scores need to be probabilities for multiclass roc_auc, i.e. they should sum up to 1.0 over classes

  warnings.warn(

2026-03-07 08:24:20,073:WARNING:c:\Emergency_traige_final\triage_env2\Lib\site-packages\sklearn\metrics\_classification.py:1561: UserWarning: Note that pos_label (set to 5) is ignored when average != 'binary' (got 'weighted'). You may use labels=[pos_label] to specify a single positive class.
  warnings.warn(

2026-03-07 08:24:20,075:WARNING:c:\Emergency_traige_final\triage_env2\Lib\site-packages\sklearn\metrics\_classification.py:1561: UserWarning: Note that pos_label (set to 5) is ignored when average != 'binary' (got 'weighted'). You may use labels=[pos_label] to specify a single positive class.
  warnings.warn(

2026-03-07 08:24:20,075:WARNING:c:\Emergency_traige_final\triage_env2\Lib\site-packages\sklearn\metrics\_classification.py:1509: UndefinedMetricWarning: Precision is ill-defined and being set to 0.0 in labels with no predicted samples. Use `zero_division` parameter to control this behavior.
  _warn_prf(average, modifier, f"{metric.capitalize()} is", len(result))

2026-03-07 08:24:20,076:WARNING:c:\Emergency_traige_final\triage_env2\Lib\site-packages\sklearn\metrics\_classification.py:1561: UserWarning: Note that pos_label (set to 5) is ignored when average != 'binary' (got 'weighted'). You may use labels=[pos_label] to specify a single positive class.
  warnings.warn(

2026-03-07 08:24:20,076:WARNING:c:\Emergency_traige_final\triage_env2\Lib\site-packages\sklearn\metrics\_classification.py:1561: UserWarning: Note that pos_label (set to 5) is ignored when average != 'binary' (got 'weighted'). You may use labels=[pos_label] to specify a single positive class.
  warnings.warn(

2026-03-07 08:24:20,076:WARNING:c:\Emergency_traige_final\triage_env2\Lib\site-packages\pycaret\internal\metrics.py:204: FitFailedWarning: Metric 'make_scorer(roc_auc_score, response_method=('decision_function', 'predict_proba'), average=weighted, multi_class=ovr)' failed and error score 0.0 has been returned instead. If this is a custom metric, this usually means that the error is in the metric code. Full exception below:
Traceback (most recent call last):
  File "c:\Emergency_traige_final\triage_env2\Lib\site-packages\pycaret\internal\metrics.py", line 196, in _score
    return super()._score(
           ^^^^^^^^^^^^^^^
  File "c:\Emergency_traige_final\triage_env2\Lib\site-packages\sklearn\metrics\_scorer.py", line 350, in _score
    return self._sign * self._score_func(y_true, y_pred, **scoring_kwargs)
                        ^^^^^^^^^^^^^^^^^^^^^^^^^^^^^^^^^^^^^^^^^^^^^^^^^^
  File "c:\Emergency_traige_final\triage_env2\Lib\site-packages\pycaret\internal\metrics.py", line 144, in __call__
    return self.score_func(y_true, y_pred, **kwargs)
           ^^^^^^^^^^^^^^^^^^^^^^^^^^^^^^^^^^^^^^^^^
  File "c:\Emergency_traige_final\triage_env2\Lib\site-packages\sklearn\utils\_param_validation.py", line 213, in wrapper
    return func(*args, **kwargs)
           ^^^^^^^^^^^^^^^^^^^^^
  File "c:\Emergency_traige_final\triage_env2\Lib\site-packages\sklearn\metrics\_ranking.py", line 634, in roc_auc_score
    return _multiclass_roc_auc_score(
           ^^^^^^^^^^^^^^^^^^^^^^^^^^
  File "c:\Emergency_traige_final\triage_env2\Lib\site-packages\sklearn\metrics\_ranking.py", line 707, in _multiclass_roc_auc_score
    raise ValueError(
ValueError: Target scores need to be probabilities for multiclass roc_auc, i.e. they should sum up to 1.0 over classes

  warnings.warn(

2026-03-07 08:24:20,076:WARNING:c:\Emergency_traige_final\triage_env2\Lib\site-packages\sklearn\metrics\_classification.py:1509: UndefinedMetricWarning: Precision is ill-defined and being set to 0.0 in labels with no predicted samples. Use `zero_division` parameter to control this behavior.
  _warn_prf(average, modifier, f"{metric.capitalize()} is", len(result))

2026-03-07 08:24:20,076:WARNING:c:\Emergency_traige_final\triage_env2\Lib\site-packages\sklearn\metrics\_classification.py:1561: UserWarning: Note that pos_label (set to 5) is ignored when average != 'binary' (got 'weighted'). You may use labels=[pos_label] to specify a single positive class.
  warnings.warn(

2026-03-07 08:24:20,076:WARNING:c:\Emergency_traige_final\triage_env2\Lib\site-packages\sklearn\metrics\_classification.py:1561: UserWarning: Note that pos_label (set to 5) is ignored when average != 'binary' (got 'weighted'). You may use labels=[pos_label] to specify a single positive class.
  warnings.warn(

2026-03-07 08:24:20,081:WARNING:c:\Emergency_traige_final\triage_env2\Lib\site-packages\sklearn\metrics\_classification.py:1561: UserWarning: Note that pos_label (set to 5) is ignored when average != 'binary' (got 'weighted'). You may use labels=[pos_label] to specify a single positive class.
  warnings.warn(

2026-03-07 08:24:20,082:WARNING:c:\Emergency_traige_final\triage_env2\Lib\site-packages\sklearn\metrics\_classification.py:1509: UndefinedMetricWarning: Precision is ill-defined and being set to 0.0 in labels with no predicted samples. Use `zero_division` parameter to control this behavior.
  _warn_prf(average, modifier, f"{metric.capitalize()} is", len(result))

2026-03-07 08:24:20,082:WARNING:c:\Emergency_traige_final\triage_env2\Lib\site-packages\sklearn\metrics\_classification.py:1561: UserWarning: Note that pos_label (set to 5) is ignored when average != 'binary' (got 'weighted'). You may use labels=[pos_label] to specify a single positive class.
  warnings.warn(

2026-03-07 08:24:20,094:INFO:Calculating mean and std
2026-03-07 08:24:20,094:INFO:Creating metrics dataframe
2026-03-07 08:24:20,094:INFO:Uploading results into container
2026-03-07 08:24:20,094:INFO:Uploading model into container now
2026-03-07 08:24:20,094:INFO:_master_model_container: 8
2026-03-07 08:24:20,094:INFO:_display_container: 2
2026-03-07 08:24:20,094:INFO:QuadraticDiscriminantAnalysis(priors=None, reg_param=0.0,
                              store_covariance=False, tol=0.0001)
2026-03-07 08:24:20,094:INFO:create_model() successfully completed......................................
2026-03-07 08:24:20,183:INFO:SubProcess create_model() end ==================================
2026-03-07 08:24:20,183:INFO:Creating metrics dataframe
2026-03-07 08:24:20,191:INFO:Initializing Ada Boost Classifier
2026-03-07 08:24:20,199:INFO:Total runtime is 0.2778631289800008 minutes
2026-03-07 08:24:20,202:INFO:SubProcess create_model() called ==================================
2026-03-07 08:24:20,202:INFO:Initializing create_model()
2026-03-07 08:24:20,202:INFO:create_model(self=<pycaret.classification.oop.ClassificationExperiment object at 0x000001D7306D3CD0>, estimator=ada, fold=StratifiedKFold(n_splits=5, random_state=None, shuffle=False), round=4, cross_validation=True, predict=True, fit_kwargs={}, groups=None, refit=False, probability_threshold=None, experiment_custom_tags=None, verbose=False, system=False, add_to_model_list=True, metrics=None, display=<pycaret.internal.display.display.CommonDisplay object at 0x000001D76BFD0ED0>, model_only=True, return_train_score=False, error_score=0.0, kwargs={})
2026-03-07 08:24:20,202:INFO:Checking exceptions
2026-03-07 08:24:20,202:INFO:Importing libraries
2026-03-07 08:24:20,202:INFO:Copying training dataset
2026-03-07 08:24:20,215:INFO:Defining folds
2026-03-07 08:24:20,215:INFO:Declaring metric variables
2026-03-07 08:24:20,224:INFO:Importing untrained model
2026-03-07 08:24:20,224:INFO:Ada Boost Classifier Imported successfully
2026-03-07 08:24:20,277:INFO:Starting cross validation
2026-03-07 08:24:20,281:INFO:Cross validating with StratifiedKFold(n_splits=5, random_state=None, shuffle=False), n_jobs=-1
2026-03-07 08:24:20,422:WARNING:c:\Emergency_traige_final\triage_env2\Lib\site-packages\sklearn\ensemble\_weight_boosting.py:519: FutureWarning: The SAMME.R algorithm (the default) is deprecated and will be removed in 1.6. Use the SAMME algorithm to circumvent this warning.
  warnings.warn(

2026-03-07 08:24:20,432:WARNING:c:\Emergency_traige_final\triage_env2\Lib\site-packages\sklearn\ensemble\_weight_boosting.py:519: FutureWarning: The SAMME.R algorithm (the default) is deprecated and will be removed in 1.6. Use the SAMME algorithm to circumvent this warning.
  warnings.warn(

2026-03-07 08:24:20,438:WARNING:c:\Emergency_traige_final\triage_env2\Lib\site-packages\sklearn\ensemble\_weight_boosting.py:519: FutureWarning: The SAMME.R algorithm (the default) is deprecated and will be removed in 1.6. Use the SAMME algorithm to circumvent this warning.
  warnings.warn(

2026-03-07 08:24:20,438:WARNING:c:\Emergency_traige_final\triage_env2\Lib\site-packages\sklearn\ensemble\_weight_boosting.py:519: FutureWarning: The SAMME.R algorithm (the default) is deprecated and will be removed in 1.6. Use the SAMME algorithm to circumvent this warning.
  warnings.warn(

2026-03-07 08:24:20,440:WARNING:c:\Emergency_traige_final\triage_env2\Lib\site-packages\sklearn\ensemble\_weight_boosting.py:519: FutureWarning: The SAMME.R algorithm (the default) is deprecated and will be removed in 1.6. Use the SAMME algorithm to circumvent this warning.
  warnings.warn(

2026-03-07 08:24:20,619:WARNING:c:\Emergency_traige_final\triage_env2\Lib\site-packages\pycaret\internal\metrics.py:204: FitFailedWarning: Metric 'make_scorer(roc_auc_score, response_method=('decision_function', 'predict_proba'), average=weighted, multi_class=ovr)' failed and error score 0.0 has been returned instead. If this is a custom metric, this usually means that the error is in the metric code. Full exception below:
Traceback (most recent call last):
  File "c:\Emergency_traige_final\triage_env2\Lib\site-packages\pycaret\internal\metrics.py", line 196, in _score
    return super()._score(
           ^^^^^^^^^^^^^^^
  File "c:\Emergency_traige_final\triage_env2\Lib\site-packages\sklearn\metrics\_scorer.py", line 350, in _score
    return self._sign * self._score_func(y_true, y_pred, **scoring_kwargs)
                        ^^^^^^^^^^^^^^^^^^^^^^^^^^^^^^^^^^^^^^^^^^^^^^^^^^
  File "c:\Emergency_traige_final\triage_env2\Lib\site-packages\pycaret\internal\metrics.py", line 144, in __call__
    return self.score_func(y_true, y_pred, **kwargs)
           ^^^^^^^^^^^^^^^^^^^^^^^^^^^^^^^^^^^^^^^^^
  File "c:\Emergency_traige_final\triage_env2\Lib\site-packages\sklearn\utils\_param_validation.py", line 213, in wrapper
    return func(*args, **kwargs)
           ^^^^^^^^^^^^^^^^^^^^^
  File "c:\Emergency_traige_final\triage_env2\Lib\site-packages\sklearn\metrics\_ranking.py", line 634, in roc_auc_score
    return _multiclass_roc_auc_score(
           ^^^^^^^^^^^^^^^^^^^^^^^^^^
  File "c:\Emergency_traige_final\triage_env2\Lib\site-packages\sklearn\metrics\_ranking.py", line 707, in _multiclass_roc_auc_score
    raise ValueError(
ValueError: Target scores need to be probabilities for multiclass roc_auc, i.e. they should sum up to 1.0 over classes

  warnings.warn(

2026-03-07 08:24:20,621:WARNING:c:\Emergency_traige_final\triage_env2\Lib\site-packages\sklearn\metrics\_classification.py:1561: UserWarning: Note that pos_label (set to 5) is ignored when average != 'binary' (got 'weighted'). You may use labels=[pos_label] to specify a single positive class.
  warnings.warn(

2026-03-07 08:24:20,624:WARNING:c:\Emergency_traige_final\triage_env2\Lib\site-packages\sklearn\metrics\_classification.py:1561: UserWarning: Note that pos_label (set to 5) is ignored when average != 'binary' (got 'weighted'). You may use labels=[pos_label] to specify a single positive class.
  warnings.warn(

2026-03-07 08:24:20,626:WARNING:c:\Emergency_traige_final\triage_env2\Lib\site-packages\sklearn\metrics\_classification.py:1509: UndefinedMetricWarning: Precision is ill-defined and being set to 0.0 in labels with no predicted samples. Use `zero_division` parameter to control this behavior.
  _warn_prf(average, modifier, f"{metric.capitalize()} is", len(result))

2026-03-07 08:24:20,627:WARNING:c:\Emergency_traige_final\triage_env2\Lib\site-packages\sklearn\metrics\_classification.py:1561: UserWarning: Note that pos_label (set to 5) is ignored when average != 'binary' (got 'weighted'). You may use labels=[pos_label] to specify a single positive class.
  warnings.warn(

2026-03-07 08:24:20,629:WARNING:c:\Emergency_traige_final\triage_env2\Lib\site-packages\pycaret\internal\metrics.py:204: FitFailedWarning: Metric 'make_scorer(roc_auc_score, response_method=('decision_function', 'predict_proba'), average=weighted, multi_class=ovr)' failed and error score 0.0 has been returned instead. If this is a custom metric, this usually means that the error is in the metric code. Full exception below:
Traceback (most recent call last):
  File "c:\Emergency_traige_final\triage_env2\Lib\site-packages\pycaret\internal\metrics.py", line 196, in _score
    return super()._score(
           ^^^^^^^^^^^^^^^
  File "c:\Emergency_traige_final\triage_env2\Lib\site-packages\sklearn\metrics\_scorer.py", line 350, in _score
    return self._sign * self._score_func(y_true, y_pred, **scoring_kwargs)
                        ^^^^^^^^^^^^^^^^^^^^^^^^^^^^^^^^^^^^^^^^^^^^^^^^^^
  File "c:\Emergency_traige_final\triage_env2\Lib\site-packages\pycaret\internal\metrics.py", line 144, in __call__
    return self.score_func(y_true, y_pred, **kwargs)
           ^^^^^^^^^^^^^^^^^^^^^^^^^^^^^^^^^^^^^^^^^
  File "c:\Emergency_traige_final\triage_env2\Lib\site-packages\sklearn\utils\_param_validation.py", line 213, in wrapper
    return func(*args, **kwargs)
           ^^^^^^^^^^^^^^^^^^^^^
  File "c:\Emergency_traige_final\triage_env2\Lib\site-packages\sklearn\metrics\_ranking.py", line 634, in roc_auc_score
    return _multiclass_roc_auc_score(
           ^^^^^^^^^^^^^^^^^^^^^^^^^^
  File "c:\Emergency_traige_final\triage_env2\Lib\site-packages\sklearn\metrics\_ranking.py", line 707, in _multiclass_roc_auc_score
    raise ValueError(
ValueError: Target scores need to be probabilities for multiclass roc_auc, i.e. they should sum up to 1.0 over classes

  warnings.warn(

2026-03-07 08:24:20,631:WARNING:c:\Emergency_traige_final\triage_env2\Lib\site-packages\sklearn\metrics\_classification.py:1561: UserWarning: Note that pos_label (set to 5) is ignored when average != 'binary' (got 'weighted'). You may use labels=[pos_label] to specify a single positive class.
  warnings.warn(

2026-03-07 08:24:20,633:WARNING:c:\Emergency_traige_final\triage_env2\Lib\site-packages\sklearn\metrics\_classification.py:1561: UserWarning: Note that pos_label (set to 5) is ignored when average != 'binary' (got 'weighted'). You may use labels=[pos_label] to specify a single positive class.
  warnings.warn(

2026-03-07 08:24:20,635:WARNING:c:\Emergency_traige_final\triage_env2\Lib\site-packages\sklearn\metrics\_classification.py:1509: UndefinedMetricWarning: Precision is ill-defined and being set to 0.0 in labels with no predicted samples. Use `zero_division` parameter to control this behavior.
  _warn_prf(average, modifier, f"{metric.capitalize()} is", len(result))

2026-03-07 08:24:20,637:WARNING:c:\Emergency_traige_final\triage_env2\Lib\site-packages\sklearn\metrics\_classification.py:1561: UserWarning: Note that pos_label (set to 5) is ignored when average != 'binary' (got 'weighted'). You may use labels=[pos_label] to specify a single positive class.
  warnings.warn(

2026-03-07 08:24:20,638:WARNING:c:\Emergency_traige_final\triage_env2\Lib\site-packages\pycaret\internal\metrics.py:204: FitFailedWarning: Metric 'make_scorer(roc_auc_score, response_method=('decision_function', 'predict_proba'), average=weighted, multi_class=ovr)' failed and error score 0.0 has been returned instead. If this is a custom metric, this usually means that the error is in the metric code. Full exception below:
Traceback (most recent call last):
  File "c:\Emergency_traige_final\triage_env2\Lib\site-packages\pycaret\internal\metrics.py", line 196, in _score
    return super()._score(
           ^^^^^^^^^^^^^^^
  File "c:\Emergency_traige_final\triage_env2\Lib\site-packages\sklearn\metrics\_scorer.py", line 350, in _score
    return self._sign * self._score_func(y_true, y_pred, **scoring_kwargs)
                        ^^^^^^^^^^^^^^^^^^^^^^^^^^^^^^^^^^^^^^^^^^^^^^^^^^
  File "c:\Emergency_traige_final\triage_env2\Lib\site-packages\pycaret\internal\metrics.py", line 144, in __call__
    return self.score_func(y_true, y_pred, **kwargs)
           ^^^^^^^^^^^^^^^^^^^^^^^^^^^^^^^^^^^^^^^^^
  File "c:\Emergency_traige_final\triage_env2\Lib\site-packages\sklearn\utils\_param_validation.py", line 213, in wrapper
    return func(*args, **kwargs)
           ^^^^^^^^^^^^^^^^^^^^^
  File "c:\Emergency_traige_final\triage_env2\Lib\site-packages\sklearn\metrics\_ranking.py", line 634, in roc_auc_score
    return _multiclass_roc_auc_score(
           ^^^^^^^^^^^^^^^^^^^^^^^^^^
  File "c:\Emergency_traige_final\triage_env2\Lib\site-packages\sklearn\metrics\_ranking.py", line 707, in _multiclass_roc_auc_score
    raise ValueError(
ValueError: Target scores need to be probabilities for multiclass roc_auc, i.e. they should sum up to 1.0 over classes

  warnings.warn(

2026-03-07 08:24:20,638:WARNING:c:\Emergency_traige_final\triage_env2\Lib\site-packages\sklearn\metrics\_classification.py:1561: UserWarning: Note that pos_label (set to 5) is ignored when average != 'binary' (got 'weighted'). You may use labels=[pos_label] to specify a single positive class.
  warnings.warn(

2026-03-07 08:24:20,638:WARNING:c:\Emergency_traige_final\triage_env2\Lib\site-packages\sklearn\metrics\_classification.py:1561: UserWarning: Note that pos_label (set to 5) is ignored when average != 'binary' (got 'weighted'). You may use labels=[pos_label] to specify a single positive class.
  warnings.warn(

2026-03-07 08:24:20,638:WARNING:c:\Emergency_traige_final\triage_env2\Lib\site-packages\pycaret\internal\metrics.py:204: FitFailedWarning: Metric 'make_scorer(roc_auc_score, response_method=('decision_function', 'predict_proba'), average=weighted, multi_class=ovr)' failed and error score 0.0 has been returned instead. If this is a custom metric, this usually means that the error is in the metric code. Full exception below:
Traceback (most recent call last):
  File "c:\Emergency_traige_final\triage_env2\Lib\site-packages\pycaret\internal\metrics.py", line 196, in _score
    return super()._score(
           ^^^^^^^^^^^^^^^
  File "c:\Emergency_traige_final\triage_env2\Lib\site-packages\sklearn\metrics\_scorer.py", line 350, in _score
    return self._sign * self._score_func(y_true, y_pred, **scoring_kwargs)
                        ^^^^^^^^^^^^^^^^^^^^^^^^^^^^^^^^^^^^^^^^^^^^^^^^^^
  File "c:\Emergency_traige_final\triage_env2\Lib\site-packages\pycaret\internal\metrics.py", line 144, in __call__
    return self.score_func(y_true, y_pred, **kwargs)
           ^^^^^^^^^^^^^^^^^^^^^^^^^^^^^^^^^^^^^^^^^
  File "c:\Emergency_traige_final\triage_env2\Lib\site-packages\sklearn\utils\_param_validation.py", line 213, in wrapper
    return func(*args, **kwargs)
           ^^^^^^^^^^^^^^^^^^^^^
  File "c:\Emergency_traige_final\triage_env2\Lib\site-packages\sklearn\metrics\_ranking.py", line 634, in roc_auc_score
    return _multiclass_roc_auc_score(
           ^^^^^^^^^^^^^^^^^^^^^^^^^^
  File "c:\Emergency_traige_final\triage_env2\Lib\site-packages\sklearn\metrics\_ranking.py", line 707, in _multiclass_roc_auc_score
    raise ValueError(
ValueError: Target scores need to be probabilities for multiclass roc_auc, i.e. they should sum up to 1.0 over classes

  warnings.warn(

2026-03-07 08:24:20,638:WARNING:c:\Emergency_traige_final\triage_env2\Lib\site-packages\sklearn\metrics\_classification.py:1509: UndefinedMetricWarning: Precision is ill-defined and being set to 0.0 in labels with no predicted samples. Use `zero_division` parameter to control this behavior.
  _warn_prf(average, modifier, f"{metric.capitalize()} is", len(result))

2026-03-07 08:24:20,643:WARNING:c:\Emergency_traige_final\triage_env2\Lib\site-packages\sklearn\metrics\_classification.py:1561: UserWarning: Note that pos_label (set to 5) is ignored when average != 'binary' (got 'weighted'). You may use labels=[pos_label] to specify a single positive class.
  warnings.warn(

2026-03-07 08:24:20,643:WARNING:c:\Emergency_traige_final\triage_env2\Lib\site-packages\sklearn\metrics\_classification.py:1561: UserWarning: Note that pos_label (set to 5) is ignored when average != 'binary' (got 'weighted'). You may use labels=[pos_label] to specify a single positive class.
  warnings.warn(

2026-03-07 08:24:20,644:WARNING:c:\Emergency_traige_final\triage_env2\Lib\site-packages\pycaret\internal\metrics.py:204: FitFailedWarning: Metric 'make_scorer(roc_auc_score, response_method=('decision_function', 'predict_proba'), average=weighted, multi_class=ovr)' failed and error score 0.0 has been returned instead. If this is a custom metric, this usually means that the error is in the metric code. Full exception below:
Traceback (most recent call last):
  File "c:\Emergency_traige_final\triage_env2\Lib\site-packages\pycaret\internal\metrics.py", line 196, in _score
    return super()._score(
           ^^^^^^^^^^^^^^^
  File "c:\Emergency_traige_final\triage_env2\Lib\site-packages\sklearn\metrics\_scorer.py", line 350, in _score
    return self._sign * self._score_func(y_true, y_pred, **scoring_kwargs)
                        ^^^^^^^^^^^^^^^^^^^^^^^^^^^^^^^^^^^^^^^^^^^^^^^^^^
  File "c:\Emergency_traige_final\triage_env2\Lib\site-packages\pycaret\internal\metrics.py", line 144, in __call__
    return self.score_func(y_true, y_pred, **kwargs)
           ^^^^^^^^^^^^^^^^^^^^^^^^^^^^^^^^^^^^^^^^^
  File "c:\Emergency_traige_final\triage_env2\Lib\site-packages\sklearn\utils\_param_validation.py", line 213, in wrapper
    return func(*args, **kwargs)
           ^^^^^^^^^^^^^^^^^^^^^
  File "c:\Emergency_traige_final\triage_env2\Lib\site-packages\sklearn\metrics\_ranking.py", line 634, in roc_auc_score
    return _multiclass_roc_auc_score(
           ^^^^^^^^^^^^^^^^^^^^^^^^^^
  File "c:\Emergency_traige_final\triage_env2\Lib\site-packages\sklearn\metrics\_ranking.py", line 707, in _multiclass_roc_auc_score
    raise ValueError(
ValueError: Target scores need to be probabilities for multiclass roc_auc, i.e. they should sum up to 1.0 over classes

  warnings.warn(

2026-03-07 08:24:20,644:WARNING:c:\Emergency_traige_final\triage_env2\Lib\site-packages\sklearn\metrics\_classification.py:1561: UserWarning: Note that pos_label (set to 5) is ignored when average != 'binary' (got 'weighted'). You may use labels=[pos_label] to specify a single positive class.
  warnings.warn(

2026-03-07 08:24:20,644:WARNING:c:\Emergency_traige_final\triage_env2\Lib\site-packages\sklearn\metrics\_classification.py:1561: UserWarning: Note that pos_label (set to 5) is ignored when average != 'binary' (got 'weighted'). You may use labels=[pos_label] to specify a single positive class.
  warnings.warn(

2026-03-07 08:24:20,644:WARNING:c:\Emergency_traige_final\triage_env2\Lib\site-packages\sklearn\metrics\_classification.py:1509: UndefinedMetricWarning: Precision is ill-defined and being set to 0.0 in labels with no predicted samples. Use `zero_division` parameter to control this behavior.
  _warn_prf(average, modifier, f"{metric.capitalize()} is", len(result))

2026-03-07 08:24:20,647:WARNING:c:\Emergency_traige_final\triage_env2\Lib\site-packages\sklearn\metrics\_classification.py:1561: UserWarning: Note that pos_label (set to 5) is ignored when average != 'binary' (got 'weighted'). You may use labels=[pos_label] to specify a single positive class.
  warnings.warn(

2026-03-07 08:24:20,647:WARNING:c:\Emergency_traige_final\triage_env2\Lib\site-packages\sklearn\metrics\_classification.py:1561: UserWarning: Note that pos_label (set to 5) is ignored when average != 'binary' (got 'weighted'). You may use labels=[pos_label] to specify a single positive class.
  warnings.warn(

2026-03-07 08:24:20,647:WARNING:c:\Emergency_traige_final\triage_env2\Lib\site-packages\sklearn\metrics\_classification.py:1509: UndefinedMetricWarning: Precision is ill-defined and being set to 0.0 in labels with no predicted samples. Use `zero_division` parameter to control this behavior.
  _warn_prf(average, modifier, f"{metric.capitalize()} is", len(result))

2026-03-07 08:24:20,647:WARNING:c:\Emergency_traige_final\triage_env2\Lib\site-packages\sklearn\metrics\_classification.py:1561: UserWarning: Note that pos_label (set to 5) is ignored when average != 'binary' (got 'weighted'). You may use labels=[pos_label] to specify a single positive class.
  warnings.warn(

2026-03-07 08:24:20,657:INFO:Calculating mean and std
2026-03-07 08:24:20,658:INFO:Creating metrics dataframe
2026-03-07 08:24:20,660:INFO:Uploading results into container
2026-03-07 08:24:20,660:INFO:Uploading model into container now
2026-03-07 08:24:20,660:INFO:_master_model_container: 9
2026-03-07 08:24:20,660:INFO:_display_container: 2
2026-03-07 08:24:20,660:INFO:AdaBoostClassifier(algorithm='SAMME.R', estimator=None, learning_rate=1.0,
                   n_estimators=50, random_state=123)
2026-03-07 08:24:20,660:INFO:create_model() successfully completed......................................
2026-03-07 08:24:20,742:INFO:SubProcess create_model() end ==================================
2026-03-07 08:24:20,742:INFO:Creating metrics dataframe
2026-03-07 08:24:20,759:INFO:Initializing Gradient Boosting Classifier
2026-03-07 08:24:20,759:INFO:Total runtime is 0.2873312632242839 minutes
2026-03-07 08:24:20,763:INFO:SubProcess create_model() called ==================================
2026-03-07 08:24:20,763:INFO:Initializing create_model()
2026-03-07 08:24:20,763:INFO:create_model(self=<pycaret.classification.oop.ClassificationExperiment object at 0x000001D7306D3CD0>, estimator=gbc, fold=StratifiedKFold(n_splits=5, random_state=None, shuffle=False), round=4, cross_validation=True, predict=True, fit_kwargs={}, groups=None, refit=False, probability_threshold=None, experiment_custom_tags=None, verbose=False, system=False, add_to_model_list=True, metrics=None, display=<pycaret.internal.display.display.CommonDisplay object at 0x000001D76BFD0ED0>, model_only=True, return_train_score=False, error_score=0.0, kwargs={})
2026-03-07 08:24:20,763:INFO:Checking exceptions
2026-03-07 08:24:20,768:INFO:Importing libraries
2026-03-07 08:24:20,768:INFO:Copying training dataset
2026-03-07 08:24:20,768:INFO:Defining folds
2026-03-07 08:24:20,776:INFO:Declaring metric variables
2026-03-07 08:24:20,776:INFO:Importing untrained model
2026-03-07 08:24:20,785:INFO:Gradient Boosting Classifier Imported successfully
2026-03-07 08:24:20,793:INFO:Starting cross validation
2026-03-07 08:24:20,801:INFO:Cross validating with StratifiedKFold(n_splits=5, random_state=None, shuffle=False), n_jobs=-1
2026-03-07 08:24:22,425:WARNING:c:\Emergency_traige_final\triage_env2\Lib\site-packages\pycaret\internal\metrics.py:204: FitFailedWarning: Metric 'make_scorer(roc_auc_score, response_method=('decision_function', 'predict_proba'), average=weighted, multi_class=ovr)' failed and error score 0.0 has been returned instead. If this is a custom metric, this usually means that the error is in the metric code. Full exception below:
Traceback (most recent call last):
  File "c:\Emergency_traige_final\triage_env2\Lib\site-packages\pycaret\internal\metrics.py", line 196, in _score
    return super()._score(
           ^^^^^^^^^^^^^^^
  File "c:\Emergency_traige_final\triage_env2\Lib\site-packages\sklearn\metrics\_scorer.py", line 350, in _score
    return self._sign * self._score_func(y_true, y_pred, **scoring_kwargs)
                        ^^^^^^^^^^^^^^^^^^^^^^^^^^^^^^^^^^^^^^^^^^^^^^^^^^
  File "c:\Emergency_traige_final\triage_env2\Lib\site-packages\pycaret\internal\metrics.py", line 144, in __call__
    return self.score_func(y_true, y_pred, **kwargs)
           ^^^^^^^^^^^^^^^^^^^^^^^^^^^^^^^^^^^^^^^^^
  File "c:\Emergency_traige_final\triage_env2\Lib\site-packages\sklearn\utils\_param_validation.py", line 213, in wrapper
    return func(*args, **kwargs)
           ^^^^^^^^^^^^^^^^^^^^^
  File "c:\Emergency_traige_final\triage_env2\Lib\site-packages\sklearn\metrics\_ranking.py", line 634, in roc_auc_score
    return _multiclass_roc_auc_score(
           ^^^^^^^^^^^^^^^^^^^^^^^^^^
  File "c:\Emergency_traige_final\triage_env2\Lib\site-packages\sklearn\metrics\_ranking.py", line 707, in _multiclass_roc_auc_score
    raise ValueError(
ValueError: Target scores need to be probabilities for multiclass roc_auc, i.e. they should sum up to 1.0 over classes

  warnings.warn(

2026-03-07 08:24:22,427:WARNING:c:\Emergency_traige_final\triage_env2\Lib\site-packages\sklearn\metrics\_classification.py:1561: UserWarning: Note that pos_label (set to 5) is ignored when average != 'binary' (got 'weighted'). You may use labels=[pos_label] to specify a single positive class.
  warnings.warn(

2026-03-07 08:24:22,427:WARNING:c:\Emergency_traige_final\triage_env2\Lib\site-packages\pycaret\internal\metrics.py:204: FitFailedWarning: Metric 'make_scorer(roc_auc_score, response_method=('decision_function', 'predict_proba'), average=weighted, multi_class=ovr)' failed and error score 0.0 has been returned instead. If this is a custom metric, this usually means that the error is in the metric code. Full exception below:
Traceback (most recent call last):
  File "c:\Emergency_traige_final\triage_env2\Lib\site-packages\pycaret\internal\metrics.py", line 196, in _score
    return super()._score(
           ^^^^^^^^^^^^^^^
  File "c:\Emergency_traige_final\triage_env2\Lib\site-packages\sklearn\metrics\_scorer.py", line 350, in _score
    return self._sign * self._score_func(y_true, y_pred, **scoring_kwargs)
                        ^^^^^^^^^^^^^^^^^^^^^^^^^^^^^^^^^^^^^^^^^^^^^^^^^^
  File "c:\Emergency_traige_final\triage_env2\Lib\site-packages\pycaret\internal\metrics.py", line 144, in __call__
    return self.score_func(y_true, y_pred, **kwargs)
           ^^^^^^^^^^^^^^^^^^^^^^^^^^^^^^^^^^^^^^^^^
  File "c:\Emergency_traige_final\triage_env2\Lib\site-packages\sklearn\utils\_param_validation.py", line 213, in wrapper
    return func(*args, **kwargs)
           ^^^^^^^^^^^^^^^^^^^^^
  File "c:\Emergency_traige_final\triage_env2\Lib\site-packages\sklearn\metrics\_ranking.py", line 634, in roc_auc_score
    return _multiclass_roc_auc_score(
           ^^^^^^^^^^^^^^^^^^^^^^^^^^
  File "c:\Emergency_traige_final\triage_env2\Lib\site-packages\sklearn\metrics\_ranking.py", line 707, in _multiclass_roc_auc_score
    raise ValueError(
ValueError: Target scores need to be probabilities for multiclass roc_auc, i.e. they should sum up to 1.0 over classes

  warnings.warn(

2026-03-07 08:24:22,429:WARNING:c:\Emergency_traige_final\triage_env2\Lib\site-packages\sklearn\metrics\_classification.py:1561: UserWarning: Note that pos_label (set to 5) is ignored when average != 'binary' (got 'weighted'). You may use labels=[pos_label] to specify a single positive class.
  warnings.warn(

2026-03-07 08:24:22,429:WARNING:c:\Emergency_traige_final\triage_env2\Lib\site-packages\sklearn\metrics\_classification.py:1561: UserWarning: Note that pos_label (set to 5) is ignored when average != 'binary' (got 'weighted'). You may use labels=[pos_label] to specify a single positive class.
  warnings.warn(

2026-03-07 08:24:22,432:WARNING:c:\Emergency_traige_final\triage_env2\Lib\site-packages\sklearn\metrics\_classification.py:1561: UserWarning: Note that pos_label (set to 5) is ignored when average != 'binary' (got 'weighted'). You may use labels=[pos_label] to specify a single positive class.
  warnings.warn(

2026-03-07 08:24:22,432:WARNING:c:\Emergency_traige_final\triage_env2\Lib\site-packages\sklearn\metrics\_classification.py:1561: UserWarning: Note that pos_label (set to 5) is ignored when average != 'binary' (got 'weighted'). You may use labels=[pos_label] to specify a single positive class.
  warnings.warn(

2026-03-07 08:24:22,432:WARNING:c:\Emergency_traige_final\triage_env2\Lib\site-packages\pycaret\internal\metrics.py:204: FitFailedWarning: Metric 'make_scorer(roc_auc_score, response_method=('decision_function', 'predict_proba'), average=weighted, multi_class=ovr)' failed and error score 0.0 has been returned instead. If this is a custom metric, this usually means that the error is in the metric code. Full exception below:
Traceback (most recent call last):
  File "c:\Emergency_traige_final\triage_env2\Lib\site-packages\pycaret\internal\metrics.py", line 196, in _score
    return super()._score(
           ^^^^^^^^^^^^^^^
  File "c:\Emergency_traige_final\triage_env2\Lib\site-packages\sklearn\metrics\_scorer.py", line 350, in _score
    return self._sign * self._score_func(y_true, y_pred, **scoring_kwargs)
                        ^^^^^^^^^^^^^^^^^^^^^^^^^^^^^^^^^^^^^^^^^^^^^^^^^^
  File "c:\Emergency_traige_final\triage_env2\Lib\site-packages\pycaret\internal\metrics.py", line 144, in __call__
    return self.score_func(y_true, y_pred, **kwargs)
           ^^^^^^^^^^^^^^^^^^^^^^^^^^^^^^^^^^^^^^^^^
  File "c:\Emergency_traige_final\triage_env2\Lib\site-packages\sklearn\utils\_param_validation.py", line 213, in wrapper
    return func(*args, **kwargs)
           ^^^^^^^^^^^^^^^^^^^^^
  File "c:\Emergency_traige_final\triage_env2\Lib\site-packages\sklearn\metrics\_ranking.py", line 634, in roc_auc_score
    return _multiclass_roc_auc_score(
           ^^^^^^^^^^^^^^^^^^^^^^^^^^
  File "c:\Emergency_traige_final\triage_env2\Lib\site-packages\sklearn\metrics\_ranking.py", line 707, in _multiclass_roc_auc_score
    raise ValueError(
ValueError: Target scores need to be probabilities for multiclass roc_auc, i.e. they should sum up to 1.0 over classes

  warnings.warn(

2026-03-07 08:24:22,432:WARNING:c:\Emergency_traige_final\triage_env2\Lib\site-packages\sklearn\metrics\_classification.py:1561: UserWarning: Note that pos_label (set to 5) is ignored when average != 'binary' (got 'weighted'). You may use labels=[pos_label] to specify a single positive class.
  warnings.warn(

2026-03-07 08:24:22,436:WARNING:c:\Emergency_traige_final\triage_env2\Lib\site-packages\sklearn\metrics\_classification.py:1561: UserWarning: Note that pos_label (set to 5) is ignored when average != 'binary' (got 'weighted'). You may use labels=[pos_label] to specify a single positive class.
  warnings.warn(

2026-03-07 08:24:22,436:WARNING:c:\Emergency_traige_final\triage_env2\Lib\site-packages\sklearn\metrics\_classification.py:1561: UserWarning: Note that pos_label (set to 5) is ignored when average != 'binary' (got 'weighted'). You may use labels=[pos_label] to specify a single positive class.
  warnings.warn(

2026-03-07 08:24:22,440:WARNING:c:\Emergency_traige_final\triage_env2\Lib\site-packages\sklearn\metrics\_classification.py:1561: UserWarning: Note that pos_label (set to 5) is ignored when average != 'binary' (got 'weighted'). You may use labels=[pos_label] to specify a single positive class.
  warnings.warn(

2026-03-07 08:24:22,450:WARNING:c:\Emergency_traige_final\triage_env2\Lib\site-packages\pycaret\internal\metrics.py:204: FitFailedWarning: Metric 'make_scorer(roc_auc_score, response_method=('decision_function', 'predict_proba'), average=weighted, multi_class=ovr)' failed and error score 0.0 has been returned instead. If this is a custom metric, this usually means that the error is in the metric code. Full exception below:
Traceback (most recent call last):
  File "c:\Emergency_traige_final\triage_env2\Lib\site-packages\pycaret\internal\metrics.py", line 196, in _score
    return super()._score(
           ^^^^^^^^^^^^^^^
  File "c:\Emergency_traige_final\triage_env2\Lib\site-packages\sklearn\metrics\_scorer.py", line 350, in _score
    return self._sign * self._score_func(y_true, y_pred, **scoring_kwargs)
                        ^^^^^^^^^^^^^^^^^^^^^^^^^^^^^^^^^^^^^^^^^^^^^^^^^^
  File "c:\Emergency_traige_final\triage_env2\Lib\site-packages\pycaret\internal\metrics.py", line 144, in __call__
    return self.score_func(y_true, y_pred, **kwargs)
           ^^^^^^^^^^^^^^^^^^^^^^^^^^^^^^^^^^^^^^^^^
  File "c:\Emergency_traige_final\triage_env2\Lib\site-packages\sklearn\utils\_param_validation.py", line 213, in wrapper
    return func(*args, **kwargs)
           ^^^^^^^^^^^^^^^^^^^^^
  File "c:\Emergency_traige_final\triage_env2\Lib\site-packages\sklearn\metrics\_ranking.py", line 634, in roc_auc_score
    return _multiclass_roc_auc_score(
           ^^^^^^^^^^^^^^^^^^^^^^^^^^
  File "c:\Emergency_traige_final\triage_env2\Lib\site-packages\sklearn\metrics\_ranking.py", line 707, in _multiclass_roc_auc_score
    raise ValueError(
ValueError: Target scores need to be probabilities for multiclass roc_auc, i.e. they should sum up to 1.0 over classes

  warnings.warn(

2026-03-07 08:24:22,450:WARNING:c:\Emergency_traige_final\triage_env2\Lib\site-packages\sklearn\metrics\_classification.py:1561: UserWarning: Note that pos_label (set to 5) is ignored when average != 'binary' (got 'weighted'). You may use labels=[pos_label] to specify a single positive class.
  warnings.warn(

2026-03-07 08:24:22,453:WARNING:c:\Emergency_traige_final\triage_env2\Lib\site-packages\sklearn\metrics\_classification.py:1561: UserWarning: Note that pos_label (set to 5) is ignored when average != 'binary' (got 'weighted'). You may use labels=[pos_label] to specify a single positive class.
  warnings.warn(

2026-03-07 08:24:22,453:WARNING:c:\Emergency_traige_final\triage_env2\Lib\site-packages\sklearn\metrics\_classification.py:1561: UserWarning: Note that pos_label (set to 5) is ignored when average != 'binary' (got 'weighted'). You may use labels=[pos_label] to specify a single positive class.
  warnings.warn(

2026-03-07 08:24:22,473:WARNING:c:\Emergency_traige_final\triage_env2\Lib\site-packages\pycaret\internal\metrics.py:204: FitFailedWarning: Metric 'make_scorer(roc_auc_score, response_method=('decision_function', 'predict_proba'), average=weighted, multi_class=ovr)' failed and error score 0.0 has been returned instead. If this is a custom metric, this usually means that the error is in the metric code. Full exception below:
Traceback (most recent call last):
  File "c:\Emergency_traige_final\triage_env2\Lib\site-packages\pycaret\internal\metrics.py", line 196, in _score
    return super()._score(
           ^^^^^^^^^^^^^^^
  File "c:\Emergency_traige_final\triage_env2\Lib\site-packages\sklearn\metrics\_scorer.py", line 350, in _score
    return self._sign * self._score_func(y_true, y_pred, **scoring_kwargs)
                        ^^^^^^^^^^^^^^^^^^^^^^^^^^^^^^^^^^^^^^^^^^^^^^^^^^
  File "c:\Emergency_traige_final\triage_env2\Lib\site-packages\pycaret\internal\metrics.py", line 144, in __call__
    return self.score_func(y_true, y_pred, **kwargs)
           ^^^^^^^^^^^^^^^^^^^^^^^^^^^^^^^^^^^^^^^^^
  File "c:\Emergency_traige_final\triage_env2\Lib\site-packages\sklearn\utils\_param_validation.py", line 213, in wrapper
    return func(*args, **kwargs)
           ^^^^^^^^^^^^^^^^^^^^^
  File "c:\Emergency_traige_final\triage_env2\Lib\site-packages\sklearn\metrics\_ranking.py", line 634, in roc_auc_score
    return _multiclass_roc_auc_score(
           ^^^^^^^^^^^^^^^^^^^^^^^^^^
  File "c:\Emergency_traige_final\triage_env2\Lib\site-packages\sklearn\metrics\_ranking.py", line 707, in _multiclass_roc_auc_score
    raise ValueError(
ValueError: Target scores need to be probabilities for multiclass roc_auc, i.e. they should sum up to 1.0 over classes

  warnings.warn(

2026-03-07 08:24:22,473:WARNING:c:\Emergency_traige_final\triage_env2\Lib\site-packages\sklearn\metrics\_classification.py:1561: UserWarning: Note that pos_label (set to 5) is ignored when average != 'binary' (got 'weighted'). You may use labels=[pos_label] to specify a single positive class.
  warnings.warn(

2026-03-07 08:24:22,478:WARNING:c:\Emergency_traige_final\triage_env2\Lib\site-packages\sklearn\metrics\_classification.py:1561: UserWarning: Note that pos_label (set to 5) is ignored when average != 'binary' (got 'weighted'). You may use labels=[pos_label] to specify a single positive class.
  warnings.warn(

2026-03-07 08:24:22,478:WARNING:c:\Emergency_traige_final\triage_env2\Lib\site-packages\sklearn\metrics\_classification.py:1561: UserWarning: Note that pos_label (set to 5) is ignored when average != 'binary' (got 'weighted'). You may use labels=[pos_label] to specify a single positive class.
  warnings.warn(

2026-03-07 08:24:22,494:INFO:Calculating mean and std
2026-03-07 08:24:22,494:INFO:Creating metrics dataframe
2026-03-07 08:24:22,499:INFO:Uploading results into container
2026-03-07 08:24:22,499:INFO:Uploading model into container now
2026-03-07 08:24:22,503:INFO:_master_model_container: 10
2026-03-07 08:24:22,503:INFO:_display_container: 2
2026-03-07 08:24:22,503:INFO:GradientBoostingClassifier(ccp_alpha=0.0, criterion='friedman_mse', init=None,
                           learning_rate=0.1, loss='log_loss', max_depth=3,
                           max_features=None, max_leaf_nodes=None,
                           min_impurity_decrease=0.0, min_samples_leaf=1,
                           min_samples_split=2, min_weight_fraction_leaf=0.0,
                           n_estimators=100, n_iter_no_change=None,
                           random_state=123, subsample=1.0, tol=0.0001,
                           validation_fraction=0.1, verbose=0,
                           warm_start=False)
2026-03-07 08:24:22,503:INFO:create_model() successfully completed......................................
2026-03-07 08:24:22,597:INFO:SubProcess create_model() end ==================================
2026-03-07 08:24:22,597:INFO:Creating metrics dataframe
2026-03-07 08:24:22,614:INFO:Initializing Linear Discriminant Analysis
2026-03-07 08:24:22,614:INFO:Total runtime is 0.3182354331016541 minutes
2026-03-07 08:24:22,617:INFO:SubProcess create_model() called ==================================
2026-03-07 08:24:22,617:INFO:Initializing create_model()
2026-03-07 08:24:22,617:INFO:create_model(self=<pycaret.classification.oop.ClassificationExperiment object at 0x000001D7306D3CD0>, estimator=lda, fold=StratifiedKFold(n_splits=5, random_state=None, shuffle=False), round=4, cross_validation=True, predict=True, fit_kwargs={}, groups=None, refit=False, probability_threshold=None, experiment_custom_tags=None, verbose=False, system=False, add_to_model_list=True, metrics=None, display=<pycaret.internal.display.display.CommonDisplay object at 0x000001D76BFD0ED0>, model_only=True, return_train_score=False, error_score=0.0, kwargs={})
2026-03-07 08:24:22,622:INFO:Checking exceptions
2026-03-07 08:24:22,622:INFO:Importing libraries
2026-03-07 08:24:22,622:INFO:Copying training dataset
2026-03-07 08:24:22,633:INFO:Defining folds
2026-03-07 08:24:22,633:INFO:Declaring metric variables
2026-03-07 08:24:22,641:INFO:Importing untrained model
2026-03-07 08:24:22,649:INFO:Linear Discriminant Analysis Imported successfully
2026-03-07 08:24:22,662:INFO:Starting cross validation
2026-03-07 08:24:22,666:INFO:Cross validating with StratifiedKFold(n_splits=5, random_state=None, shuffle=False), n_jobs=-1
2026-03-07 08:24:22,880:WARNING:c:\Emergency_traige_final\triage_env2\Lib\site-packages\pycaret\internal\metrics.py:204: FitFailedWarning: Metric 'make_scorer(roc_auc_score, response_method=('decision_function', 'predict_proba'), average=weighted, multi_class=ovr)' failed and error score 0.0 has been returned instead. If this is a custom metric, this usually means that the error is in the metric code. Full exception below:
Traceback (most recent call last):
  File "c:\Emergency_traige_final\triage_env2\Lib\site-packages\pycaret\internal\metrics.py", line 196, in _score
    return super()._score(
           ^^^^^^^^^^^^^^^
  File "c:\Emergency_traige_final\triage_env2\Lib\site-packages\sklearn\metrics\_scorer.py", line 350, in _score
    return self._sign * self._score_func(y_true, y_pred, **scoring_kwargs)
                        ^^^^^^^^^^^^^^^^^^^^^^^^^^^^^^^^^^^^^^^^^^^^^^^^^^
  File "c:\Emergency_traige_final\triage_env2\Lib\site-packages\pycaret\internal\metrics.py", line 144, in __call__
    return self.score_func(y_true, y_pred, **kwargs)
           ^^^^^^^^^^^^^^^^^^^^^^^^^^^^^^^^^^^^^^^^^
  File "c:\Emergency_traige_final\triage_env2\Lib\site-packages\sklearn\utils\_param_validation.py", line 213, in wrapper
    return func(*args, **kwargs)
           ^^^^^^^^^^^^^^^^^^^^^
  File "c:\Emergency_traige_final\triage_env2\Lib\site-packages\sklearn\metrics\_ranking.py", line 634, in roc_auc_score
    return _multiclass_roc_auc_score(
           ^^^^^^^^^^^^^^^^^^^^^^^^^^
  File "c:\Emergency_traige_final\triage_env2\Lib\site-packages\sklearn\metrics\_ranking.py", line 707, in _multiclass_roc_auc_score
    raise ValueError(
ValueError: Target scores need to be probabilities for multiclass roc_auc, i.e. they should sum up to 1.0 over classes

  warnings.warn(

2026-03-07 08:24:22,881:WARNING:c:\Emergency_traige_final\triage_env2\Lib\site-packages\sklearn\metrics\_classification.py:1561: UserWarning: Note that pos_label (set to 5) is ignored when average != 'binary' (got 'weighted'). You may use labels=[pos_label] to specify a single positive class.
  warnings.warn(

2026-03-07 08:24:22,883:WARNING:c:\Emergency_traige_final\triage_env2\Lib\site-packages\pycaret\internal\metrics.py:204: FitFailedWarning: Metric 'make_scorer(roc_auc_score, response_method=('decision_function', 'predict_proba'), average=weighted, multi_class=ovr)' failed and error score 0.0 has been returned instead. If this is a custom metric, this usually means that the error is in the metric code. Full exception below:
Traceback (most recent call last):
  File "c:\Emergency_traige_final\triage_env2\Lib\site-packages\pycaret\internal\metrics.py", line 196, in _score
    return super()._score(
           ^^^^^^^^^^^^^^^
  File "c:\Emergency_traige_final\triage_env2\Lib\site-packages\sklearn\metrics\_scorer.py", line 350, in _score
    return self._sign * self._score_func(y_true, y_pred, **scoring_kwargs)
                        ^^^^^^^^^^^^^^^^^^^^^^^^^^^^^^^^^^^^^^^^^^^^^^^^^^
  File "c:\Emergency_traige_final\triage_env2\Lib\site-packages\pycaret\internal\metrics.py", line 144, in __call__
    return self.score_func(y_true, y_pred, **kwargs)
           ^^^^^^^^^^^^^^^^^^^^^^^^^^^^^^^^^^^^^^^^^
  File "c:\Emergency_traige_final\triage_env2\Lib\site-packages\sklearn\utils\_param_validation.py", line 213, in wrapper
    return func(*args, **kwargs)
           ^^^^^^^^^^^^^^^^^^^^^
  File "c:\Emergency_traige_final\triage_env2\Lib\site-packages\sklearn\metrics\_ranking.py", line 634, in roc_auc_score
    return _multiclass_roc_auc_score(
           ^^^^^^^^^^^^^^^^^^^^^^^^^^
  File "c:\Emergency_traige_final\triage_env2\Lib\site-packages\sklearn\metrics\_ranking.py", line 707, in _multiclass_roc_auc_score
    raise ValueError(
ValueError: Target scores need to be probabilities for multiclass roc_auc, i.e. they should sum up to 1.0 over classes

  warnings.warn(

2026-03-07 08:24:22,883:WARNING:c:\Emergency_traige_final\triage_env2\Lib\site-packages\sklearn\metrics\_classification.py:1561: UserWarning: Note that pos_label (set to 5) is ignored when average != 'binary' (got 'weighted'). You may use labels=[pos_label] to specify a single positive class.
  warnings.warn(

2026-03-07 08:24:22,883:WARNING:c:\Emergency_traige_final\triage_env2\Lib\site-packages\sklearn\metrics\_classification.py:1561: UserWarning: Note that pos_label (set to 5) is ignored when average != 'binary' (got 'weighted'). You may use labels=[pos_label] to specify a single positive class.
  warnings.warn(

2026-03-07 08:24:22,883:WARNING:c:\Emergency_traige_final\triage_env2\Lib\site-packages\sklearn\metrics\_classification.py:1561: UserWarning: Note that pos_label (set to 5) is ignored when average != 'binary' (got 'weighted'). You may use labels=[pos_label] to specify a single positive class.
  warnings.warn(

2026-03-07 08:24:22,889:WARNING:c:\Emergency_traige_final\triage_env2\Lib\site-packages\sklearn\metrics\_classification.py:1561: UserWarning: Note that pos_label (set to 5) is ignored when average != 'binary' (got 'weighted'). You may use labels=[pos_label] to specify a single positive class.
  warnings.warn(

2026-03-07 08:24:22,889:WARNING:c:\Emergency_traige_final\triage_env2\Lib\site-packages\sklearn\metrics\_classification.py:1561: UserWarning: Note that pos_label (set to 5) is ignored when average != 'binary' (got 'weighted'). You may use labels=[pos_label] to specify a single positive class.
  warnings.warn(

2026-03-07 08:24:22,891:WARNING:c:\Emergency_traige_final\triage_env2\Lib\site-packages\sklearn\metrics\_classification.py:1561: UserWarning: Note that pos_label (set to 5) is ignored when average != 'binary' (got 'weighted'). You may use labels=[pos_label] to specify a single positive class.
  warnings.warn(

2026-03-07 08:24:22,891:WARNING:c:\Emergency_traige_final\triage_env2\Lib\site-packages\sklearn\metrics\_classification.py:1561: UserWarning: Note that pos_label (set to 5) is ignored when average != 'binary' (got 'weighted'). You may use labels=[pos_label] to specify a single positive class.
  warnings.warn(

2026-03-07 08:24:22,902:WARNING:c:\Emergency_traige_final\triage_env2\Lib\site-packages\pycaret\internal\metrics.py:204: FitFailedWarning: Metric 'make_scorer(roc_auc_score, response_method=('decision_function', 'predict_proba'), average=weighted, multi_class=ovr)' failed and error score 0.0 has been returned instead. If this is a custom metric, this usually means that the error is in the metric code. Full exception below:
Traceback (most recent call last):
  File "c:\Emergency_traige_final\triage_env2\Lib\site-packages\pycaret\internal\metrics.py", line 196, in _score
    return super()._score(
           ^^^^^^^^^^^^^^^
  File "c:\Emergency_traige_final\triage_env2\Lib\site-packages\sklearn\metrics\_scorer.py", line 350, in _score
    return self._sign * self._score_func(y_true, y_pred, **scoring_kwargs)
                        ^^^^^^^^^^^^^^^^^^^^^^^^^^^^^^^^^^^^^^^^^^^^^^^^^^
  File "c:\Emergency_traige_final\triage_env2\Lib\site-packages\pycaret\internal\metrics.py", line 144, in __call__
    return self.score_func(y_true, y_pred, **kwargs)
           ^^^^^^^^^^^^^^^^^^^^^^^^^^^^^^^^^^^^^^^^^
  File "c:\Emergency_traige_final\triage_env2\Lib\site-packages\sklearn\utils\_param_validation.py", line 213, in wrapper
    return func(*args, **kwargs)
           ^^^^^^^^^^^^^^^^^^^^^
  File "c:\Emergency_traige_final\triage_env2\Lib\site-packages\sklearn\metrics\_ranking.py", line 634, in roc_auc_score
    return _multiclass_roc_auc_score(
           ^^^^^^^^^^^^^^^^^^^^^^^^^^
  File "c:\Emergency_traige_final\triage_env2\Lib\site-packages\sklearn\metrics\_ranking.py", line 707, in _multiclass_roc_auc_score
    raise ValueError(
ValueError: Target scores need to be probabilities for multiclass roc_auc, i.e. they should sum up to 1.0 over classes

  warnings.warn(

2026-03-07 08:24:22,902:WARNING:c:\Emergency_traige_final\triage_env2\Lib\site-packages\sklearn\metrics\_classification.py:1561: UserWarning: Note that pos_label (set to 5) is ignored when average != 'binary' (got 'weighted'). You may use labels=[pos_label] to specify a single positive class.
  warnings.warn(

2026-03-07 08:24:22,902:WARNING:c:\Emergency_traige_final\triage_env2\Lib\site-packages\sklearn\metrics\_classification.py:1561: UserWarning: Note that pos_label (set to 5) is ignored when average != 'binary' (got 'weighted'). You may use labels=[pos_label] to specify a single positive class.
  warnings.warn(

2026-03-07 08:24:22,902:WARNING:c:\Emergency_traige_final\triage_env2\Lib\site-packages\sklearn\metrics\_classification.py:1561: UserWarning: Note that pos_label (set to 5) is ignored when average != 'binary' (got 'weighted'). You may use labels=[pos_label] to specify a single positive class.
  warnings.warn(

2026-03-07 08:24:22,908:WARNING:c:\Emergency_traige_final\triage_env2\Lib\site-packages\pycaret\internal\metrics.py:204: FitFailedWarning: Metric 'make_scorer(roc_auc_score, response_method=('decision_function', 'predict_proba'), average=weighted, multi_class=ovr)' failed and error score 0.0 has been returned instead. If this is a custom metric, this usually means that the error is in the metric code. Full exception below:
Traceback (most recent call last):
  File "c:\Emergency_traige_final\triage_env2\Lib\site-packages\pycaret\internal\metrics.py", line 196, in _score
    return super()._score(
           ^^^^^^^^^^^^^^^
  File "c:\Emergency_traige_final\triage_env2\Lib\site-packages\sklearn\metrics\_scorer.py", line 350, in _score
    return self._sign * self._score_func(y_true, y_pred, **scoring_kwargs)
                        ^^^^^^^^^^^^^^^^^^^^^^^^^^^^^^^^^^^^^^^^^^^^^^^^^^
  File "c:\Emergency_traige_final\triage_env2\Lib\site-packages\pycaret\internal\metrics.py", line 144, in __call__
    return self.score_func(y_true, y_pred, **kwargs)
           ^^^^^^^^^^^^^^^^^^^^^^^^^^^^^^^^^^^^^^^^^
  File "c:\Emergency_traige_final\triage_env2\Lib\site-packages\sklearn\utils\_param_validation.py", line 213, in wrapper
    return func(*args, **kwargs)
           ^^^^^^^^^^^^^^^^^^^^^
  File "c:\Emergency_traige_final\triage_env2\Lib\site-packages\sklearn\metrics\_ranking.py", line 634, in roc_auc_score
    return _multiclass_roc_auc_score(
           ^^^^^^^^^^^^^^^^^^^^^^^^^^
  File "c:\Emergency_traige_final\triage_env2\Lib\site-packages\sklearn\metrics\_ranking.py", line 707, in _multiclass_roc_auc_score
    raise ValueError(
ValueError: Target scores need to be probabilities for multiclass roc_auc, i.e. they should sum up to 1.0 over classes

  warnings.warn(

2026-03-07 08:24:22,910:WARNING:c:\Emergency_traige_final\triage_env2\Lib\site-packages\sklearn\metrics\_classification.py:1561: UserWarning: Note that pos_label (set to 5) is ignored when average != 'binary' (got 'weighted'). You may use labels=[pos_label] to specify a single positive class.
  warnings.warn(

2026-03-07 08:24:22,910:WARNING:c:\Emergency_traige_final\triage_env2\Lib\site-packages\sklearn\metrics\_classification.py:1561: UserWarning: Note that pos_label (set to 5) is ignored when average != 'binary' (got 'weighted'). You may use labels=[pos_label] to specify a single positive class.
  warnings.warn(

2026-03-07 08:24:22,912:WARNING:c:\Emergency_traige_final\triage_env2\Lib\site-packages\sklearn\metrics\_classification.py:1561: UserWarning: Note that pos_label (set to 5) is ignored when average != 'binary' (got 'weighted'). You may use labels=[pos_label] to specify a single positive class.
  warnings.warn(

2026-03-07 08:24:22,921:INFO:Calculating mean and std
2026-03-07 08:24:22,921:INFO:Creating metrics dataframe
2026-03-07 08:24:22,923:INFO:Uploading results into container
2026-03-07 08:24:22,923:INFO:Uploading model into container now
2026-03-07 08:24:22,923:INFO:_master_model_container: 11
2026-03-07 08:24:22,923:INFO:_display_container: 2
2026-03-07 08:24:22,923:INFO:LinearDiscriminantAnalysis(covariance_estimator=None, n_components=None,
                           priors=None, shrinkage=None, solver='svd',
                           store_covariance=False, tol=0.0001)
2026-03-07 08:24:22,923:INFO:create_model() successfully completed......................................
2026-03-07 08:24:23,014:INFO:SubProcess create_model() end ==================================
2026-03-07 08:24:23,014:INFO:Creating metrics dataframe
2026-03-07 08:24:23,026:INFO:Initializing Extra Trees Classifier
2026-03-07 08:24:23,026:INFO:Total runtime is 0.32511225541432703 minutes
2026-03-07 08:24:23,037:INFO:SubProcess create_model() called ==================================
2026-03-07 08:24:23,037:INFO:Initializing create_model()
2026-03-07 08:24:23,037:INFO:create_model(self=<pycaret.classification.oop.ClassificationExperiment object at 0x000001D7306D3CD0>, estimator=et, fold=StratifiedKFold(n_splits=5, random_state=None, shuffle=False), round=4, cross_validation=True, predict=True, fit_kwargs={}, groups=None, refit=False, probability_threshold=None, experiment_custom_tags=None, verbose=False, system=False, add_to_model_list=True, metrics=None, display=<pycaret.internal.display.display.CommonDisplay object at 0x000001D76BFD0ED0>, model_only=True, return_train_score=False, error_score=0.0, kwargs={})
2026-03-07 08:24:23,037:INFO:Checking exceptions
2026-03-07 08:24:23,037:INFO:Importing libraries
2026-03-07 08:24:23,037:INFO:Copying training dataset
2026-03-07 08:24:23,047:INFO:Defining folds
2026-03-07 08:24:23,047:INFO:Declaring metric variables
2026-03-07 08:24:23,050:INFO:Importing untrained model
2026-03-07 08:24:23,055:INFO:Extra Trees Classifier Imported successfully
2026-03-07 08:24:23,064:INFO:Starting cross validation
2026-03-07 08:24:23,066:INFO:Cross validating with StratifiedKFold(n_splits=5, random_state=None, shuffle=False), n_jobs=-1
2026-03-07 08:24:23,485:WARNING:c:\Emergency_traige_final\triage_env2\Lib\site-packages\sklearn\metrics\_classification.py:1561: UserWarning: Note that pos_label (set to 5) is ignored when average != 'binary' (got 'weighted'). You may use labels=[pos_label] to specify a single positive class.
  warnings.warn(

2026-03-07 08:24:23,488:WARNING:c:\Emergency_traige_final\triage_env2\Lib\site-packages\sklearn\metrics\_classification.py:1561: UserWarning: Note that pos_label (set to 5) is ignored when average != 'binary' (got 'weighted'). You may use labels=[pos_label] to specify a single positive class.
  warnings.warn(

2026-03-07 08:24:23,490:WARNING:c:\Emergency_traige_final\triage_env2\Lib\site-packages\sklearn\metrics\_classification.py:1561: UserWarning: Note that pos_label (set to 5) is ignored when average != 'binary' (got 'weighted'). You may use labels=[pos_label] to specify a single positive class.
  warnings.warn(

2026-03-07 08:24:23,490:WARNING:c:\Emergency_traige_final\triage_env2\Lib\site-packages\sklearn\metrics\_classification.py:1561: UserWarning: Note that pos_label (set to 5) is ignored when average != 'binary' (got 'weighted'). You may use labels=[pos_label] to specify a single positive class.
  warnings.warn(

2026-03-07 08:24:23,496:WARNING:c:\Emergency_traige_final\triage_env2\Lib\site-packages\sklearn\metrics\_classification.py:1561: UserWarning: Note that pos_label (set to 5) is ignored when average != 'binary' (got 'weighted'). You may use labels=[pos_label] to specify a single positive class.
  warnings.warn(

2026-03-07 08:24:23,498:WARNING:c:\Emergency_traige_final\triage_env2\Lib\site-packages\sklearn\metrics\_classification.py:1561: UserWarning: Note that pos_label (set to 5) is ignored when average != 'binary' (got 'weighted'). You may use labels=[pos_label] to specify a single positive class.
  warnings.warn(

2026-03-07 08:24:23,499:WARNING:c:\Emergency_traige_final\triage_env2\Lib\site-packages\sklearn\metrics\_classification.py:1561: UserWarning: Note that pos_label (set to 5) is ignored when average != 'binary' (got 'weighted'). You may use labels=[pos_label] to specify a single positive class.
  warnings.warn(

2026-03-07 08:24:23,500:WARNING:c:\Emergency_traige_final\triage_env2\Lib\site-packages\sklearn\metrics\_classification.py:1561: UserWarning: Note that pos_label (set to 5) is ignored when average != 'binary' (got 'weighted'). You may use labels=[pos_label] to specify a single positive class.
  warnings.warn(

2026-03-07 08:24:23,500:WARNING:c:\Emergency_traige_final\triage_env2\Lib\site-packages\sklearn\metrics\_classification.py:1561: UserWarning: Note that pos_label (set to 5) is ignored when average != 'binary' (got 'weighted'). You may use labels=[pos_label] to specify a single positive class.
  warnings.warn(

2026-03-07 08:24:23,500:WARNING:c:\Emergency_traige_final\triage_env2\Lib\site-packages\sklearn\metrics\_classification.py:1561: UserWarning: Note that pos_label (set to 5) is ignored when average != 'binary' (got 'weighted'). You may use labels=[pos_label] to specify a single positive class.
  warnings.warn(

2026-03-07 08:24:23,505:WARNING:c:\Emergency_traige_final\triage_env2\Lib\site-packages\sklearn\metrics\_classification.py:1561: UserWarning: Note that pos_label (set to 5) is ignored when average != 'binary' (got 'weighted'). You may use labels=[pos_label] to specify a single positive class.
  warnings.warn(

2026-03-07 08:24:23,505:WARNING:c:\Emergency_traige_final\triage_env2\Lib\site-packages\sklearn\metrics\_classification.py:1561: UserWarning: Note that pos_label (set to 5) is ignored when average != 'binary' (got 'weighted'). You may use labels=[pos_label] to specify a single positive class.
  warnings.warn(

2026-03-07 08:24:23,546:WARNING:c:\Emergency_traige_final\triage_env2\Lib\site-packages\sklearn\metrics\_classification.py:1561: UserWarning: Note that pos_label (set to 5) is ignored when average != 'binary' (got 'weighted'). You may use labels=[pos_label] to specify a single positive class.
  warnings.warn(

2026-03-07 08:24:23,548:WARNING:c:\Emergency_traige_final\triage_env2\Lib\site-packages\sklearn\metrics\_classification.py:1561: UserWarning: Note that pos_label (set to 5) is ignored when average != 'binary' (got 'weighted'). You may use labels=[pos_label] to specify a single positive class.
  warnings.warn(

2026-03-07 08:24:23,549:WARNING:c:\Emergency_traige_final\triage_env2\Lib\site-packages\sklearn\metrics\_classification.py:1509: UndefinedMetricWarning: Precision is ill-defined and being set to 0.0 in labels with no predicted samples. Use `zero_division` parameter to control this behavior.
  _warn_prf(average, modifier, f"{metric.capitalize()} is", len(result))

2026-03-07 08:24:23,549:WARNING:c:\Emergency_traige_final\triage_env2\Lib\site-packages\sklearn\metrics\_classification.py:1561: UserWarning: Note that pos_label (set to 5) is ignored when average != 'binary' (got 'weighted'). You may use labels=[pos_label] to specify a single positive class.
  warnings.warn(

2026-03-07 08:24:23,560:INFO:Calculating mean and std
2026-03-07 08:24:23,561:INFO:Creating metrics dataframe
2026-03-07 08:24:23,562:INFO:Uploading results into container
2026-03-07 08:24:23,562:INFO:Uploading model into container now
2026-03-07 08:24:23,562:INFO:_master_model_container: 12
2026-03-07 08:24:23,562:INFO:_display_container: 2
2026-03-07 08:24:23,562:INFO:ExtraTreesClassifier(bootstrap=False, ccp_alpha=0.0, class_weight=None,
                     criterion='gini', max_depth=None, max_features='sqrt',
                     max_leaf_nodes=None, max_samples=None,
                     min_impurity_decrease=0.0, min_samples_leaf=1,
                     min_samples_split=2, min_weight_fraction_leaf=0.0,
                     monotonic_cst=None, n_estimators=100, n_jobs=-1,
                     oob_score=False, random_state=123, verbose=0,
                     warm_start=False)
2026-03-07 08:24:23,562:INFO:create_model() successfully completed......................................
2026-03-07 08:24:23,661:INFO:SubProcess create_model() end ==================================
2026-03-07 08:24:23,661:INFO:Creating metrics dataframe
2026-03-07 08:24:23,679:INFO:Initializing Light Gradient Boosting Machine
2026-03-07 08:24:23,679:INFO:Total runtime is 0.33599428733189907 minutes
2026-03-07 08:24:23,686:INFO:SubProcess create_model() called ==================================
2026-03-07 08:24:23,686:INFO:Initializing create_model()
2026-03-07 08:24:23,686:INFO:create_model(self=<pycaret.classification.oop.ClassificationExperiment object at 0x000001D7306D3CD0>, estimator=lightgbm, fold=StratifiedKFold(n_splits=5, random_state=None, shuffle=False), round=4, cross_validation=True, predict=True, fit_kwargs={}, groups=None, refit=False, probability_threshold=None, experiment_custom_tags=None, verbose=False, system=False, add_to_model_list=True, metrics=None, display=<pycaret.internal.display.display.CommonDisplay object at 0x000001D76BFD0ED0>, model_only=True, return_train_score=False, error_score=0.0, kwargs={})
2026-03-07 08:24:23,686:INFO:Checking exceptions
2026-03-07 08:24:23,686:INFO:Importing libraries
2026-03-07 08:24:23,686:INFO:Copying training dataset
2026-03-07 08:24:23,694:INFO:Defining folds
2026-03-07 08:24:23,694:INFO:Declaring metric variables
2026-03-07 08:24:23,694:INFO:Importing untrained model
2026-03-07 08:24:23,702:INFO:Light Gradient Boosting Machine Imported successfully
2026-03-07 08:24:23,710:INFO:Starting cross validation
2026-03-07 08:24:23,710:INFO:Cross validating with StratifiedKFold(n_splits=5, random_state=None, shuffle=False), n_jobs=-1
2026-03-07 08:24:27,540:WARNING:c:\Emergency_traige_final\triage_env2\Lib\site-packages\sklearn\metrics\_classification.py:1561: UserWarning: Note that pos_label (set to 5) is ignored when average != 'binary' (got 'weighted'). You may use labels=[pos_label] to specify a single positive class.
  warnings.warn(

2026-03-07 08:24:27,545:WARNING:c:\Emergency_traige_final\triage_env2\Lib\site-packages\sklearn\metrics\_classification.py:1561: UserWarning: Note that pos_label (set to 5) is ignored when average != 'binary' (got 'weighted'). You may use labels=[pos_label] to specify a single positive class.
  warnings.warn(

2026-03-07 08:24:27,548:WARNING:c:\Emergency_traige_final\triage_env2\Lib\site-packages\sklearn\metrics\_classification.py:1561: UserWarning: Note that pos_label (set to 5) is ignored when average != 'binary' (got 'weighted'). You may use labels=[pos_label] to specify a single positive class.
  warnings.warn(

2026-03-07 08:24:27,613:WARNING:c:\Emergency_traige_final\triage_env2\Lib\site-packages\sklearn\metrics\_classification.py:1561: UserWarning: Note that pos_label (set to 5) is ignored when average != 'binary' (got 'weighted'). You may use labels=[pos_label] to specify a single positive class.
  warnings.warn(

2026-03-07 08:24:27,617:WARNING:c:\Emergency_traige_final\triage_env2\Lib\site-packages\sklearn\metrics\_classification.py:1561: UserWarning: Note that pos_label (set to 5) is ignored when average != 'binary' (got 'weighted'). You may use labels=[pos_label] to specify a single positive class.
  warnings.warn(

2026-03-07 08:24:27,619:WARNING:c:\Emergency_traige_final\triage_env2\Lib\site-packages\sklearn\metrics\_classification.py:1561: UserWarning: Note that pos_label (set to 5) is ignored when average != 'binary' (got 'weighted'). You may use labels=[pos_label] to specify a single positive class.
  warnings.warn(

2026-03-07 08:24:27,619:WARNING:c:\Emergency_traige_final\triage_env2\Lib\site-packages\sklearn\metrics\_classification.py:1561: UserWarning: Note that pos_label (set to 5) is ignored when average != 'binary' (got 'weighted'). You may use labels=[pos_label] to specify a single positive class.
  warnings.warn(

2026-03-07 08:24:27,621:WARNING:c:\Emergency_traige_final\triage_env2\Lib\site-packages\sklearn\metrics\_classification.py:1561: UserWarning: Note that pos_label (set to 5) is ignored when average != 'binary' (got 'weighted'). You may use labels=[pos_label] to specify a single positive class.
  warnings.warn(

2026-03-07 08:24:27,626:WARNING:c:\Emergency_traige_final\triage_env2\Lib\site-packages\sklearn\metrics\_classification.py:1561: UserWarning: Note that pos_label (set to 5) is ignored when average != 'binary' (got 'weighted'). You may use labels=[pos_label] to specify a single positive class.
  warnings.warn(

2026-03-07 08:24:27,699:WARNING:c:\Emergency_traige_final\triage_env2\Lib\site-packages\sklearn\metrics\_classification.py:1561: UserWarning: Note that pos_label (set to 5) is ignored when average != 'binary' (got 'weighted'). You may use labels=[pos_label] to specify a single positive class.
  warnings.warn(

2026-03-07 08:24:27,702:WARNING:c:\Emergency_traige_final\triage_env2\Lib\site-packages\sklearn\metrics\_classification.py:1561: UserWarning: Note that pos_label (set to 5) is ignored when average != 'binary' (got 'weighted'). You may use labels=[pos_label] to specify a single positive class.
  warnings.warn(

2026-03-07 08:24:27,706:WARNING:c:\Emergency_traige_final\triage_env2\Lib\site-packages\sklearn\metrics\_classification.py:1561: UserWarning: Note that pos_label (set to 5) is ignored when average != 'binary' (got 'weighted'). You may use labels=[pos_label] to specify a single positive class.
  warnings.warn(

2026-03-07 08:24:27,745:WARNING:c:\Emergency_traige_final\triage_env2\Lib\site-packages\sklearn\metrics\_classification.py:1561: UserWarning: Note that pos_label (set to 5) is ignored when average != 'binary' (got 'weighted'). You may use labels=[pos_label] to specify a single positive class.
  warnings.warn(

2026-03-07 08:24:27,747:WARNING:c:\Emergency_traige_final\triage_env2\Lib\site-packages\sklearn\metrics\_classification.py:1561: UserWarning: Note that pos_label (set to 5) is ignored when average != 'binary' (got 'weighted'). You may use labels=[pos_label] to specify a single positive class.
  warnings.warn(

2026-03-07 08:24:27,750:WARNING:c:\Emergency_traige_final\triage_env2\Lib\site-packages\sklearn\metrics\_classification.py:1561: UserWarning: Note that pos_label (set to 5) is ignored when average != 'binary' (got 'weighted'). You may use labels=[pos_label] to specify a single positive class.
  warnings.warn(

2026-03-07 08:24:27,760:INFO:Calculating mean and std
2026-03-07 08:24:27,762:INFO:Creating metrics dataframe
2026-03-07 08:24:27,764:INFO:Uploading results into container
2026-03-07 08:24:27,764:INFO:Uploading model into container now
2026-03-07 08:24:27,765:INFO:_master_model_container: 13
2026-03-07 08:24:27,765:INFO:_display_container: 2
2026-03-07 08:24:27,766:INFO:LGBMClassifier(boosting_type='gbdt', class_weight=None, colsample_bytree=1.0,
               importance_type='split', learning_rate=0.1, max_depth=-1,
               min_child_samples=20, min_child_weight=0.001, min_split_gain=0.0,
               n_estimators=100, n_jobs=-1, num_leaves=31, objective=None,
               random_state=123, reg_alpha=0.0, reg_lambda=0.0, subsample=1.0,
               subsample_for_bin=200000, subsample_freq=0)
2026-03-07 08:24:27,766:INFO:create_model() successfully completed......................................
2026-03-07 08:24:27,844:INFO:SubProcess create_model() end ==================================
2026-03-07 08:24:27,845:INFO:Creating metrics dataframe
2026-03-07 08:24:27,852:INFO:Initializing Dummy Classifier
2026-03-07 08:24:27,852:INFO:Total runtime is 0.405544396241506 minutes
2026-03-07 08:24:27,852:INFO:SubProcess create_model() called ==================================
2026-03-07 08:24:27,852:INFO:Initializing create_model()
2026-03-07 08:24:27,852:INFO:create_model(self=<pycaret.classification.oop.ClassificationExperiment object at 0x000001D7306D3CD0>, estimator=dummy, fold=StratifiedKFold(n_splits=5, random_state=None, shuffle=False), round=4, cross_validation=True, predict=True, fit_kwargs={}, groups=None, refit=False, probability_threshold=None, experiment_custom_tags=None, verbose=False, system=False, add_to_model_list=True, metrics=None, display=<pycaret.internal.display.display.CommonDisplay object at 0x000001D76BFD0ED0>, model_only=True, return_train_score=False, error_score=0.0, kwargs={})
2026-03-07 08:24:27,852:INFO:Checking exceptions
2026-03-07 08:24:27,852:INFO:Importing libraries
2026-03-07 08:24:27,852:INFO:Copying training dataset
2026-03-07 08:24:27,860:INFO:Defining folds
2026-03-07 08:24:27,860:INFO:Declaring metric variables
2026-03-07 08:24:27,860:INFO:Importing untrained model
2026-03-07 08:24:27,866:INFO:Dummy Classifier Imported successfully
2026-03-07 08:24:27,868:INFO:Starting cross validation
2026-03-07 08:24:27,877:INFO:Cross validating with StratifiedKFold(n_splits=5, random_state=None, shuffle=False), n_jobs=-1
2026-03-07 08:24:28,064:WARNING:c:\Emergency_traige_final\triage_env2\Lib\site-packages\sklearn\metrics\_classification.py:1561: UserWarning: Note that pos_label (set to 5) is ignored when average != 'binary' (got 'weighted'). You may use labels=[pos_label] to specify a single positive class.
  warnings.warn(

2026-03-07 08:24:28,066:WARNING:c:\Emergency_traige_final\triage_env2\Lib\site-packages\sklearn\metrics\_classification.py:1561: UserWarning: Note that pos_label (set to 5) is ignored when average != 'binary' (got 'weighted'). You may use labels=[pos_label] to specify a single positive class.
  warnings.warn(

2026-03-07 08:24:28,066:WARNING:c:\Emergency_traige_final\triage_env2\Lib\site-packages\sklearn\metrics\_classification.py:1509: UndefinedMetricWarning: Precision is ill-defined and being set to 0.0 in labels with no predicted samples. Use `zero_division` parameter to control this behavior.
  _warn_prf(average, modifier, f"{metric.capitalize()} is", len(result))

2026-03-07 08:24:28,070:WARNING:c:\Emergency_traige_final\triage_env2\Lib\site-packages\sklearn\metrics\_classification.py:1561: UserWarning: Note that pos_label (set to 5) is ignored when average != 'binary' (got 'weighted'). You may use labels=[pos_label] to specify a single positive class.
  warnings.warn(

2026-03-07 08:24:28,074:WARNING:c:\Emergency_traige_final\triage_env2\Lib\site-packages\sklearn\metrics\_classification.py:1561: UserWarning: Note that pos_label (set to 5) is ignored when average != 'binary' (got 'weighted'). You may use labels=[pos_label] to specify a single positive class.
  warnings.warn(

2026-03-07 08:24:28,074:WARNING:c:\Emergency_traige_final\triage_env2\Lib\site-packages\sklearn\metrics\_classification.py:1561: UserWarning: Note that pos_label (set to 5) is ignored when average != 'binary' (got 'weighted'). You may use labels=[pos_label] to specify a single positive class.
  warnings.warn(

2026-03-07 08:24:28,074:WARNING:c:\Emergency_traige_final\triage_env2\Lib\site-packages\sklearn\metrics\_classification.py:1509: UndefinedMetricWarning: Precision is ill-defined and being set to 0.0 in labels with no predicted samples. Use `zero_division` parameter to control this behavior.
  _warn_prf(average, modifier, f"{metric.capitalize()} is", len(result))

2026-03-07 08:24:28,081:WARNING:c:\Emergency_traige_final\triage_env2\Lib\site-packages\sklearn\metrics\_classification.py:1561: UserWarning: Note that pos_label (set to 5) is ignored when average != 'binary' (got 'weighted'). You may use labels=[pos_label] to specify a single positive class.
  warnings.warn(

2026-03-07 08:24:28,081:WARNING:c:\Emergency_traige_final\triage_env2\Lib\site-packages\sklearn\metrics\_classification.py:1561: UserWarning: Note that pos_label (set to 5) is ignored when average != 'binary' (got 'weighted'). You may use labels=[pos_label] to specify a single positive class.
  warnings.warn(

2026-03-07 08:24:28,081:WARNING:c:\Emergency_traige_final\triage_env2\Lib\site-packages\sklearn\metrics\_classification.py:1561: UserWarning: Note that pos_label (set to 5) is ignored when average != 'binary' (got 'weighted'). You may use labels=[pos_label] to specify a single positive class.
  warnings.warn(

2026-03-07 08:24:28,081:WARNING:c:\Emergency_traige_final\triage_env2\Lib\site-packages\sklearn\metrics\_classification.py:1561: UserWarning: Note that pos_label (set to 5) is ignored when average != 'binary' (got 'weighted'). You may use labels=[pos_label] to specify a single positive class.
  warnings.warn(

2026-03-07 08:24:28,081:WARNING:c:\Emergency_traige_final\triage_env2\Lib\site-packages\sklearn\metrics\_classification.py:1561: UserWarning: Note that pos_label (set to 5) is ignored when average != 'binary' (got 'weighted'). You may use labels=[pos_label] to specify a single positive class.
  warnings.warn(

2026-03-07 08:24:28,081:WARNING:c:\Emergency_traige_final\triage_env2\Lib\site-packages\sklearn\metrics\_classification.py:1561: UserWarning: Note that pos_label (set to 5) is ignored when average != 'binary' (got 'weighted'). You may use labels=[pos_label] to specify a single positive class.
  warnings.warn(

2026-03-07 08:24:28,081:WARNING:c:\Emergency_traige_final\triage_env2\Lib\site-packages\sklearn\metrics\_classification.py:1509: UndefinedMetricWarning: Precision is ill-defined and being set to 0.0 in labels with no predicted samples. Use `zero_division` parameter to control this behavior.
  _warn_prf(average, modifier, f"{metric.capitalize()} is", len(result))

2026-03-07 08:24:28,081:WARNING:c:\Emergency_traige_final\triage_env2\Lib\site-packages\sklearn\metrics\_classification.py:1509: UndefinedMetricWarning: Precision is ill-defined and being set to 0.0 in labels with no predicted samples. Use `zero_division` parameter to control this behavior.
  _warn_prf(average, modifier, f"{metric.capitalize()} is", len(result))

2026-03-07 08:24:28,081:WARNING:c:\Emergency_traige_final\triage_env2\Lib\site-packages\sklearn\metrics\_classification.py:1561: UserWarning: Note that pos_label (set to 5) is ignored when average != 'binary' (got 'weighted'). You may use labels=[pos_label] to specify a single positive class.
  warnings.warn(

2026-03-07 08:24:28,081:WARNING:c:\Emergency_traige_final\triage_env2\Lib\site-packages\sklearn\metrics\_classification.py:1561: UserWarning: Note that pos_label (set to 5) is ignored when average != 'binary' (got 'weighted'). You may use labels=[pos_label] to specify a single positive class.
  warnings.warn(

2026-03-07 08:24:28,081:WARNING:c:\Emergency_traige_final\triage_env2\Lib\site-packages\sklearn\metrics\_classification.py:1561: UserWarning: Note that pos_label (set to 5) is ignored when average != 'binary' (got 'weighted'). You may use labels=[pos_label] to specify a single positive class.
  warnings.warn(

2026-03-07 08:24:28,081:WARNING:c:\Emergency_traige_final\triage_env2\Lib\site-packages\sklearn\metrics\_classification.py:1509: UndefinedMetricWarning: Precision is ill-defined and being set to 0.0 in labels with no predicted samples. Use `zero_division` parameter to control this behavior.
  _warn_prf(average, modifier, f"{metric.capitalize()} is", len(result))

2026-03-07 08:24:28,089:WARNING:c:\Emergency_traige_final\triage_env2\Lib\site-packages\sklearn\metrics\_classification.py:1561: UserWarning: Note that pos_label (set to 5) is ignored when average != 'binary' (got 'weighted'). You may use labels=[pos_label] to specify a single positive class.
  warnings.warn(

2026-03-07 08:24:28,102:INFO:Calculating mean and std
2026-03-07 08:24:28,102:INFO:Creating metrics dataframe
2026-03-07 08:24:28,102:INFO:Uploading results into container
2026-03-07 08:24:28,102:INFO:Uploading model into container now
2026-03-07 08:24:28,106:INFO:_master_model_container: 14
2026-03-07 08:24:28,106:INFO:_display_container: 2
2026-03-07 08:24:28,106:INFO:DummyClassifier(constant=None, random_state=123, strategy='prior')
2026-03-07 08:24:28,106:INFO:create_model() successfully completed......................................
2026-03-07 08:24:28,192:INFO:SubProcess create_model() end ==================================
2026-03-07 08:24:28,192:INFO:Creating metrics dataframe
2026-03-07 08:24:28,213:WARNING:c:\Emergency_traige_final\triage_env2\Lib\site-packages\pycaret\internal\pycaret_experiment\supervised_experiment.py:339: FutureWarning: Styler.applymap has been deprecated. Use Styler.map instead.
  .applymap(highlight_cols, subset=["TT (Sec)"])

2026-03-07 08:24:28,230:INFO:Initializing create_model()
2026-03-07 08:24:28,230:INFO:create_model(self=<pycaret.classification.oop.ClassificationExperiment object at 0x000001D7306D3CD0>, estimator=LGBMClassifier(boosting_type='gbdt', class_weight=None, colsample_bytree=1.0,
               importance_type='split', learning_rate=0.1, max_depth=-1,
               min_child_samples=20, min_child_weight=0.001, min_split_gain=0.0,
               n_estimators=100, n_jobs=-1, num_leaves=31, objective=None,
               random_state=123, reg_alpha=0.0, reg_lambda=0.0, subsample=1.0,
               subsample_for_bin=200000, subsample_freq=0), fold=StratifiedKFold(n_splits=5, random_state=None, shuffle=False), round=4, cross_validation=False, predict=False, fit_kwargs={}, groups=None, refit=True, probability_threshold=None, experiment_custom_tags=None, verbose=False, system=False, add_to_model_list=True, metrics=None, display=None, model_only=True, return_train_score=False, error_score=0.0, kwargs={})
2026-03-07 08:24:28,230:INFO:Checking exceptions
2026-03-07 08:24:28,230:INFO:Importing libraries
2026-03-07 08:24:28,230:INFO:Copying training dataset
2026-03-07 08:24:28,244:INFO:Defining folds
2026-03-07 08:24:28,244:INFO:Declaring metric variables
2026-03-07 08:24:28,244:INFO:Importing untrained model
2026-03-07 08:24:28,244:INFO:Declaring custom model
2026-03-07 08:24:28,247:INFO:Light Gradient Boosting Machine Imported successfully
2026-03-07 08:24:28,247:INFO:Cross validation set to False
2026-03-07 08:24:28,247:INFO:Fitting Model
2026-03-07 08:24:28,359:INFO:[LightGBM] [Warning] Found whitespace in feature_names, replace with underlines
2026-03-07 08:24:28,363:INFO:[LightGBM] [Info] Auto-choosing col-wise multi-threading, the overhead of testing was 0.000625 seconds.
2026-03-07 08:24:28,363:INFO:You can set `force_col_wise=true` to remove the overhead.
2026-03-07 08:24:28,363:INFO:[LightGBM] [Info] Total Bins 783
2026-03-07 08:24:28,363:INFO:[LightGBM] [Info] Number of data points in the train set: 886, number of used features: 36
2026-03-07 08:24:28,363:INFO:[LightGBM] [Info] Start training from score -3.896345
2026-03-07 08:24:28,363:INFO:[LightGBM] [Info] Start training from score -1.749764
2026-03-07 08:24:28,363:INFO:[LightGBM] [Info] Start training from score -0.954834
2026-03-07 08:24:28,363:INFO:[LightGBM] [Info] Start training from score -1.015276
2026-03-07 08:24:28,363:INFO:[LightGBM] [Info] Start training from score -2.835473
2026-03-07 08:24:28,366:INFO:[LightGBM] [Warning] No further splits with positive gain, best gain: -inf
2026-03-07 08:24:28,366:INFO:[LightGBM] [Warning] No further splits with positive gain, best gain: -inf
2026-03-07 08:24:28,366:INFO:[LightGBM] [Warning] No further splits with positive gain, best gain: -inf
2026-03-07 08:24:28,366:INFO:[LightGBM] [Warning] No further splits with positive gain, best gain: -inf
2026-03-07 08:24:28,366:INFO:[LightGBM] [Warning] No further splits with positive gain, best gain: -inf
2026-03-07 08:24:28,371:INFO:[LightGBM] [Warning] No further splits with positive gain, best gain: -inf
2026-03-07 08:24:28,373:INFO:[LightGBM] [Warning] No further splits with positive gain, best gain: -inf
2026-03-07 08:24:28,373:INFO:[LightGBM] [Warning] No further splits with positive gain, best gain: -inf
2026-03-07 08:24:28,373:INFO:[LightGBM] [Warning] No further splits with positive gain, best gain: -inf
2026-03-07 08:24:28,379:INFO:[LightGBM] [Warning] No further splits with positive gain, best gain: -inf
2026-03-07 08:24:28,845:INFO:[LightGBM] [Warning] No further splits with positive gain, best gain: -inf
2026-03-07 08:24:28,852:INFO:[LightGBM] [Warning] No further splits with positive gain, best gain: -inf
2026-03-07 08:24:28,857:INFO:[LightGBM] [Warning] No further splits with positive gain, best gain: -inf
2026-03-07 08:24:28,863:INFO:[LightGBM] [Warning] No further splits with positive gain, best gain: -inf
2026-03-07 08:24:28,866:INFO:[LightGBM] [Warning] No further splits with positive gain, best gain: -inf
2026-03-07 08:24:28,872:INFO:[LightGBM] [Warning] No further splits with positive gain, best gain: -inf
2026-03-07 08:24:28,875:INFO:[LightGBM] [Warning] No further splits with positive gain, best gain: -inf
2026-03-07 08:24:28,875:INFO:[LightGBM] [Warning] No further splits with positive gain, best gain: -inf
2026-03-07 08:24:28,877:INFO:[LightGBM] [Warning] No further splits with positive gain, best gain: -inf
2026-03-07 08:24:28,879:INFO:[LightGBM] [Warning] No further splits with positive gain, best gain: -inf
2026-03-07 08:24:28,884:INFO:[LightGBM] [Warning] No further splits with positive gain, best gain: -inf
2026-03-07 08:24:28,884:INFO:[LightGBM] [Warning] No further splits with positive gain, best gain: -inf
2026-03-07 08:24:28,890:INFO:[LightGBM] [Warning] No further splits with positive gain, best gain: -inf
2026-03-07 08:24:28,890:INFO:[LightGBM] [Warning] No further splits with positive gain, best gain: -inf
2026-03-07 08:24:28,893:INFO:[LightGBM] [Warning] No further splits with positive gain, best gain: -inf
2026-03-07 08:24:28,895:INFO:[LightGBM] [Warning] No further splits with positive gain, best gain: -inf
2026-03-07 08:24:28,898:INFO:[LightGBM] [Warning] No further splits with positive gain, best gain: -inf
2026-03-07 08:24:28,898:INFO:[LightGBM] [Warning] No further splits with positive gain, best gain: -inf
2026-03-07 08:24:28,905:INFO:[LightGBM] [Warning] No further splits with positive gain, best gain: -inf
2026-03-07 08:24:28,905:INFO:[LightGBM] [Warning] No further splits with positive gain, best gain: -inf
2026-03-07 08:24:28,909:INFO:[LightGBM] [Warning] No further splits with positive gain, best gain: -inf
2026-03-07 08:24:28,911:INFO:[LightGBM] [Warning] No further splits with positive gain, best gain: -inf
2026-03-07 08:24:28,913:INFO:[LightGBM] [Warning] No further splits with positive gain, best gain: -inf
2026-03-07 08:24:28,914:INFO:[LightGBM] [Warning] No further splits with positive gain, best gain: -inf
2026-03-07 08:24:28,918:INFO:[LightGBM] [Warning] No further splits with positive gain, best gain: -inf
2026-03-07 08:24:28,918:INFO:[LightGBM] [Warning] No further splits with positive gain, best gain: -inf
2026-03-07 08:24:28,922:INFO:[LightGBM] [Warning] No further splits with positive gain, best gain: -inf
2026-03-07 08:24:28,922:INFO:[LightGBM] [Warning] No further splits with positive gain, best gain: -inf
2026-03-07 08:24:28,926:INFO:[LightGBM] [Warning] No further splits with positive gain, best gain: -inf
2026-03-07 08:24:28,926:INFO:[LightGBM] [Warning] No further splits with positive gain, best gain: -inf
2026-03-07 08:24:28,930:INFO:[LightGBM] [Warning] No further splits with positive gain, best gain: -inf
2026-03-07 08:24:28,930:INFO:[LightGBM] [Warning] No further splits with positive gain, best gain: -inf
2026-03-07 08:24:28,934:INFO:[LightGBM] [Warning] No further splits with positive gain, best gain: -inf
2026-03-07 08:24:28,934:INFO:[LightGBM] [Warning] No further splits with positive gain, best gain: -inf
2026-03-07 08:24:28,939:INFO:[LightGBM] [Warning] No further splits with positive gain, best gain: -inf
2026-03-07 08:24:28,939:INFO:[LightGBM] [Warning] No further splits with positive gain, best gain: -inf
2026-03-07 08:24:28,945:INFO:[LightGBM] [Warning] No further splits with positive gain, best gain: -inf
2026-03-07 08:24:28,945:INFO:[LightGBM] [Warning] No further splits with positive gain, best gain: -inf
2026-03-07 08:24:28,945:INFO:[LightGBM] [Warning] No further splits with positive gain, best gain: -inf
2026-03-07 08:24:28,947:INFO:[LightGBM] [Warning] No further splits with positive gain, best gain: -inf
2026-03-07 08:24:28,947:INFO:[LightGBM] [Warning] No further splits with positive gain, best gain: -inf
2026-03-07 08:24:28,951:INFO:[LightGBM] [Warning] No further splits with positive gain, best gain: -inf
2026-03-07 08:24:28,951:INFO:[LightGBM] [Warning] No further splits with positive gain, best gain: -inf
2026-03-07 08:24:28,953:INFO:[LightGBM] [Warning] No further splits with positive gain, best gain: -inf
2026-03-07 08:24:28,953:INFO:[LightGBM] [Warning] No further splits with positive gain, best gain: -inf
2026-03-07 08:24:28,955:INFO:[LightGBM] [Warning] No further splits with positive gain, best gain: -inf
2026-03-07 08:24:28,956:INFO:[LightGBM] [Warning] No further splits with positive gain, best gain: -inf
2026-03-07 08:24:28,957:INFO:[LightGBM] [Warning] No further splits with positive gain, best gain: -inf
2026-03-07 08:24:28,957:INFO:[LightGBM] [Warning] No further splits with positive gain, best gain: -inf
2026-03-07 08:24:28,959:INFO:[LightGBM] [Warning] No further splits with positive gain, best gain: -inf
2026-03-07 08:24:28,959:INFO:[LightGBM] [Warning] No further splits with positive gain, best gain: -inf
2026-03-07 08:24:28,959:INFO:[LightGBM] [Warning] No further splits with positive gain, best gain: -inf
2026-03-07 08:24:28,961:INFO:[LightGBM] [Warning] No further splits with positive gain, best gain: -inf
2026-03-07 08:24:28,961:INFO:[LightGBM] [Warning] No further splits with positive gain, best gain: -inf
2026-03-07 08:24:28,961:INFO:[LightGBM] [Warning] No further splits with positive gain, best gain: -inf
2026-03-07 08:24:28,964:INFO:[LightGBM] [Warning] No further splits with positive gain, best gain: -inf
2026-03-07 08:24:28,966:INFO:[LightGBM] [Warning] No further splits with positive gain, best gain: -inf
2026-03-07 08:24:28,967:INFO:[LightGBM] [Warning] No further splits with positive gain, best gain: -inf
2026-03-07 08:24:28,967:INFO:[LightGBM] [Warning] No further splits with positive gain, best gain: -inf
2026-03-07 08:24:28,969:INFO:[LightGBM] [Warning] No further splits with positive gain, best gain: -inf
2026-03-07 08:24:28,973:INFO:[LightGBM] [Warning] No further splits with positive gain, best gain: -inf
2026-03-07 08:24:28,974:INFO:[LightGBM] [Warning] No further splits with positive gain, best gain: -inf
2026-03-07 08:24:28,974:INFO:[LightGBM] [Warning] No further splits with positive gain, best gain: -inf
2026-03-07 08:24:28,975:INFO:[LightGBM] [Warning] No further splits with positive gain, best gain: -inf
2026-03-07 08:24:28,979:INFO:[LightGBM] [Warning] No further splits with positive gain, best gain: -inf
2026-03-07 08:24:28,980:INFO:[LightGBM] [Warning] No further splits with positive gain, best gain: -inf
2026-03-07 08:24:28,980:INFO:[LightGBM] [Warning] No further splits with positive gain, best gain: -inf
2026-03-07 08:24:28,981:INFO:[LightGBM] [Warning] No further splits with positive gain, best gain: -inf
2026-03-07 08:24:28,982:INFO:[LightGBM] [Warning] No further splits with positive gain, best gain: -inf
2026-03-07 08:24:28,982:INFO:[LightGBM] [Warning] No further splits with positive gain, best gain: -inf
2026-03-07 08:24:28,984:INFO:[LightGBM] [Warning] No further splits with positive gain, best gain: -inf
2026-03-07 08:24:28,985:INFO:[LightGBM] [Warning] No further splits with positive gain, best gain: -inf
2026-03-07 08:24:28,987:INFO:[LightGBM] [Warning] No further splits with positive gain, best gain: -inf
2026-03-07 08:24:28,987:INFO:[LightGBM] [Warning] No further splits with positive gain, best gain: -inf
2026-03-07 08:24:28,987:INFO:[LightGBM] [Warning] No further splits with positive gain, best gain: -inf
2026-03-07 08:24:28,989:INFO:[LightGBM] [Warning] No further splits with positive gain, best gain: -inf
2026-03-07 08:24:28,989:INFO:[LightGBM] [Warning] No further splits with positive gain, best gain: -inf
2026-03-07 08:24:28,990:INFO:[LightGBM] [Warning] No further splits with positive gain, best gain: -inf
2026-03-07 08:24:28,990:INFO:[LightGBM] [Warning] No further splits with positive gain, best gain: -inf
2026-03-07 08:24:28,990:INFO:[LightGBM] [Warning] No further splits with positive gain, best gain: -inf
2026-03-07 08:24:28,990:INFO:[LightGBM] [Warning] No further splits with positive gain, best gain: -inf
2026-03-07 08:24:28,994:INFO:[LightGBM] [Warning] No further splits with positive gain, best gain: -inf
2026-03-07 08:24:28,994:INFO:[LightGBM] [Warning] No further splits with positive gain, best gain: -inf
2026-03-07 08:24:28,994:INFO:[LightGBM] [Warning] No further splits with positive gain, best gain: -inf
2026-03-07 08:24:28,994:INFO:[LightGBM] [Warning] No further splits with positive gain, best gain: -inf
2026-03-07 08:24:28,994:INFO:[LightGBM] [Warning] No further splits with positive gain, best gain: -inf
2026-03-07 08:24:28,996:INFO:[LightGBM] [Warning] No further splits with positive gain, best gain: -inf
2026-03-07 08:24:28,996:INFO:[LightGBM] [Warning] No further splits with positive gain, best gain: -inf
2026-03-07 08:24:28,996:INFO:[LightGBM] [Warning] No further splits with positive gain, best gain: -inf
2026-03-07 08:24:28,996:INFO:[LightGBM] [Warning] No further splits with positive gain, best gain: -inf
2026-03-07 08:24:28,998:INFO:[LightGBM] [Warning] No further splits with positive gain, best gain: -inf
2026-03-07 08:24:28,998:INFO:[LightGBM] [Warning] No further splits with positive gain, best gain: -inf
2026-03-07 08:24:29,000:INFO:[LightGBM] [Warning] No further splits with positive gain, best gain: -inf
2026-03-07 08:24:29,000:INFO:[LightGBM] [Warning] No further splits with positive gain, best gain: -inf
2026-03-07 08:24:29,000:INFO:[LightGBM] [Warning] No further splits with positive gain, best gain: -inf
2026-03-07 08:24:29,000:INFO:[LightGBM] [Warning] No further splits with positive gain, best gain: -inf
2026-03-07 08:24:29,000:INFO:[LightGBM] [Warning] No further splits with positive gain, best gain: -inf
2026-03-07 08:24:29,002:INFO:[LightGBM] [Warning] No further splits with positive gain, best gain: -inf
2026-03-07 08:24:29,002:INFO:[LightGBM] [Warning] No further splits with positive gain, best gain: -inf
2026-03-07 08:24:29,002:INFO:[LightGBM] [Warning] No further splits with positive gain, best gain: -inf
2026-03-07 08:24:29,002:INFO:[LightGBM] [Warning] No further splits with positive gain, best gain: -inf
2026-03-07 08:24:29,002:INFO:[LightGBM] [Warning] No further splits with positive gain, best gain: -inf
2026-03-07 08:24:29,004:INFO:[LightGBM] [Warning] No further splits with positive gain, best gain: -inf
2026-03-07 08:24:29,004:INFO:[LightGBM] [Warning] No further splits with positive gain, best gain: -inf
2026-03-07 08:24:29,004:INFO:[LightGBM] [Warning] No further splits with positive gain, best gain: -inf
2026-03-07 08:24:29,007:INFO:[LightGBM] [Warning] No further splits with positive gain, best gain: -inf
2026-03-07 08:24:29,007:INFO:[LightGBM] [Warning] No further splits with positive gain, best gain: -inf
2026-03-07 08:24:29,007:INFO:[LightGBM] [Warning] No further splits with positive gain, best gain: -inf
2026-03-07 08:24:29,007:INFO:[LightGBM] [Warning] No further splits with positive gain, best gain: -inf
2026-03-07 08:24:29,007:INFO:[LightGBM] [Warning] No further splits with positive gain, best gain: -inf
2026-03-07 08:24:29,007:INFO:[LightGBM] [Warning] No further splits with positive gain, best gain: -inf
2026-03-07 08:24:29,009:INFO:[LightGBM] [Warning] No further splits with positive gain, best gain: -inf
2026-03-07 08:24:29,009:INFO:[LightGBM] [Warning] No further splits with positive gain, best gain: -inf
2026-03-07 08:24:29,009:INFO:[LightGBM] [Warning] No further splits with positive gain, best gain: -inf
2026-03-07 08:24:29,009:INFO:[LightGBM] [Warning] No further splits with positive gain, best gain: -inf
2026-03-07 08:24:29,009:INFO:[LightGBM] [Warning] No further splits with positive gain, best gain: -inf
2026-03-07 08:24:29,011:INFO:[LightGBM] [Warning] No further splits with positive gain, best gain: -inf
2026-03-07 08:24:29,013:INFO:[LightGBM] [Warning] No further splits with positive gain, best gain: -inf
2026-03-07 08:24:29,013:INFO:[LightGBM] [Warning] No further splits with positive gain, best gain: -inf
2026-03-07 08:24:29,013:INFO:[LightGBM] [Warning] No further splits with positive gain, best gain: -inf
2026-03-07 08:24:29,013:INFO:[LightGBM] [Warning] No further splits with positive gain, best gain: -inf
2026-03-07 08:24:29,015:INFO:[LightGBM] [Warning] No further splits with positive gain, best gain: -inf
2026-03-07 08:24:29,015:INFO:[LightGBM] [Warning] No further splits with positive gain, best gain: -inf
2026-03-07 08:24:29,015:INFO:[LightGBM] [Warning] No further splits with positive gain, best gain: -inf
2026-03-07 08:24:29,015:INFO:[LightGBM] [Warning] No further splits with positive gain, best gain: -inf
2026-03-07 08:24:29,015:INFO:[LightGBM] [Warning] No further splits with positive gain, best gain: -inf
2026-03-07 08:24:29,015:INFO:[LightGBM] [Warning] No further splits with positive gain, best gain: -inf
2026-03-07 08:24:29,017:INFO:[LightGBM] [Warning] No further splits with positive gain, best gain: -inf
2026-03-07 08:24:29,017:INFO:[LightGBM] [Warning] No further splits with positive gain, best gain: -inf
2026-03-07 08:24:29,017:INFO:[LightGBM] [Warning] No further splits with positive gain, best gain: -inf
2026-03-07 08:24:29,017:INFO:[LightGBM] [Warning] No further splits with positive gain, best gain: -inf
2026-03-07 08:24:29,018:INFO:[LightGBM] [Warning] No further splits with positive gain, best gain: -inf
2026-03-07 08:24:29,019:INFO:[LightGBM] [Warning] No further splits with positive gain, best gain: -inf
2026-03-07 08:24:29,019:INFO:[LightGBM] [Warning] No further splits with positive gain, best gain: -inf
2026-03-07 08:24:29,019:INFO:[LightGBM] [Warning] No further splits with positive gain, best gain: -inf
2026-03-07 08:24:29,021:INFO:[LightGBM] [Warning] No further splits with positive gain, best gain: -inf
2026-03-07 08:24:29,021:INFO:[LightGBM] [Warning] No further splits with positive gain, best gain: -inf
2026-03-07 08:24:29,021:INFO:[LightGBM] [Warning] No further splits with positive gain, best gain: -inf
2026-03-07 08:24:29,021:INFO:[LightGBM] [Warning] No further splits with positive gain, best gain: -inf
2026-03-07 08:24:29,021:INFO:[LightGBM] [Warning] No further splits with positive gain, best gain: -inf
2026-03-07 08:24:29,021:INFO:[LightGBM] [Warning] No further splits with positive gain, best gain: -inf
2026-03-07 08:24:29,023:INFO:[LightGBM] [Warning] No further splits with positive gain, best gain: -inf
2026-03-07 08:24:29,023:INFO:[LightGBM] [Warning] No further splits with positive gain, best gain: -inf
2026-03-07 08:24:29,023:INFO:[LightGBM] [Warning] No further splits with positive gain, best gain: -inf
2026-03-07 08:24:29,023:INFO:[LightGBM] [Warning] No further splits with positive gain, best gain: -inf
2026-03-07 08:24:29,023:INFO:[LightGBM] [Warning] No further splits with positive gain, best gain: -inf
2026-03-07 08:24:29,023:INFO:[LightGBM] [Warning] No further splits with positive gain, best gain: -inf
2026-03-07 08:24:29,023:INFO:[LightGBM] [Warning] No further splits with positive gain, best gain: -inf
2026-03-07 08:24:29,023:INFO:[LightGBM] [Warning] No further splits with positive gain, best gain: -inf
2026-03-07 08:24:29,025:INFO:[LightGBM] [Warning] No further splits with positive gain, best gain: -inf
2026-03-07 08:24:29,025:INFO:[LightGBM] [Warning] No further splits with positive gain, best gain: -inf
2026-03-07 08:24:29,025:INFO:[LightGBM] [Warning] No further splits with positive gain, best gain: -inf
2026-03-07 08:24:29,025:INFO:[LightGBM] [Warning] No further splits with positive gain, best gain: -inf
2026-03-07 08:24:29,025:INFO:[LightGBM] [Warning] No further splits with positive gain, best gain: -inf
2026-03-07 08:24:29,025:INFO:[LightGBM] [Warning] No further splits with positive gain, best gain: -inf
2026-03-07 08:24:29,025:INFO:[LightGBM] [Warning] No further splits with positive gain, best gain: -inf
2026-03-07 08:24:29,029:INFO:[LightGBM] [Warning] No further splits with positive gain, best gain: -inf
2026-03-07 08:24:29,029:INFO:[LightGBM] [Warning] No further splits with positive gain, best gain: -inf
2026-03-07 08:24:29,029:INFO:[LightGBM] [Warning] No further splits with positive gain, best gain: -inf
2026-03-07 08:24:29,085:INFO:LGBMClassifier(boosting_type='gbdt', class_weight=None, colsample_bytree=1.0,
               importance_type='split', learning_rate=0.1, max_depth=-1,
               min_child_samples=20, min_child_weight=0.001, min_split_gain=0.0,
               n_estimators=100, n_jobs=-1, num_leaves=31, objective=None,
               random_state=123, reg_alpha=0.0, reg_lambda=0.0, subsample=1.0,
               subsample_for_bin=200000, subsample_freq=0)
2026-03-07 08:24:29,085:INFO:create_model() successfully completed......................................
2026-03-07 08:24:29,182:INFO:_master_model_container: 14
2026-03-07 08:24:29,182:INFO:_display_container: 2
2026-03-07 08:24:29,182:INFO:LGBMClassifier(boosting_type='gbdt', class_weight=None, colsample_bytree=1.0,
               importance_type='split', learning_rate=0.1, max_depth=-1,
               min_child_samples=20, min_child_weight=0.001, min_split_gain=0.0,
               n_estimators=100, n_jobs=-1, num_leaves=31, objective=None,
               random_state=123, reg_alpha=0.0, reg_lambda=0.0, subsample=1.0,
               subsample_for_bin=200000, subsample_freq=0)
2026-03-07 08:24:29,182:INFO:compare_models() successfully completed......................................
2026-03-07 08:24:48,669:INFO:Initializing create_model()
2026-03-07 08:24:48,669:INFO:create_model(self=<pycaret.classification.oop.ClassificationExperiment object at 0x000001D7306D3CD0>, estimator=rf, fold=None, round=4, cross_validation=True, predict=True, fit_kwargs=None, groups=None, refit=True, probability_threshold=None, experiment_custom_tags=None, verbose=True, system=True, add_to_model_list=True, metrics=None, display=None, model_only=True, return_train_score=False, error_score=0.0, kwargs={})
2026-03-07 08:24:48,669:INFO:Checking exceptions
2026-03-07 08:24:48,679:INFO:Importing libraries
2026-03-07 08:24:48,679:INFO:Copying training dataset
2026-03-07 08:24:48,691:INFO:Defining folds
2026-03-07 08:24:48,691:INFO:Declaring metric variables
2026-03-07 08:24:48,691:INFO:Importing untrained model
2026-03-07 08:24:48,699:INFO:Random Forest Classifier Imported successfully
2026-03-07 08:24:48,707:INFO:Starting cross validation
2026-03-07 08:24:48,707:INFO:Cross validating with StratifiedKFold(n_splits=5, random_state=None, shuffle=False), n_jobs=-1
2026-03-07 08:24:49,176:WARNING:c:\Emergency_traige_final\triage_env2\Lib\site-packages\sklearn\metrics\_classification.py:1561: UserWarning: Note that pos_label (set to 5) is ignored when average != 'binary' (got 'weighted'). You may use labels=[pos_label] to specify a single positive class.
  warnings.warn(

2026-03-07 08:24:49,179:WARNING:c:\Emergency_traige_final\triage_env2\Lib\site-packages\sklearn\metrics\_classification.py:1561: UserWarning: Note that pos_label (set to 5) is ignored when average != 'binary' (got 'weighted'). You may use labels=[pos_label] to specify a single positive class.
  warnings.warn(

2026-03-07 08:24:49,180:WARNING:c:\Emergency_traige_final\triage_env2\Lib\site-packages\sklearn\metrics\_classification.py:1509: UndefinedMetricWarning: Precision is ill-defined and being set to 0.0 in labels with no predicted samples. Use `zero_division` parameter to control this behavior.
  _warn_prf(average, modifier, f"{metric.capitalize()} is", len(result))

2026-03-07 08:24:49,182:WARNING:c:\Emergency_traige_final\triage_env2\Lib\site-packages\sklearn\metrics\_classification.py:1561: UserWarning: Note that pos_label (set to 5) is ignored when average != 'binary' (got 'weighted'). You may use labels=[pos_label] to specify a single positive class.
  warnings.warn(

2026-03-07 08:24:49,183:WARNING:c:\Emergency_traige_final\triage_env2\Lib\site-packages\sklearn\metrics\_classification.py:1561: UserWarning: Note that pos_label (set to 5) is ignored when average != 'binary' (got 'weighted'). You may use labels=[pos_label] to specify a single positive class.
  warnings.warn(

2026-03-07 08:24:49,187:WARNING:c:\Emergency_traige_final\triage_env2\Lib\site-packages\sklearn\metrics\_classification.py:1561: UserWarning: Note that pos_label (set to 5) is ignored when average != 'binary' (got 'weighted'). You may use labels=[pos_label] to specify a single positive class.
  warnings.warn(

2026-03-07 08:24:49,189:WARNING:c:\Emergency_traige_final\triage_env2\Lib\site-packages\sklearn\metrics\_classification.py:1561: UserWarning: Note that pos_label (set to 5) is ignored when average != 'binary' (got 'weighted'). You may use labels=[pos_label] to specify a single positive class.
  warnings.warn(

2026-03-07 08:24:49,189:WARNING:c:\Emergency_traige_final\triage_env2\Lib\site-packages\sklearn\metrics\_classification.py:1509: UndefinedMetricWarning: Precision is ill-defined and being set to 0.0 in labels with no predicted samples. Use `zero_division` parameter to control this behavior.
  _warn_prf(average, modifier, f"{metric.capitalize()} is", len(result))

2026-03-07 08:24:49,189:WARNING:c:\Emergency_traige_final\triage_env2\Lib\site-packages\sklearn\metrics\_classification.py:1561: UserWarning: Note that pos_label (set to 5) is ignored when average != 'binary' (got 'weighted'). You may use labels=[pos_label] to specify a single positive class.
  warnings.warn(

2026-03-07 08:24:49,189:WARNING:c:\Emergency_traige_final\triage_env2\Lib\site-packages\sklearn\metrics\_classification.py:1561: UserWarning: Note that pos_label (set to 5) is ignored when average != 'binary' (got 'weighted'). You may use labels=[pos_label] to specify a single positive class.
  warnings.warn(

2026-03-07 08:24:49,196:WARNING:c:\Emergency_traige_final\triage_env2\Lib\site-packages\sklearn\metrics\_classification.py:1561: UserWarning: Note that pos_label (set to 5) is ignored when average != 'binary' (got 'weighted'). You may use labels=[pos_label] to specify a single positive class.
  warnings.warn(

2026-03-07 08:24:49,210:WARNING:c:\Emergency_traige_final\triage_env2\Lib\site-packages\sklearn\metrics\_classification.py:1561: UserWarning: Note that pos_label (set to 5) is ignored when average != 'binary' (got 'weighted'). You may use labels=[pos_label] to specify a single positive class.
  warnings.warn(

2026-03-07 08:24:49,213:WARNING:c:\Emergency_traige_final\triage_env2\Lib\site-packages\sklearn\metrics\_classification.py:1561: UserWarning: Note that pos_label (set to 5) is ignored when average != 'binary' (got 'weighted'). You may use labels=[pos_label] to specify a single positive class.
  warnings.warn(

2026-03-07 08:24:49,213:WARNING:c:\Emergency_traige_final\triage_env2\Lib\site-packages\sklearn\metrics\_classification.py:1561: UserWarning: Note that pos_label (set to 5) is ignored when average != 'binary' (got 'weighted'). You may use labels=[pos_label] to specify a single positive class.
  warnings.warn(

2026-03-07 08:24:49,277:WARNING:c:\Emergency_traige_final\triage_env2\Lib\site-packages\sklearn\metrics\_classification.py:1561: UserWarning: Note that pos_label (set to 5) is ignored when average != 'binary' (got 'weighted'). You may use labels=[pos_label] to specify a single positive class.
  warnings.warn(

2026-03-07 08:24:49,279:WARNING:c:\Emergency_traige_final\triage_env2\Lib\site-packages\sklearn\metrics\_classification.py:1561: UserWarning: Note that pos_label (set to 5) is ignored when average != 'binary' (got 'weighted'). You may use labels=[pos_label] to specify a single positive class.
  warnings.warn(

2026-03-07 08:24:49,280:WARNING:c:\Emergency_traige_final\triage_env2\Lib\site-packages\sklearn\metrics\_classification.py:1561: UserWarning: Note that pos_label (set to 5) is ignored when average != 'binary' (got 'weighted'). You may use labels=[pos_label] to specify a single positive class.
  warnings.warn(

2026-03-07 08:24:49,291:INFO:Calculating mean and std
2026-03-07 08:24:49,291:INFO:Creating metrics dataframe
2026-03-07 08:24:49,291:INFO:Finalizing model
2026-03-07 08:24:49,600:INFO:Uploading results into container
2026-03-07 08:24:49,600:INFO:Uploading model into container now
2026-03-07 08:24:49,614:INFO:_master_model_container: 15
2026-03-07 08:24:49,614:INFO:_display_container: 3
2026-03-07 08:24:49,614:INFO:RandomForestClassifier(bootstrap=True, ccp_alpha=0.0, class_weight=None,
                       criterion='gini', max_depth=None, max_features='sqrt',
                       max_leaf_nodes=None, max_samples=None,
                       min_impurity_decrease=0.0, min_samples_leaf=1,
                       min_samples_split=2, min_weight_fraction_leaf=0.0,
                       monotonic_cst=None, n_estimators=100, n_jobs=-1,
                       oob_score=False, random_state=123, verbose=0,
                       warm_start=False)
2026-03-07 08:24:49,614:INFO:create_model() successfully completed......................................
2026-03-07 08:25:02,745:INFO:Initializing tune_model()
2026-03-07 08:25:02,745:INFO:tune_model(self=<pycaret.classification.oop.ClassificationExperiment object at 0x000001D7306D3CD0>, estimator=RandomForestClassifier(bootstrap=True, ccp_alpha=0.0, class_weight=None,
                       criterion='gini', max_depth=None, max_features='sqrt',
                       max_leaf_nodes=None, max_samples=None,
                       min_impurity_decrease=0.0, min_samples_leaf=1,
                       min_samples_split=2, min_weight_fraction_leaf=0.0,
                       monotonic_cst=None, n_estimators=100, n_jobs=-1,
                       oob_score=False, random_state=123, verbose=0,
                       warm_start=False), fold=None, round=4, n_iter=10, custom_grid=None, optimize=Accuracy, custom_scorer=None, search_library=scikit-learn, search_algorithm=None, early_stopping=False, early_stopping_max_iters=10, choose_better=True, fit_kwargs=None, groups=None, return_tuner=False, verbose=True, tuner_verbose=True, return_train_score=False, kwargs={})
2026-03-07 08:25:02,745:INFO:Checking exceptions
2026-03-07 08:25:02,769:INFO:Copying training dataset
2026-03-07 08:25:02,775:INFO:Checking base model
2026-03-07 08:25:02,775:INFO:Base model : Random Forest Classifier
2026-03-07 08:25:02,777:INFO:Declaring metric variables
2026-03-07 08:25:02,777:INFO:Defining Hyperparameters
2026-03-07 08:25:02,860:INFO:Tuning with n_jobs=-1
2026-03-07 08:25:02,860:INFO:Initializing RandomizedSearchCV
2026-03-07 08:25:06,836:INFO:best_params: {'actual_estimator__n_estimators': 150, 'actual_estimator__min_samples_split': 10, 'actual_estimator__min_samples_leaf': 5, 'actual_estimator__min_impurity_decrease': 0.0002, 'actual_estimator__max_features': 1.0, 'actual_estimator__max_depth': 5, 'actual_estimator__criterion': 'entropy', 'actual_estimator__class_weight': {}, 'actual_estimator__bootstrap': False}
2026-03-07 08:25:06,836:INFO:Hyperparameter search completed
2026-03-07 08:25:06,836:INFO:SubProcess create_model() called ==================================
2026-03-07 08:25:06,838:INFO:Initializing create_model()
2026-03-07 08:25:06,838:INFO:create_model(self=<pycaret.classification.oop.ClassificationExperiment object at 0x000001D7306D3CD0>, estimator=RandomForestClassifier(bootstrap=True, ccp_alpha=0.0, class_weight=None,
                       criterion='gini', max_depth=None, max_features='sqrt',
                       max_leaf_nodes=None, max_samples=None,
                       min_impurity_decrease=0.0, min_samples_leaf=1,
                       min_samples_split=2, min_weight_fraction_leaf=0.0,
                       monotonic_cst=None, n_estimators=100, n_jobs=-1,
                       oob_score=False, random_state=123, verbose=0,
                       warm_start=False), fold=StratifiedKFold(n_splits=5, random_state=None, shuffle=False), round=4, cross_validation=True, predict=True, fit_kwargs={}, groups=None, refit=True, probability_threshold=None, experiment_custom_tags=None, verbose=True, system=False, add_to_model_list=True, metrics=None, display=<pycaret.internal.display.display.CommonDisplay object at 0x000001D730AAB110>, model_only=True, return_train_score=False, error_score=0.0, kwargs={'n_estimators': 150, 'min_samples_split': 10, 'min_samples_leaf': 5, 'min_impurity_decrease': 0.0002, 'max_features': 1.0, 'max_depth': 5, 'criterion': 'entropy', 'class_weight': {}, 'bootstrap': False})
2026-03-07 08:25:06,838:INFO:Checking exceptions
2026-03-07 08:25:06,838:INFO:Importing libraries
2026-03-07 08:25:06,838:INFO:Copying training dataset
2026-03-07 08:25:06,838:INFO:Defining folds
2026-03-07 08:25:06,838:INFO:Declaring metric variables
2026-03-07 08:25:06,847:INFO:Importing untrained model
2026-03-07 08:25:06,847:INFO:Declaring custom model
2026-03-07 08:25:06,847:INFO:Random Forest Classifier Imported successfully
2026-03-07 08:25:06,854:INFO:Starting cross validation
2026-03-07 08:25:06,862:INFO:Cross validating with StratifiedKFold(n_splits=5, random_state=None, shuffle=False), n_jobs=-1
2026-03-07 08:25:07,535:WARNING:c:\Emergency_traige_final\triage_env2\Lib\site-packages\sklearn\metrics\_classification.py:1561: UserWarning: Note that pos_label (set to 5) is ignored when average != 'binary' (got 'weighted'). You may use labels=[pos_label] to specify a single positive class.
  warnings.warn(

2026-03-07 08:25:07,539:WARNING:c:\Emergency_traige_final\triage_env2\Lib\site-packages\sklearn\metrics\_classification.py:1561: UserWarning: Note that pos_label (set to 5) is ignored when average != 'binary' (got 'weighted'). You may use labels=[pos_label] to specify a single positive class.
  warnings.warn(

2026-03-07 08:25:07,539:WARNING:c:\Emergency_traige_final\triage_env2\Lib\site-packages\sklearn\metrics\_classification.py:1561: UserWarning: Note that pos_label (set to 5) is ignored when average != 'binary' (got 'weighted'). You may use labels=[pos_label] to specify a single positive class.
  warnings.warn(

2026-03-07 08:25:07,542:WARNING:c:\Emergency_traige_final\triage_env2\Lib\site-packages\sklearn\metrics\_classification.py:1561: UserWarning: Note that pos_label (set to 5) is ignored when average != 'binary' (got 'weighted'). You may use labels=[pos_label] to specify a single positive class.
  warnings.warn(

2026-03-07 08:25:07,542:WARNING:c:\Emergency_traige_final\triage_env2\Lib\site-packages\sklearn\metrics\_classification.py:1561: UserWarning: Note that pos_label (set to 5) is ignored when average != 'binary' (got 'weighted'). You may use labels=[pos_label] to specify a single positive class.
  warnings.warn(

2026-03-07 08:25:07,542:WARNING:c:\Emergency_traige_final\triage_env2\Lib\site-packages\sklearn\metrics\_classification.py:1561: UserWarning: Note that pos_label (set to 5) is ignored when average != 'binary' (got 'weighted'). You may use labels=[pos_label] to specify a single positive class.
  warnings.warn(

2026-03-07 08:25:07,548:WARNING:c:\Emergency_traige_final\triage_env2\Lib\site-packages\sklearn\metrics\_classification.py:1561: UserWarning: Note that pos_label (set to 5) is ignored when average != 'binary' (got 'weighted'). You may use labels=[pos_label] to specify a single positive class.
  warnings.warn(

2026-03-07 08:25:07,549:WARNING:c:\Emergency_traige_final\triage_env2\Lib\site-packages\sklearn\metrics\_classification.py:1561: UserWarning: Note that pos_label (set to 5) is ignored when average != 'binary' (got 'weighted'). You may use labels=[pos_label] to specify a single positive class.
  warnings.warn(

2026-03-07 08:25:07,549:WARNING:c:\Emergency_traige_final\triage_env2\Lib\site-packages\sklearn\metrics\_classification.py:1561: UserWarning: Note that pos_label (set to 5) is ignored when average != 'binary' (got 'weighted'). You may use labels=[pos_label] to specify a single positive class.
  warnings.warn(

2026-03-07 08:25:07,604:WARNING:c:\Emergency_traige_final\triage_env2\Lib\site-packages\sklearn\metrics\_classification.py:1561: UserWarning: Note that pos_label (set to 5) is ignored when average != 'binary' (got 'weighted'). You may use labels=[pos_label] to specify a single positive class.
  warnings.warn(

2026-03-07 08:25:07,604:WARNING:c:\Emergency_traige_final\triage_env2\Lib\site-packages\sklearn\metrics\_classification.py:1561: UserWarning: Note that pos_label (set to 5) is ignored when average != 'binary' (got 'weighted'). You may use labels=[pos_label] to specify a single positive class.
  warnings.warn(

2026-03-07 08:25:07,607:WARNING:c:\Emergency_traige_final\triage_env2\Lib\site-packages\sklearn\metrics\_classification.py:1561: UserWarning: Note that pos_label (set to 5) is ignored when average != 'binary' (got 'weighted'). You may use labels=[pos_label] to specify a single positive class.
  warnings.warn(

2026-03-07 08:25:07,616:WARNING:c:\Emergency_traige_final\triage_env2\Lib\site-packages\sklearn\metrics\_classification.py:1561: UserWarning: Note that pos_label (set to 5) is ignored when average != 'binary' (got 'weighted'). You may use labels=[pos_label] to specify a single positive class.
  warnings.warn(

2026-03-07 08:25:07,618:WARNING:c:\Emergency_traige_final\triage_env2\Lib\site-packages\sklearn\metrics\_classification.py:1561: UserWarning: Note that pos_label (set to 5) is ignored when average != 'binary' (got 'weighted'). You may use labels=[pos_label] to specify a single positive class.
  warnings.warn(

2026-03-07 08:25:07,618:WARNING:c:\Emergency_traige_final\triage_env2\Lib\site-packages\sklearn\metrics\_classification.py:1561: UserWarning: Note that pos_label (set to 5) is ignored when average != 'binary' (got 'weighted'). You may use labels=[pos_label] to specify a single positive class.
  warnings.warn(

2026-03-07 08:25:07,632:INFO:Calculating mean and std
2026-03-07 08:25:07,632:INFO:Creating metrics dataframe
2026-03-07 08:25:07,639:INFO:Finalizing model
2026-03-07 08:25:08,032:INFO:Uploading results into container
2026-03-07 08:25:08,035:INFO:Uploading model into container now
2026-03-07 08:25:08,035:INFO:_master_model_container: 16
2026-03-07 08:25:08,035:INFO:_display_container: 4
2026-03-07 08:25:08,035:INFO:RandomForestClassifier(bootstrap=False, ccp_alpha=0.0, class_weight={},
                       criterion='entropy', max_depth=5, max_features=1.0,
                       max_leaf_nodes=None, max_samples=None,
                       min_impurity_decrease=0.0002, min_samples_leaf=5,
                       min_samples_split=10, min_weight_fraction_leaf=0.0,
                       monotonic_cst=None, n_estimators=150, n_jobs=-1,
                       oob_score=False, random_state=123, verbose=0,
                       warm_start=False)
2026-03-07 08:25:08,035:INFO:create_model() successfully completed......................................
2026-03-07 08:25:08,126:INFO:SubProcess create_model() end ==================================
2026-03-07 08:25:08,126:INFO:choose_better activated
2026-03-07 08:25:08,133:INFO:SubProcess create_model() called ==================================
2026-03-07 08:25:08,133:INFO:Initializing create_model()
2026-03-07 08:25:08,133:INFO:create_model(self=<pycaret.classification.oop.ClassificationExperiment object at 0x000001D7306D3CD0>, estimator=RandomForestClassifier(bootstrap=True, ccp_alpha=0.0, class_weight=None,
                       criterion='gini', max_depth=None, max_features='sqrt',
                       max_leaf_nodes=None, max_samples=None,
                       min_impurity_decrease=0.0, min_samples_leaf=1,
                       min_samples_split=2, min_weight_fraction_leaf=0.0,
                       monotonic_cst=None, n_estimators=100, n_jobs=-1,
                       oob_score=False, random_state=123, verbose=0,
                       warm_start=False), fold=StratifiedKFold(n_splits=5, random_state=None, shuffle=False), round=4, cross_validation=True, predict=True, fit_kwargs={}, groups=None, refit=True, probability_threshold=None, experiment_custom_tags=None, verbose=False, system=False, add_to_model_list=True, metrics=None, display=None, model_only=True, return_train_score=False, error_score=0.0, kwargs={})
2026-03-07 08:25:08,138:INFO:Checking exceptions
2026-03-07 08:25:08,140:INFO:Importing libraries
2026-03-07 08:25:08,140:INFO:Copying training dataset
2026-03-07 08:25:08,147:INFO:Defining folds
2026-03-07 08:25:08,147:INFO:Declaring metric variables
2026-03-07 08:25:08,147:INFO:Importing untrained model
2026-03-07 08:25:08,147:INFO:Declaring custom model
2026-03-07 08:25:08,147:INFO:Random Forest Classifier Imported successfully
2026-03-07 08:25:08,147:INFO:Starting cross validation
2026-03-07 08:25:08,153:INFO:Cross validating with StratifiedKFold(n_splits=5, random_state=None, shuffle=False), n_jobs=-1
2026-03-07 08:25:08,597:WARNING:c:\Emergency_traige_final\triage_env2\Lib\site-packages\sklearn\metrics\_classification.py:1561: UserWarning: Note that pos_label (set to 5) is ignored when average != 'binary' (got 'weighted'). You may use labels=[pos_label] to specify a single positive class.
  warnings.warn(

2026-03-07 08:25:08,604:WARNING:c:\Emergency_traige_final\triage_env2\Lib\site-packages\sklearn\metrics\_classification.py:1561: UserWarning: Note that pos_label (set to 5) is ignored when average != 'binary' (got 'weighted'). You may use labels=[pos_label] to specify a single positive class.
  warnings.warn(

2026-03-07 08:25:08,604:WARNING:c:\Emergency_traige_final\triage_env2\Lib\site-packages\sklearn\metrics\_classification.py:1561: UserWarning: Note that pos_label (set to 5) is ignored when average != 'binary' (got 'weighted'). You may use labels=[pos_label] to specify a single positive class.
  warnings.warn(

2026-03-07 08:25:08,606:WARNING:c:\Emergency_traige_final\triage_env2\Lib\site-packages\sklearn\metrics\_classification.py:1561: UserWarning: Note that pos_label (set to 5) is ignored when average != 'binary' (got 'weighted'). You may use labels=[pos_label] to specify a single positive class.
  warnings.warn(

2026-03-07 08:25:08,606:WARNING:c:\Emergency_traige_final\triage_env2\Lib\site-packages\sklearn\metrics\_classification.py:1561: UserWarning: Note that pos_label (set to 5) is ignored when average != 'binary' (got 'weighted'). You may use labels=[pos_label] to specify a single positive class.
  warnings.warn(

2026-03-07 08:25:08,609:WARNING:c:\Emergency_traige_final\triage_env2\Lib\site-packages\sklearn\metrics\_classification.py:1561: UserWarning: Note that pos_label (set to 5) is ignored when average != 'binary' (got 'weighted'). You may use labels=[pos_label] to specify a single positive class.
  warnings.warn(

2026-03-07 08:25:08,633:WARNING:c:\Emergency_traige_final\triage_env2\Lib\site-packages\sklearn\metrics\_classification.py:1561: UserWarning: Note that pos_label (set to 5) is ignored when average != 'binary' (got 'weighted'). You may use labels=[pos_label] to specify a single positive class.
  warnings.warn(

2026-03-07 08:25:08,637:WARNING:c:\Emergency_traige_final\triage_env2\Lib\site-packages\sklearn\metrics\_classification.py:1561: UserWarning: Note that pos_label (set to 5) is ignored when average != 'binary' (got 'weighted'). You may use labels=[pos_label] to specify a single positive class.
  warnings.warn(

2026-03-07 08:25:08,637:WARNING:c:\Emergency_traige_final\triage_env2\Lib\site-packages\sklearn\metrics\_classification.py:1561: UserWarning: Note that pos_label (set to 5) is ignored when average != 'binary' (got 'weighted'). You may use labels=[pos_label] to specify a single positive class.
  warnings.warn(

2026-03-07 08:25:08,639:WARNING:c:\Emergency_traige_final\triage_env2\Lib\site-packages\sklearn\metrics\_classification.py:1509: UndefinedMetricWarning: Precision is ill-defined and being set to 0.0 in labels with no predicted samples. Use `zero_division` parameter to control this behavior.
  _warn_prf(average, modifier, f"{metric.capitalize()} is", len(result))

2026-03-07 08:25:08,639:WARNING:c:\Emergency_traige_final\triage_env2\Lib\site-packages\sklearn\metrics\_classification.py:1561: UserWarning: Note that pos_label (set to 5) is ignored when average != 'binary' (got 'weighted'). You may use labels=[pos_label] to specify a single positive class.
  warnings.warn(

2026-03-07 08:25:08,639:WARNING:c:\Emergency_traige_final\triage_env2\Lib\site-packages\sklearn\metrics\_classification.py:1561: UserWarning: Note that pos_label (set to 5) is ignored when average != 'binary' (got 'weighted'). You may use labels=[pos_label] to specify a single positive class.
  warnings.warn(

2026-03-07 08:25:08,639:WARNING:c:\Emergency_traige_final\triage_env2\Lib\site-packages\sklearn\metrics\_classification.py:1509: UndefinedMetricWarning: Precision is ill-defined and being set to 0.0 in labels with no predicted samples. Use `zero_division` parameter to control this behavior.
  _warn_prf(average, modifier, f"{metric.capitalize()} is", len(result))

2026-03-07 08:25:08,639:WARNING:c:\Emergency_traige_final\triage_env2\Lib\site-packages\sklearn\metrics\_classification.py:1561: UserWarning: Note that pos_label (set to 5) is ignored when average != 'binary' (got 'weighted'). You may use labels=[pos_label] to specify a single positive class.
  warnings.warn(

2026-03-07 08:25:08,660:WARNING:c:\Emergency_traige_final\triage_env2\Lib\site-packages\sklearn\metrics\_classification.py:1561: UserWarning: Note that pos_label (set to 5) is ignored when average != 'binary' (got 'weighted'). You may use labels=[pos_label] to specify a single positive class.
  warnings.warn(

2026-03-07 08:25:08,662:WARNING:c:\Emergency_traige_final\triage_env2\Lib\site-packages\sklearn\metrics\_classification.py:1561: UserWarning: Note that pos_label (set to 5) is ignored when average != 'binary' (got 'weighted'). You may use labels=[pos_label] to specify a single positive class.
  warnings.warn(

2026-03-07 08:25:08,664:WARNING:c:\Emergency_traige_final\triage_env2\Lib\site-packages\sklearn\metrics\_classification.py:1561: UserWarning: Note that pos_label (set to 5) is ignored when average != 'binary' (got 'weighted'). You may use labels=[pos_label] to specify a single positive class.
  warnings.warn(

2026-03-07 08:25:08,678:INFO:Calculating mean and std
2026-03-07 08:25:08,678:INFO:Creating metrics dataframe
2026-03-07 08:25:08,680:INFO:Finalizing model
2026-03-07 08:25:09,032:INFO:Uploading results into container
2026-03-07 08:25:09,034:INFO:Uploading model into container now
2026-03-07 08:25:09,034:INFO:_master_model_container: 17
2026-03-07 08:25:09,034:INFO:_display_container: 5
2026-03-07 08:25:09,034:INFO:RandomForestClassifier(bootstrap=True, ccp_alpha=0.0, class_weight=None,
                       criterion='gini', max_depth=None, max_features='sqrt',
                       max_leaf_nodes=None, max_samples=None,
                       min_impurity_decrease=0.0, min_samples_leaf=1,
                       min_samples_split=2, min_weight_fraction_leaf=0.0,
                       monotonic_cst=None, n_estimators=100, n_jobs=-1,
                       oob_score=False, random_state=123, verbose=0,
                       warm_start=False)
2026-03-07 08:25:09,034:INFO:create_model() successfully completed......................................
2026-03-07 08:25:09,131:INFO:SubProcess create_model() end ==================================
2026-03-07 08:25:09,131:INFO:RandomForestClassifier(bootstrap=True, ccp_alpha=0.0, class_weight=None,
                       criterion='gini', max_depth=None, max_features='sqrt',
                       max_leaf_nodes=None, max_samples=None,
                       min_impurity_decrease=0.0, min_samples_leaf=1,
                       min_samples_split=2, min_weight_fraction_leaf=0.0,
                       monotonic_cst=None, n_estimators=100, n_jobs=-1,
                       oob_score=False, random_state=123, verbose=0,
                       warm_start=False) result for Accuracy is 0.8025
2026-03-07 08:25:09,131:INFO:RandomForestClassifier(bootstrap=False, ccp_alpha=0.0, class_weight={},
                       criterion='entropy', max_depth=5, max_features=1.0,
                       max_leaf_nodes=None, max_samples=None,
                       min_impurity_decrease=0.0002, min_samples_leaf=5,
                       min_samples_split=10, min_weight_fraction_leaf=0.0,
                       monotonic_cst=None, n_estimators=150, n_jobs=-1,
                       oob_score=False, random_state=123, verbose=0,
                       warm_start=False) result for Accuracy is 0.9593
2026-03-07 08:25:09,131:INFO:RandomForestClassifier(bootstrap=False, ccp_alpha=0.0, class_weight={},
                       criterion='entropy', max_depth=5, max_features=1.0,
                       max_leaf_nodes=None, max_samples=None,
                       min_impurity_decrease=0.0002, min_samples_leaf=5,
                       min_samples_split=10, min_weight_fraction_leaf=0.0,
                       monotonic_cst=None, n_estimators=150, n_jobs=-1,
                       oob_score=False, random_state=123, verbose=0,
                       warm_start=False) is best model
2026-03-07 08:25:09,131:INFO:choose_better completed
2026-03-07 08:25:09,154:INFO:_master_model_container: 17
2026-03-07 08:25:09,154:INFO:_display_container: 4
2026-03-07 08:25:09,154:INFO:RandomForestClassifier(bootstrap=False, ccp_alpha=0.0, class_weight={},
                       criterion='entropy', max_depth=5, max_features=1.0,
                       max_leaf_nodes=None, max_samples=None,
                       min_impurity_decrease=0.0002, min_samples_leaf=5,
                       min_samples_split=10, min_weight_fraction_leaf=0.0,
                       monotonic_cst=None, n_estimators=150, n_jobs=-1,
                       oob_score=False, random_state=123, verbose=0,
                       warm_start=False)
2026-03-07 08:25:09,154:INFO:tune_model() successfully completed......................................
2026-03-07 08:25:27,230:INFO:Initializing plot_model()
2026-03-07 08:25:27,230:INFO:plot_model(self=<pycaret.classification.oop.ClassificationExperiment object at 0x000001D7306D3CD0>, estimator=RandomForestClassifier(bootstrap=False, ccp_alpha=0.0, class_weight={},
                       criterion='entropy', max_depth=5, max_features=1.0,
                       max_leaf_nodes=None, max_samples=None,
                       min_impurity_decrease=0.0002, min_samples_leaf=5,
                       min_samples_split=10, min_weight_fraction_leaf=0.0,
                       monotonic_cst=None, n_estimators=150, n_jobs=-1,
                       oob_score=False, random_state=123, verbose=0,
                       warm_start=False), plot=error, scale=1, save=False, fold=None, fit_kwargs=None, plot_kwargs=None, groups=None, feature_name=None, label=False, verbose=True, system=True, display=None, display_format=None)
2026-03-07 08:25:27,230:INFO:Checking exceptions
2026-03-07 08:25:27,271:INFO:Preloading libraries
2026-03-07 08:25:27,282:INFO:Copying training dataset
2026-03-07 08:25:27,282:INFO:Plot type: error
2026-03-07 08:25:27,434:INFO:Fitting Model
2026-03-07 08:25:27,460:WARNING:c:\Emergency_traige_final\triage_env2\Lib\site-packages\sklearn\base.py:493: UserWarning: X does not have valid feature names, but RandomForestClassifier was fitted with feature names
  warnings.warn(

2026-03-07 08:25:27,462:INFO:Scoring test/hold-out set
2026-03-07 08:25:27,880:INFO:Visual Rendered Successfully
2026-03-07 08:25:28,000:INFO:plot_model() successfully completed......................................
2026-03-07 08:25:40,153:INFO:Initializing plot_model()
2026-03-07 08:25:40,159:INFO:plot_model(self=<pycaret.classification.oop.ClassificationExperiment object at 0x000001D7306D3CD0>, estimator=RandomForestClassifier(bootstrap=False, ccp_alpha=0.0, class_weight={},
                       criterion='entropy', max_depth=5, max_features=1.0,
                       max_leaf_nodes=None, max_samples=None,
                       min_impurity_decrease=0.0002, min_samples_leaf=5,
                       min_samples_split=10, min_weight_fraction_leaf=0.0,
                       monotonic_cst=None, n_estimators=150, n_jobs=-1,
                       oob_score=False, random_state=123, verbose=0,
                       warm_start=False), plot=confusion_matrix, scale=1, save=False, fold=None, fit_kwargs=None, plot_kwargs=None, groups=None, feature_name=None, label=False, verbose=True, system=True, display=None, display_format=None)
2026-03-07 08:25:40,159:INFO:Checking exceptions
2026-03-07 08:25:40,204:INFO:Preloading libraries
2026-03-07 08:25:40,217:INFO:Copying training dataset
2026-03-07 08:25:40,217:INFO:Plot type: confusion_matrix
2026-03-07 08:25:40,379:INFO:Fitting Model
2026-03-07 08:25:40,379:WARNING:c:\Emergency_traige_final\triage_env2\Lib\site-packages\sklearn\base.py:493: UserWarning: X does not have valid feature names, but RandomForestClassifier was fitted with feature names
  warnings.warn(

2026-03-07 08:25:40,379:INFO:Scoring test/hold-out set
2026-03-07 08:25:40,611:INFO:Visual Rendered Successfully
2026-03-07 08:25:40,749:INFO:plot_model() successfully completed......................................
2026-03-07 08:25:50,513:INFO:Initializing plot_model()
2026-03-07 08:25:50,513:INFO:plot_model(self=<pycaret.classification.oop.ClassificationExperiment object at 0x000001D7306D3CD0>, estimator=RandomForestClassifier(bootstrap=False, ccp_alpha=0.0, class_weight={},
                       criterion='entropy', max_depth=5, max_features=1.0,
                       max_leaf_nodes=None, max_samples=None,
                       min_impurity_decrease=0.0002, min_samples_leaf=5,
                       min_samples_split=10, min_weight_fraction_leaf=0.0,
                       monotonic_cst=None, n_estimators=150, n_jobs=-1,
                       oob_score=False, random_state=123, verbose=0,
                       warm_start=False), plot=auc, scale=1, save=False, fold=None, fit_kwargs=None, plot_kwargs=None, groups=None, feature_name=None, label=False, verbose=True, system=True, display=None, display_format=None)
2026-03-07 08:25:50,513:INFO:Checking exceptions
2026-03-07 08:25:50,558:INFO:Preloading libraries
2026-03-07 08:25:50,565:INFO:Copying training dataset
2026-03-07 08:25:50,570:INFO:Plot type: auc
2026-03-07 08:25:50,709:INFO:Fitting Model
2026-03-07 08:25:50,709:WARNING:c:\Emergency_traige_final\triage_env2\Lib\site-packages\sklearn\base.py:493: UserWarning: X does not have valid feature names, but RandomForestClassifier was fitted with feature names
  warnings.warn(

2026-03-07 08:25:50,709:INFO:Scoring test/hold-out set
2026-03-07 08:25:51,010:INFO:Visual Rendered Successfully
2026-03-07 08:25:51,219:INFO:plot_model() successfully completed......................................
2026-03-07 08:25:57,658:INFO:Initializing save_model()
2026-03-07 08:25:57,658:INFO:save_model(model=RandomForestClassifier(bootstrap=False, ccp_alpha=0.0, class_weight={},
                       criterion='entropy', max_depth=5, max_features=1.0,
                       max_leaf_nodes=None, max_samples=None,
                       min_impurity_decrease=0.0002, min_samples_leaf=5,
                       min_samples_split=10, min_weight_fraction_leaf=0.0,
                       monotonic_cst=None, n_estimators=150, n_jobs=-1,
                       oob_score=False, random_state=123, verbose=0,
                       warm_start=False), model_name=df_diabetes, prep_pipe_=Pipeline(memory=FastMemory(location=C:\Users\Khushal\AppData\Local\Temp\joblib),
         steps=[('label_encoding',
                 TransformerWrapperWithInverse(exclude=None, include=None,
                                               transformer=LabelEncoder())),
                ('numerical_imputer',
                 TransformerWrapper(exclude=None,
                                    include=['Group', 'Sex', 'Age',
                                             'Patients number per hour',
                                             'Arrival mode', 'Injury', 'Mental',
                                             'Pain', 'KTAS_RN', 'Disp...
                                                                    'DBP', 'HR',
                                                                    'BT',
                                                                    'Diagnosis '
                                                                    'in ED',
                                                                    'KTAS '
                                                                    'duration_min'],
                                                              drop_invariant=False,
                                                              handle_missing='return_nan',
                                                              handle_unknown='value',
                                                              hierarchy=None,
                                                              min_samples_leaf=20,
                                                              return_df=True,
                                                              smoothing=10,
                                                              verbose=0))),
                ('clean_column_names',
                 TransformerWrapper(exclude=None, include=None,
                                    transformer=CleanColumnNames(match='[\\]\\[\\,\\{\\}\\"\\:]+')))],
         verbose=False), verbose=True, use_case=MLUsecase.CLASSIFICATION, kwargs={})
2026-03-07 08:25:57,659:INFO:Adding model into prep_pipe
2026-03-07 08:25:57,729:INFO:df_diabetes.pkl saved in current working directory
2026-03-07 08:25:57,736:INFO:Pipeline(memory=Memory(location=None),
         steps=[('label_encoding',
                 TransformerWrapperWithInverse(exclude=None, include=None,
                                               transformer=LabelEncoder())),
                ('numerical_imputer',
                 TransformerWrapper(exclude=None,
                                    include=['Group', 'Sex', 'Age',
                                             'Patients number per hour',
                                             'Arrival mode', 'Injury', 'Mental',
                                             'Pain', 'KTAS_RN', 'Disposition',
                                             'Error_group',
                                             'Length of stay_min',...
                 RandomForestClassifier(bootstrap=False, ccp_alpha=0.0,
                                        class_weight={}, criterion='entropy',
                                        max_depth=5, max_features=1.0,
                                        max_leaf_nodes=None, max_samples=None,
                                        min_impurity_decrease=0.0002,
                                        min_samples_leaf=5,
                                        min_samples_split=10,
                                        min_weight_fraction_leaf=0.0,
                                        monotonic_cst=None, n_estimators=150,
                                        n_jobs=-1, oob_score=False,
                                        random_state=123, verbose=0,
                                        warm_start=False))],
         verbose=False)
2026-03-07 08:25:57,736:INFO:save_model() successfully completed......................................
2026-03-07 08:27:36,858:INFO:Initializing save_model()
2026-03-07 08:27:36,858:INFO:save_model(model=RandomForestClassifier(bootstrap=False, ccp_alpha=0.0, class_weight={},
                       criterion='entropy', max_depth=5, max_features=1.0,
                       max_leaf_nodes=None, max_samples=None,
                       min_impurity_decrease=0.0002, min_samples_leaf=5,
                       min_samples_split=10, min_weight_fraction_leaf=0.0,
                       monotonic_cst=None, n_estimators=150, n_jobs=-1,
                       oob_score=False, random_state=123, verbose=0,
                       warm_start=False), model_name=emergency_traige_pycaret_rf_model, prep_pipe_=Pipeline(memory=FastMemory(location=C:\Users\Khushal\AppData\Local\Temp\joblib),
         steps=[('label_encoding',
                 TransformerWrapperWithInverse(exclude=None, include=None,
                                               transformer=LabelEncoder())),
                ('numerical_imputer',
                 TransformerWrapper(exclude=None,
                                    include=['Group', 'Sex', 'Age',
                                             'Patients number per hour',
                                             'Arrival mode', 'Injury', 'Mental',
                                             'Pain', 'KTAS_RN', 'Disp...
                                                                    'DBP', 'HR',
                                                                    'BT',
                                                                    'Diagnosis '
                                                                    'in ED',
                                                                    'KTAS '
                                                                    'duration_min'],
                                                              drop_invariant=False,
                                                              handle_missing='return_nan',
                                                              handle_unknown='value',
                                                              hierarchy=None,
                                                              min_samples_leaf=20,
                                                              return_df=True,
                                                              smoothing=10,
                                                              verbose=0))),
                ('clean_column_names',
                 TransformerWrapper(exclude=None, include=None,
                                    transformer=CleanColumnNames(match='[\\]\\[\\,\\{\\}\\"\\:]+')))],
         verbose=False), verbose=True, use_case=MLUsecase.CLASSIFICATION, kwargs={})
2026-03-07 08:27:36,858:INFO:Adding model into prep_pipe
2026-03-07 08:27:36,911:INFO:emergency_traige_pycaret_rf_model.pkl saved in current working directory
2026-03-07 08:27:36,918:INFO:Pipeline(memory=Memory(location=None),
         steps=[('label_encoding',
                 TransformerWrapperWithInverse(exclude=None, include=None,
                                               transformer=LabelEncoder())),
                ('numerical_imputer',
                 TransformerWrapper(exclude=None,
                                    include=['Group', 'Sex', 'Age',
                                             'Patients number per hour',
                                             'Arrival mode', 'Injury', 'Mental',
                                             'Pain', 'KTAS_RN', 'Disposition',
                                             'Error_group',
                                             'Length of stay_min',...
                 RandomForestClassifier(bootstrap=False, ccp_alpha=0.0,
                                        class_weight={}, criterion='entropy',
                                        max_depth=5, max_features=1.0,
                                        max_leaf_nodes=None, max_samples=None,
                                        min_impurity_decrease=0.0002,
                                        min_samples_leaf=5,
                                        min_samples_split=10,
                                        min_weight_fraction_leaf=0.0,
                                        monotonic_cst=None, n_estimators=150,
                                        n_jobs=-1, oob_score=False,
                                        random_state=123, verbose=0,
                                        warm_start=False))],
         verbose=False)
2026-03-07 08:27:36,918:INFO:save_model() successfully completed......................................
2026-03-07 08:29:17,139:INFO:Initializing create_model()
2026-03-07 08:29:17,139:INFO:create_model(self=<pycaret.classification.oop.ClassificationExperiment object at 0x000001D7306D3CD0>, estimator=dt, fold=None, round=4, cross_validation=True, predict=True, fit_kwargs=None, groups=None, refit=True, probability_threshold=None, experiment_custom_tags=None, verbose=True, system=True, add_to_model_list=True, metrics=None, display=None, model_only=True, return_train_score=False, error_score=0.0, kwargs={})
2026-03-07 08:29:17,139:INFO:Checking exceptions
2026-03-07 08:29:17,156:INFO:Importing libraries
2026-03-07 08:29:17,156:INFO:Copying training dataset
2026-03-07 08:29:17,164:INFO:Defining folds
2026-03-07 08:29:17,164:INFO:Declaring metric variables
2026-03-07 08:29:17,167:INFO:Importing untrained model
2026-03-07 08:29:17,167:INFO:Decision Tree Classifier Imported successfully
2026-03-07 08:29:17,177:INFO:Starting cross validation
2026-03-07 08:29:17,180:INFO:Cross validating with StratifiedKFold(n_splits=5, random_state=None, shuffle=False), n_jobs=-1
2026-03-07 08:29:17,418:WARNING:c:\Emergency_traige_final\triage_env2\Lib\site-packages\sklearn\metrics\_classification.py:1561: UserWarning: Note that pos_label (set to 5) is ignored when average != 'binary' (got 'weighted'). You may use labels=[pos_label] to specify a single positive class.
  warnings.warn(

2026-03-07 08:29:17,418:WARNING:c:\Emergency_traige_final\triage_env2\Lib\site-packages\sklearn\metrics\_classification.py:1561: UserWarning: Note that pos_label (set to 5) is ignored when average != 'binary' (got 'weighted'). You may use labels=[pos_label] to specify a single positive class.
  warnings.warn(

2026-03-07 08:29:17,425:WARNING:c:\Emergency_traige_final\triage_env2\Lib\site-packages\sklearn\metrics\_classification.py:1561: UserWarning: Note that pos_label (set to 5) is ignored when average != 'binary' (got 'weighted'). You may use labels=[pos_label] to specify a single positive class.
  warnings.warn(

2026-03-07 08:29:17,427:WARNING:c:\Emergency_traige_final\triage_env2\Lib\site-packages\sklearn\metrics\_classification.py:1561: UserWarning: Note that pos_label (set to 5) is ignored when average != 'binary' (got 'weighted'). You may use labels=[pos_label] to specify a single positive class.
  warnings.warn(

2026-03-07 08:29:17,428:WARNING:c:\Emergency_traige_final\triage_env2\Lib\site-packages\sklearn\metrics\_classification.py:1561: UserWarning: Note that pos_label (set to 5) is ignored when average != 'binary' (got 'weighted'). You may use labels=[pos_label] to specify a single positive class.
  warnings.warn(

2026-03-07 08:29:17,428:WARNING:c:\Emergency_traige_final\triage_env2\Lib\site-packages\sklearn\metrics\_classification.py:1561: UserWarning: Note that pos_label (set to 5) is ignored when average != 'binary' (got 'weighted'). You may use labels=[pos_label] to specify a single positive class.
  warnings.warn(

2026-03-07 08:29:17,451:WARNING:c:\Emergency_traige_final\triage_env2\Lib\site-packages\sklearn\metrics\_classification.py:1561: UserWarning: Note that pos_label (set to 5) is ignored when average != 'binary' (got 'weighted'). You may use labels=[pos_label] to specify a single positive class.
  warnings.warn(

2026-03-07 08:29:17,452:WARNING:c:\Emergency_traige_final\triage_env2\Lib\site-packages\sklearn\metrics\_classification.py:1561: UserWarning: Note that pos_label (set to 5) is ignored when average != 'binary' (got 'weighted'). You may use labels=[pos_label] to specify a single positive class.
  warnings.warn(

2026-03-07 08:29:17,452:WARNING:c:\Emergency_traige_final\triage_env2\Lib\site-packages\sklearn\metrics\_classification.py:1561: UserWarning: Note that pos_label (set to 5) is ignored when average != 'binary' (got 'weighted'). You may use labels=[pos_label] to specify a single positive class.
  warnings.warn(

2026-03-07 08:29:17,454:WARNING:c:\Emergency_traige_final\triage_env2\Lib\site-packages\sklearn\metrics\_classification.py:1561: UserWarning: Note that pos_label (set to 5) is ignored when average != 'binary' (got 'weighted'). You may use labels=[pos_label] to specify a single positive class.
  warnings.warn(

2026-03-07 08:29:17,454:WARNING:c:\Emergency_traige_final\triage_env2\Lib\site-packages\sklearn\metrics\_classification.py:1561: UserWarning: Note that pos_label (set to 5) is ignored when average != 'binary' (got 'weighted'). You may use labels=[pos_label] to specify a single positive class.
  warnings.warn(

2026-03-07 08:29:17,456:WARNING:c:\Emergency_traige_final\triage_env2\Lib\site-packages\sklearn\metrics\_classification.py:1561: UserWarning: Note that pos_label (set to 5) is ignored when average != 'binary' (got 'weighted'). You may use labels=[pos_label] to specify a single positive class.
  warnings.warn(

2026-03-07 08:29:17,456:WARNING:c:\Emergency_traige_final\triage_env2\Lib\site-packages\sklearn\metrics\_classification.py:1561: UserWarning: Note that pos_label (set to 5) is ignored when average != 'binary' (got 'weighted'). You may use labels=[pos_label] to specify a single positive class.
  warnings.warn(

2026-03-07 08:29:17,459:WARNING:c:\Emergency_traige_final\triage_env2\Lib\site-packages\sklearn\metrics\_classification.py:1561: UserWarning: Note that pos_label (set to 5) is ignored when average != 'binary' (got 'weighted'). You may use labels=[pos_label] to specify a single positive class.
  warnings.warn(

2026-03-07 08:29:17,461:WARNING:c:\Emergency_traige_final\triage_env2\Lib\site-packages\sklearn\metrics\_classification.py:1561: UserWarning: Note that pos_label (set to 5) is ignored when average != 'binary' (got 'weighted'). You may use labels=[pos_label] to specify a single positive class.
  warnings.warn(

2026-03-07 08:29:17,469:INFO:Calculating mean and std
2026-03-07 08:29:17,469:INFO:Creating metrics dataframe
2026-03-07 08:29:17,473:INFO:Finalizing model
2026-03-07 08:29:17,628:INFO:Uploading results into container
2026-03-07 08:29:17,628:INFO:Uploading model into container now
2026-03-07 08:29:17,638:INFO:_master_model_container: 18
2026-03-07 08:29:17,638:INFO:_display_container: 5
2026-03-07 08:29:17,638:INFO:DecisionTreeClassifier(ccp_alpha=0.0, class_weight=None, criterion='gini',
                       max_depth=None, max_features=None, max_leaf_nodes=None,
                       min_impurity_decrease=0.0, min_samples_leaf=1,
                       min_samples_split=2, min_weight_fraction_leaf=0.0,
                       monotonic_cst=None, random_state=123, splitter='best')
2026-03-07 08:29:17,638:INFO:create_model() successfully completed......................................
2026-03-07 08:29:23,124:INFO:Initializing tune_model()
2026-03-07 08:29:23,124:INFO:tune_model(self=<pycaret.classification.oop.ClassificationExperiment object at 0x000001D7306D3CD0>, estimator=DecisionTreeClassifier(ccp_alpha=0.0, class_weight=None, criterion='gini',
                       max_depth=None, max_features=None, max_leaf_nodes=None,
                       min_impurity_decrease=0.0, min_samples_leaf=1,
                       min_samples_split=2, min_weight_fraction_leaf=0.0,
                       monotonic_cst=None, random_state=123, splitter='best'), fold=None, round=4, n_iter=10, custom_grid=None, optimize=Accuracy, custom_scorer=None, search_library=scikit-learn, search_algorithm=None, early_stopping=False, early_stopping_max_iters=10, choose_better=True, fit_kwargs=None, groups=None, return_tuner=False, verbose=True, tuner_verbose=True, return_train_score=False, kwargs={})
2026-03-07 08:29:23,124:INFO:Checking exceptions
2026-03-07 08:29:23,149:INFO:Copying training dataset
2026-03-07 08:29:23,154:INFO:Checking base model
2026-03-07 08:29:23,154:INFO:Base model : Decision Tree Classifier
2026-03-07 08:29:23,157:INFO:Declaring metric variables
2026-03-07 08:29:23,157:INFO:Defining Hyperparameters
2026-03-07 08:29:23,293:INFO:Tuning with n_jobs=-1
2026-03-07 08:29:23,293:INFO:Initializing RandomizedSearchCV
2026-03-07 08:29:24,785:INFO:best_params: {'actual_estimator__min_samples_split': 5, 'actual_estimator__min_samples_leaf': 5, 'actual_estimator__min_impurity_decrease': 0.002, 'actual_estimator__max_features': 1.0, 'actual_estimator__max_depth': 6, 'actual_estimator__criterion': 'entropy'}
2026-03-07 08:29:24,785:INFO:Hyperparameter search completed
2026-03-07 08:29:24,785:INFO:SubProcess create_model() called ==================================
2026-03-07 08:29:24,785:INFO:Initializing create_model()
2026-03-07 08:29:24,785:INFO:create_model(self=<pycaret.classification.oop.ClassificationExperiment object at 0x000001D7306D3CD0>, estimator=DecisionTreeClassifier(ccp_alpha=0.0, class_weight=None, criterion='gini',
                       max_depth=None, max_features=None, max_leaf_nodes=None,
                       min_impurity_decrease=0.0, min_samples_leaf=1,
                       min_samples_split=2, min_weight_fraction_leaf=0.0,
                       monotonic_cst=None, random_state=123, splitter='best'), fold=StratifiedKFold(n_splits=5, random_state=None, shuffle=False), round=4, cross_validation=True, predict=True, fit_kwargs={}, groups=None, refit=True, probability_threshold=None, experiment_custom_tags=None, verbose=True, system=False, add_to_model_list=True, metrics=None, display=<pycaret.internal.display.display.CommonDisplay object at 0x000001D7306D3A10>, model_only=True, return_train_score=False, error_score=0.0, kwargs={'min_samples_split': 5, 'min_samples_leaf': 5, 'min_impurity_decrease': 0.002, 'max_features': 1.0, 'max_depth': 6, 'criterion': 'entropy'})
2026-03-07 08:29:24,785:INFO:Checking exceptions
2026-03-07 08:29:24,785:INFO:Importing libraries
2026-03-07 08:29:24,785:INFO:Copying training dataset
2026-03-07 08:29:24,791:INFO:Defining folds
2026-03-07 08:29:24,791:INFO:Declaring metric variables
2026-03-07 08:29:24,794:INFO:Importing untrained model
2026-03-07 08:29:24,794:INFO:Declaring custom model
2026-03-07 08:29:24,799:INFO:Decision Tree Classifier Imported successfully
2026-03-07 08:29:24,806:INFO:Starting cross validation
2026-03-07 08:29:24,810:INFO:Cross validating with StratifiedKFold(n_splits=5, random_state=None, shuffle=False), n_jobs=-1
2026-03-07 08:29:24,991:WARNING:c:\Emergency_traige_final\triage_env2\Lib\site-packages\sklearn\metrics\_classification.py:1561: UserWarning: Note that pos_label (set to 5) is ignored when average != 'binary' (got 'weighted'). You may use labels=[pos_label] to specify a single positive class.
  warnings.warn(

2026-03-07 08:29:24,994:WARNING:c:\Emergency_traige_final\triage_env2\Lib\site-packages\sklearn\metrics\_classification.py:1561: UserWarning: Note that pos_label (set to 5) is ignored when average != 'binary' (got 'weighted'). You may use labels=[pos_label] to specify a single positive class.
  warnings.warn(

2026-03-07 08:29:24,994:WARNING:c:\Emergency_traige_final\triage_env2\Lib\site-packages\sklearn\metrics\_classification.py:1561: UserWarning: Note that pos_label (set to 5) is ignored when average != 'binary' (got 'weighted'). You may use labels=[pos_label] to specify a single positive class.
  warnings.warn(

2026-03-07 08:29:25,001:WARNING:c:\Emergency_traige_final\triage_env2\Lib\site-packages\sklearn\metrics\_classification.py:1561: UserWarning: Note that pos_label (set to 5) is ignored when average != 'binary' (got 'weighted'). You may use labels=[pos_label] to specify a single positive class.
  warnings.warn(

2026-03-07 08:29:25,001:WARNING:c:\Emergency_traige_final\triage_env2\Lib\site-packages\sklearn\metrics\_classification.py:1561: UserWarning: Note that pos_label (set to 5) is ignored when average != 'binary' (got 'weighted'). You may use labels=[pos_label] to specify a single positive class.
  warnings.warn(

2026-03-07 08:29:25,005:WARNING:c:\Emergency_traige_final\triage_env2\Lib\site-packages\sklearn\metrics\_classification.py:1561: UserWarning: Note that pos_label (set to 5) is ignored when average != 'binary' (got 'weighted'). You may use labels=[pos_label] to specify a single positive class.
  warnings.warn(

2026-03-07 08:29:25,007:WARNING:c:\Emergency_traige_final\triage_env2\Lib\site-packages\sklearn\metrics\_classification.py:1561: UserWarning: Note that pos_label (set to 5) is ignored when average != 'binary' (got 'weighted'). You may use labels=[pos_label] to specify a single positive class.
  warnings.warn(

2026-03-07 08:29:25,007:WARNING:c:\Emergency_traige_final\triage_env2\Lib\site-packages\sklearn\metrics\_classification.py:1561: UserWarning: Note that pos_label (set to 5) is ignored when average != 'binary' (got 'weighted'). You may use labels=[pos_label] to specify a single positive class.
  warnings.warn(

2026-03-07 08:29:25,010:WARNING:c:\Emergency_traige_final\triage_env2\Lib\site-packages\sklearn\metrics\_classification.py:1561: UserWarning: Note that pos_label (set to 5) is ignored when average != 'binary' (got 'weighted'). You may use labels=[pos_label] to specify a single positive class.
  warnings.warn(

2026-03-07 08:29:25,010:WARNING:c:\Emergency_traige_final\triage_env2\Lib\site-packages\sklearn\metrics\_classification.py:1561: UserWarning: Note that pos_label (set to 5) is ignored when average != 'binary' (got 'weighted'). You may use labels=[pos_label] to specify a single positive class.
  warnings.warn(

2026-03-07 08:29:25,015:WARNING:c:\Emergency_traige_final\triage_env2\Lib\site-packages\sklearn\metrics\_classification.py:1561: UserWarning: Note that pos_label (set to 5) is ignored when average != 'binary' (got 'weighted'). You may use labels=[pos_label] to specify a single positive class.
  warnings.warn(

2026-03-07 08:29:25,015:WARNING:c:\Emergency_traige_final\triage_env2\Lib\site-packages\sklearn\metrics\_classification.py:1561: UserWarning: Note that pos_label (set to 5) is ignored when average != 'binary' (got 'weighted'). You may use labels=[pos_label] to specify a single positive class.
  warnings.warn(

2026-03-07 08:29:25,023:WARNING:c:\Emergency_traige_final\triage_env2\Lib\site-packages\sklearn\metrics\_classification.py:1561: UserWarning: Note that pos_label (set to 5) is ignored when average != 'binary' (got 'weighted'). You may use labels=[pos_label] to specify a single positive class.
  warnings.warn(

2026-03-07 08:29:25,025:WARNING:c:\Emergency_traige_final\triage_env2\Lib\site-packages\sklearn\metrics\_classification.py:1561: UserWarning: Note that pos_label (set to 5) is ignored when average != 'binary' (got 'weighted'). You may use labels=[pos_label] to specify a single positive class.
  warnings.warn(

2026-03-07 08:29:25,025:WARNING:c:\Emergency_traige_final\triage_env2\Lib\site-packages\sklearn\metrics\_classification.py:1561: UserWarning: Note that pos_label (set to 5) is ignored when average != 'binary' (got 'weighted'). You may use labels=[pos_label] to specify a single positive class.
  warnings.warn(

2026-03-07 08:29:25,036:INFO:Calculating mean and std
2026-03-07 08:29:25,036:INFO:Creating metrics dataframe
2026-03-07 08:29:25,039:INFO:Finalizing model
2026-03-07 08:29:25,178:INFO:Uploading results into container
2026-03-07 08:29:25,178:INFO:Uploading model into container now
2026-03-07 08:29:25,178:INFO:_master_model_container: 19
2026-03-07 08:29:25,178:INFO:_display_container: 6
2026-03-07 08:29:25,178:INFO:DecisionTreeClassifier(ccp_alpha=0.0, class_weight=None, criterion='entropy',
                       max_depth=6, max_features=1.0, max_leaf_nodes=None,
                       min_impurity_decrease=0.002, min_samples_leaf=5,
                       min_samples_split=5, min_weight_fraction_leaf=0.0,
                       monotonic_cst=None, random_state=123, splitter='best')
2026-03-07 08:29:25,178:INFO:create_model() successfully completed......................................
2026-03-07 08:29:25,259:INFO:SubProcess create_model() end ==================================
2026-03-07 08:29:25,259:INFO:choose_better activated
2026-03-07 08:29:25,259:INFO:SubProcess create_model() called ==================================
2026-03-07 08:29:25,259:INFO:Initializing create_model()
2026-03-07 08:29:25,259:INFO:create_model(self=<pycaret.classification.oop.ClassificationExperiment object at 0x000001D7306D3CD0>, estimator=DecisionTreeClassifier(ccp_alpha=0.0, class_weight=None, criterion='gini',
                       max_depth=None, max_features=None, max_leaf_nodes=None,
                       min_impurity_decrease=0.0, min_samples_leaf=1,
                       min_samples_split=2, min_weight_fraction_leaf=0.0,
                       monotonic_cst=None, random_state=123, splitter='best'), fold=StratifiedKFold(n_splits=5, random_state=None, shuffle=False), round=4, cross_validation=True, predict=True, fit_kwargs={}, groups=None, refit=True, probability_threshold=None, experiment_custom_tags=None, verbose=False, system=False, add_to_model_list=True, metrics=None, display=None, model_only=True, return_train_score=False, error_score=0.0, kwargs={})
2026-03-07 08:29:25,259:INFO:Checking exceptions
2026-03-07 08:29:25,268:INFO:Importing libraries
2026-03-07 08:29:25,268:INFO:Copying training dataset
2026-03-07 08:29:25,268:INFO:Defining folds
2026-03-07 08:29:25,268:INFO:Declaring metric variables
2026-03-07 08:29:25,276:INFO:Importing untrained model
2026-03-07 08:29:25,276:INFO:Declaring custom model
2026-03-07 08:29:25,276:INFO:Decision Tree Classifier Imported successfully
2026-03-07 08:29:25,276:INFO:Starting cross validation
2026-03-07 08:29:25,276:INFO:Cross validating with StratifiedKFold(n_splits=5, random_state=None, shuffle=False), n_jobs=-1
2026-03-07 08:29:25,497:WARNING:c:\Emergency_traige_final\triage_env2\Lib\site-packages\sklearn\metrics\_classification.py:1561: UserWarning: Note that pos_label (set to 5) is ignored when average != 'binary' (got 'weighted'). You may use labels=[pos_label] to specify a single positive class.
  warnings.warn(

2026-03-07 08:29:25,497:WARNING:c:\Emergency_traige_final\triage_env2\Lib\site-packages\sklearn\metrics\_classification.py:1561: UserWarning: Note that pos_label (set to 5) is ignored when average != 'binary' (got 'weighted'). You may use labels=[pos_label] to specify a single positive class.
  warnings.warn(

2026-03-07 08:29:25,500:WARNING:c:\Emergency_traige_final\triage_env2\Lib\site-packages\sklearn\metrics\_classification.py:1561: UserWarning: Note that pos_label (set to 5) is ignored when average != 'binary' (got 'weighted'). You may use labels=[pos_label] to specify a single positive class.
  warnings.warn(

2026-03-07 08:29:25,500:WARNING:c:\Emergency_traige_final\triage_env2\Lib\site-packages\sklearn\metrics\_classification.py:1561: UserWarning: Note that pos_label (set to 5) is ignored when average != 'binary' (got 'weighted'). You may use labels=[pos_label] to specify a single positive class.
  warnings.warn(

2026-03-07 08:29:25,500:WARNING:c:\Emergency_traige_final\triage_env2\Lib\site-packages\sklearn\metrics\_classification.py:1561: UserWarning: Note that pos_label (set to 5) is ignored when average != 'binary' (got 'weighted'). You may use labels=[pos_label] to specify a single positive class.
  warnings.warn(

2026-03-07 08:29:25,500:WARNING:c:\Emergency_traige_final\triage_env2\Lib\site-packages\sklearn\metrics\_classification.py:1561: UserWarning: Note that pos_label (set to 5) is ignored when average != 'binary' (got 'weighted'). You may use labels=[pos_label] to specify a single positive class.
  warnings.warn(

2026-03-07 08:29:25,500:WARNING:c:\Emergency_traige_final\triage_env2\Lib\site-packages\sklearn\metrics\_classification.py:1561: UserWarning: Note that pos_label (set to 5) is ignored when average != 'binary' (got 'weighted'). You may use labels=[pos_label] to specify a single positive class.
  warnings.warn(

2026-03-07 08:29:25,500:WARNING:c:\Emergency_traige_final\triage_env2\Lib\site-packages\sklearn\metrics\_classification.py:1561: UserWarning: Note that pos_label (set to 5) is ignored when average != 'binary' (got 'weighted'). You may use labels=[pos_label] to specify a single positive class.
  warnings.warn(

2026-03-07 08:29:25,500:WARNING:c:\Emergency_traige_final\triage_env2\Lib\site-packages\sklearn\metrics\_classification.py:1561: UserWarning: Note that pos_label (set to 5) is ignored when average != 'binary' (got 'weighted'). You may use labels=[pos_label] to specify a single positive class.
  warnings.warn(

2026-03-07 08:29:25,508:WARNING:c:\Emergency_traige_final\triage_env2\Lib\site-packages\sklearn\metrics\_classification.py:1561: UserWarning: Note that pos_label (set to 5) is ignored when average != 'binary' (got 'weighted'). You may use labels=[pos_label] to specify a single positive class.
  warnings.warn(

2026-03-07 08:29:25,509:WARNING:c:\Emergency_traige_final\triage_env2\Lib\site-packages\sklearn\metrics\_classification.py:1561: UserWarning: Note that pos_label (set to 5) is ignored when average != 'binary' (got 'weighted'). You may use labels=[pos_label] to specify a single positive class.
  warnings.warn(

2026-03-07 08:29:25,510:WARNING:c:\Emergency_traige_final\triage_env2\Lib\site-packages\sklearn\metrics\_classification.py:1561: UserWarning: Note that pos_label (set to 5) is ignored when average != 'binary' (got 'weighted'). You may use labels=[pos_label] to specify a single positive class.
  warnings.warn(

2026-03-07 08:29:25,510:WARNING:c:\Emergency_traige_final\triage_env2\Lib\site-packages\sklearn\metrics\_classification.py:1561: UserWarning: Note that pos_label (set to 5) is ignored when average != 'binary' (got 'weighted'). You may use labels=[pos_label] to specify a single positive class.
  warnings.warn(

2026-03-07 08:29:25,513:WARNING:c:\Emergency_traige_final\triage_env2\Lib\site-packages\sklearn\metrics\_classification.py:1561: UserWarning: Note that pos_label (set to 5) is ignored when average != 'binary' (got 'weighted'). You may use labels=[pos_label] to specify a single positive class.
  warnings.warn(

2026-03-07 08:29:25,517:WARNING:c:\Emergency_traige_final\triage_env2\Lib\site-packages\sklearn\metrics\_classification.py:1561: UserWarning: Note that pos_label (set to 5) is ignored when average != 'binary' (got 'weighted'). You may use labels=[pos_label] to specify a single positive class.
  warnings.warn(

2026-03-07 08:29:25,528:INFO:Calculating mean and std
2026-03-07 08:29:25,528:INFO:Creating metrics dataframe
2026-03-07 08:29:25,529:INFO:Finalizing model
2026-03-07 08:29:25,650:INFO:Uploading results into container
2026-03-07 08:29:25,650:INFO:Uploading model into container now
2026-03-07 08:29:25,650:INFO:_master_model_container: 20
2026-03-07 08:29:25,650:INFO:_display_container: 7
2026-03-07 08:29:25,650:INFO:DecisionTreeClassifier(ccp_alpha=0.0, class_weight=None, criterion='gini',
                       max_depth=None, max_features=None, max_leaf_nodes=None,
                       min_impurity_decrease=0.0, min_samples_leaf=1,
                       min_samples_split=2, min_weight_fraction_leaf=0.0,
                       monotonic_cst=None, random_state=123, splitter='best')
2026-03-07 08:29:25,650:INFO:create_model() successfully completed......................................
2026-03-07 08:29:25,741:INFO:SubProcess create_model() end ==================================
2026-03-07 08:29:25,744:INFO:DecisionTreeClassifier(ccp_alpha=0.0, class_weight=None, criterion='gini',
                       max_depth=None, max_features=None, max_leaf_nodes=None,
                       min_impurity_decrease=0.0, min_samples_leaf=1,
                       min_samples_split=2, min_weight_fraction_leaf=0.0,
                       monotonic_cst=None, random_state=123, splitter='best') result for Accuracy is 0.9514
2026-03-07 08:29:25,744:INFO:DecisionTreeClassifier(ccp_alpha=0.0, class_weight=None, criterion='entropy',
                       max_depth=6, max_features=1.0, max_leaf_nodes=None,
                       min_impurity_decrease=0.002, min_samples_leaf=5,
                       min_samples_split=5, min_weight_fraction_leaf=0.0,
                       monotonic_cst=None, random_state=123, splitter='best') result for Accuracy is 0.9605
2026-03-07 08:29:25,744:INFO:DecisionTreeClassifier(ccp_alpha=0.0, class_weight=None, criterion='entropy',
                       max_depth=6, max_features=1.0, max_leaf_nodes=None,
                       min_impurity_decrease=0.002, min_samples_leaf=5,
                       min_samples_split=5, min_weight_fraction_leaf=0.0,
                       monotonic_cst=None, random_state=123, splitter='best') is best model
2026-03-07 08:29:25,744:INFO:choose_better completed
2026-03-07 08:29:25,749:INFO:_master_model_container: 20
2026-03-07 08:29:25,749:INFO:_display_container: 6
2026-03-07 08:29:25,749:INFO:DecisionTreeClassifier(ccp_alpha=0.0, class_weight=None, criterion='entropy',
                       max_depth=6, max_features=1.0, max_leaf_nodes=None,
                       min_impurity_decrease=0.002, min_samples_leaf=5,
                       min_samples_split=5, min_weight_fraction_leaf=0.0,
                       monotonic_cst=None, random_state=123, splitter='best')
2026-03-07 08:29:25,749:INFO:tune_model() successfully completed......................................
2026-03-07 08:30:24,558:INFO:Initializing create_model()
2026-03-07 08:30:24,558:INFO:create_model(self=<pycaret.classification.oop.ClassificationExperiment object at 0x000001D7306D3CD0>, estimator=dt, fold=None, round=4, cross_validation=True, predict=True, fit_kwargs=None, groups=None, refit=True, probability_threshold=None, experiment_custom_tags=None, verbose=True, system=True, add_to_model_list=True, metrics=None, display=None, model_only=True, return_train_score=False, error_score=0.0, kwargs={})
2026-03-07 08:30:24,558:INFO:Checking exceptions
2026-03-07 08:30:24,573:INFO:Importing libraries
2026-03-07 08:30:24,573:INFO:Copying training dataset
2026-03-07 08:30:24,577:INFO:Defining folds
2026-03-07 08:30:24,577:INFO:Declaring metric variables
2026-03-07 08:30:24,586:INFO:Importing untrained model
2026-03-07 08:30:24,590:INFO:Decision Tree Classifier Imported successfully
2026-03-07 08:30:24,593:INFO:Starting cross validation
2026-03-07 08:30:24,602:INFO:Cross validating with StratifiedKFold(n_splits=5, random_state=None, shuffle=False), n_jobs=-1
2026-03-07 08:30:24,847:WARNING:c:\Emergency_traige_final\triage_env2\Lib\site-packages\sklearn\metrics\_classification.py:1561: UserWarning: Note that pos_label (set to 5) is ignored when average != 'binary' (got 'weighted'). You may use labels=[pos_label] to specify a single positive class.
  warnings.warn(

2026-03-07 08:30:24,853:WARNING:c:\Emergency_traige_final\triage_env2\Lib\site-packages\sklearn\metrics\_classification.py:1561: UserWarning: Note that pos_label (set to 5) is ignored when average != 'binary' (got 'weighted'). You may use labels=[pos_label] to specify a single positive class.
  warnings.warn(

2026-03-07 08:30:24,856:WARNING:c:\Emergency_traige_final\triage_env2\Lib\site-packages\sklearn\metrics\_classification.py:1561: UserWarning: Note that pos_label (set to 5) is ignored when average != 'binary' (got 'weighted'). You may use labels=[pos_label] to specify a single positive class.
  warnings.warn(

2026-03-07 08:30:24,867:WARNING:c:\Emergency_traige_final\triage_env2\Lib\site-packages\sklearn\metrics\_classification.py:1561: UserWarning: Note that pos_label (set to 5) is ignored when average != 'binary' (got 'weighted'). You may use labels=[pos_label] to specify a single positive class.
  warnings.warn(

2026-03-07 08:30:24,867:WARNING:c:\Emergency_traige_final\triage_env2\Lib\site-packages\sklearn\metrics\_classification.py:1561: UserWarning: Note that pos_label (set to 5) is ignored when average != 'binary' (got 'weighted'). You may use labels=[pos_label] to specify a single positive class.
  warnings.warn(

2026-03-07 08:30:24,867:WARNING:c:\Emergency_traige_final\triage_env2\Lib\site-packages\sklearn\metrics\_classification.py:1561: UserWarning: Note that pos_label (set to 5) is ignored when average != 'binary' (got 'weighted'). You may use labels=[pos_label] to specify a single positive class.
  warnings.warn(

2026-03-07 08:30:24,872:WARNING:c:\Emergency_traige_final\triage_env2\Lib\site-packages\sklearn\metrics\_classification.py:1561: UserWarning: Note that pos_label (set to 5) is ignored when average != 'binary' (got 'weighted'). You may use labels=[pos_label] to specify a single positive class.
  warnings.warn(

2026-03-07 08:30:24,872:WARNING:c:\Emergency_traige_final\triage_env2\Lib\site-packages\sklearn\metrics\_classification.py:1561: UserWarning: Note that pos_label (set to 5) is ignored when average != 'binary' (got 'weighted'). You may use labels=[pos_label] to specify a single positive class.
  warnings.warn(

2026-03-07 08:30:24,874:WARNING:c:\Emergency_traige_final\triage_env2\Lib\site-packages\sklearn\metrics\_classification.py:1561: UserWarning: Note that pos_label (set to 5) is ignored when average != 'binary' (got 'weighted'). You may use labels=[pos_label] to specify a single positive class.
  warnings.warn(

2026-03-07 08:30:24,874:WARNING:c:\Emergency_traige_final\triage_env2\Lib\site-packages\sklearn\metrics\_classification.py:1561: UserWarning: Note that pos_label (set to 5) is ignored when average != 'binary' (got 'weighted'). You may use labels=[pos_label] to specify a single positive class.
  warnings.warn(

2026-03-07 08:30:24,874:WARNING:c:\Emergency_traige_final\triage_env2\Lib\site-packages\sklearn\metrics\_classification.py:1561: UserWarning: Note that pos_label (set to 5) is ignored when average != 'binary' (got 'weighted'). You may use labels=[pos_label] to specify a single positive class.
  warnings.warn(

2026-03-07 08:30:24,876:WARNING:c:\Emergency_traige_final\triage_env2\Lib\site-packages\sklearn\metrics\_classification.py:1561: UserWarning: Note that pos_label (set to 5) is ignored when average != 'binary' (got 'weighted'). You may use labels=[pos_label] to specify a single positive class.
  warnings.warn(

2026-03-07 08:30:24,876:WARNING:c:\Emergency_traige_final\triage_env2\Lib\site-packages\sklearn\metrics\_classification.py:1561: UserWarning: Note that pos_label (set to 5) is ignored when average != 'binary' (got 'weighted'). You may use labels=[pos_label] to specify a single positive class.
  warnings.warn(

2026-03-07 08:30:24,876:WARNING:c:\Emergency_traige_final\triage_env2\Lib\site-packages\sklearn\metrics\_classification.py:1561: UserWarning: Note that pos_label (set to 5) is ignored when average != 'binary' (got 'weighted'). You may use labels=[pos_label] to specify a single positive class.
  warnings.warn(

2026-03-07 08:30:24,880:WARNING:c:\Emergency_traige_final\triage_env2\Lib\site-packages\sklearn\metrics\_classification.py:1561: UserWarning: Note that pos_label (set to 5) is ignored when average != 'binary' (got 'weighted'). You may use labels=[pos_label] to specify a single positive class.
  warnings.warn(

2026-03-07 08:30:24,884:INFO:Calculating mean and std
2026-03-07 08:30:24,884:INFO:Creating metrics dataframe
2026-03-07 08:30:24,888:INFO:Finalizing model
2026-03-07 08:30:25,008:INFO:Uploading results into container
2026-03-07 08:30:25,008:INFO:Uploading model into container now
2026-03-07 08:30:25,021:INFO:_master_model_container: 21
2026-03-07 08:30:25,021:INFO:_display_container: 7
2026-03-07 08:30:25,021:INFO:DecisionTreeClassifier(ccp_alpha=0.0, class_weight=None, criterion='gini',
                       max_depth=None, max_features=None, max_leaf_nodes=None,
                       min_impurity_decrease=0.0, min_samples_leaf=1,
                       min_samples_split=2, min_weight_fraction_leaf=0.0,
                       monotonic_cst=None, random_state=123, splitter='best')
2026-03-07 08:30:25,021:INFO:create_model() successfully completed......................................
2026-03-07 08:30:26,223:INFO:Initializing tune_model()
2026-03-07 08:30:26,223:INFO:tune_model(self=<pycaret.classification.oop.ClassificationExperiment object at 0x000001D7306D3CD0>, estimator=DecisionTreeClassifier(ccp_alpha=0.0, class_weight=None, criterion='gini',
                       max_depth=None, max_features=None, max_leaf_nodes=None,
                       min_impurity_decrease=0.0, min_samples_leaf=1,
                       min_samples_split=2, min_weight_fraction_leaf=0.0,
                       monotonic_cst=None, random_state=123, splitter='best'), fold=None, round=4, n_iter=10, custom_grid=None, optimize=Accuracy, custom_scorer=None, search_library=scikit-learn, search_algorithm=None, early_stopping=False, early_stopping_max_iters=10, choose_better=True, fit_kwargs=None, groups=None, return_tuner=False, verbose=True, tuner_verbose=True, return_train_score=False, kwargs={})
2026-03-07 08:30:26,223:INFO:Checking exceptions
2026-03-07 08:30:26,244:INFO:Copying training dataset
2026-03-07 08:30:26,250:INFO:Checking base model
2026-03-07 08:30:26,250:INFO:Base model : Decision Tree Classifier
2026-03-07 08:30:26,255:INFO:Declaring metric variables
2026-03-07 08:30:26,255:INFO:Defining Hyperparameters
2026-03-07 08:30:26,403:INFO:Tuning with n_jobs=-1
2026-03-07 08:30:26,404:INFO:Initializing RandomizedSearchCV
2026-03-07 08:30:27,749:INFO:best_params: {'actual_estimator__min_samples_split': 5, 'actual_estimator__min_samples_leaf': 5, 'actual_estimator__min_impurity_decrease': 0.002, 'actual_estimator__max_features': 1.0, 'actual_estimator__max_depth': 6, 'actual_estimator__criterion': 'entropy'}
2026-03-07 08:30:27,749:INFO:Hyperparameter search completed
2026-03-07 08:30:27,749:INFO:SubProcess create_model() called ==================================
2026-03-07 08:30:27,749:INFO:Initializing create_model()
2026-03-07 08:30:27,749:INFO:create_model(self=<pycaret.classification.oop.ClassificationExperiment object at 0x000001D7306D3CD0>, estimator=DecisionTreeClassifier(ccp_alpha=0.0, class_weight=None, criterion='gini',
                       max_depth=None, max_features=None, max_leaf_nodes=None,
                       min_impurity_decrease=0.0, min_samples_leaf=1,
                       min_samples_split=2, min_weight_fraction_leaf=0.0,
                       monotonic_cst=None, random_state=123, splitter='best'), fold=StratifiedKFold(n_splits=5, random_state=None, shuffle=False), round=4, cross_validation=True, predict=True, fit_kwargs={}, groups=None, refit=True, probability_threshold=None, experiment_custom_tags=None, verbose=True, system=False, add_to_model_list=True, metrics=None, display=<pycaret.internal.display.display.CommonDisplay object at 0x000001D730BC2390>, model_only=True, return_train_score=False, error_score=0.0, kwargs={'min_samples_split': 5, 'min_samples_leaf': 5, 'min_impurity_decrease': 0.002, 'max_features': 1.0, 'max_depth': 6, 'criterion': 'entropy'})
2026-03-07 08:30:27,749:INFO:Checking exceptions
2026-03-07 08:30:27,749:INFO:Importing libraries
2026-03-07 08:30:27,749:INFO:Copying training dataset
2026-03-07 08:30:27,757:INFO:Defining folds
2026-03-07 08:30:27,757:INFO:Declaring metric variables
2026-03-07 08:30:27,763:INFO:Importing untrained model
2026-03-07 08:30:27,763:INFO:Declaring custom model
2026-03-07 08:30:27,767:INFO:Decision Tree Classifier Imported successfully
2026-03-07 08:30:27,773:INFO:Starting cross validation
2026-03-07 08:30:27,775:INFO:Cross validating with StratifiedKFold(n_splits=5, random_state=None, shuffle=False), n_jobs=-1
2026-03-07 08:30:27,963:WARNING:c:\Emergency_traige_final\triage_env2\Lib\site-packages\sklearn\metrics\_classification.py:1561: UserWarning: Note that pos_label (set to 5) is ignored when average != 'binary' (got 'weighted'). You may use labels=[pos_label] to specify a single positive class.
  warnings.warn(

2026-03-07 08:30:27,966:WARNING:c:\Emergency_traige_final\triage_env2\Lib\site-packages\sklearn\metrics\_classification.py:1561: UserWarning: Note that pos_label (set to 5) is ignored when average != 'binary' (got 'weighted'). You may use labels=[pos_label] to specify a single positive class.
  warnings.warn(

2026-03-07 08:30:27,966:WARNING:c:\Emergency_traige_final\triage_env2\Lib\site-packages\sklearn\metrics\_classification.py:1561: UserWarning: Note that pos_label (set to 5) is ignored when average != 'binary' (got 'weighted'). You may use labels=[pos_label] to specify a single positive class.
  warnings.warn(

2026-03-07 08:30:27,966:WARNING:c:\Emergency_traige_final\triage_env2\Lib\site-packages\sklearn\metrics\_classification.py:1561: UserWarning: Note that pos_label (set to 5) is ignored when average != 'binary' (got 'weighted'). You may use labels=[pos_label] to specify a single positive class.
  warnings.warn(

2026-03-07 08:30:27,966:WARNING:c:\Emergency_traige_final\triage_env2\Lib\site-packages\sklearn\metrics\_classification.py:1561: UserWarning: Note that pos_label (set to 5) is ignored when average != 'binary' (got 'weighted'). You may use labels=[pos_label] to specify a single positive class.
  warnings.warn(

2026-03-07 08:30:27,971:WARNING:c:\Emergency_traige_final\triage_env2\Lib\site-packages\sklearn\metrics\_classification.py:1561: UserWarning: Note that pos_label (set to 5) is ignored when average != 'binary' (got 'weighted'). You may use labels=[pos_label] to specify a single positive class.
  warnings.warn(

2026-03-07 08:30:27,972:WARNING:c:\Emergency_traige_final\triage_env2\Lib\site-packages\sklearn\metrics\_classification.py:1561: UserWarning: Note that pos_label (set to 5) is ignored when average != 'binary' (got 'weighted'). You may use labels=[pos_label] to specify a single positive class.
  warnings.warn(

2026-03-07 08:30:27,974:WARNING:c:\Emergency_traige_final\triage_env2\Lib\site-packages\sklearn\metrics\_classification.py:1561: UserWarning: Note that pos_label (set to 5) is ignored when average != 'binary' (got 'weighted'). You may use labels=[pos_label] to specify a single positive class.
  warnings.warn(

2026-03-07 08:30:27,974:WARNING:c:\Emergency_traige_final\triage_env2\Lib\site-packages\sklearn\metrics\_classification.py:1561: UserWarning: Note that pos_label (set to 5) is ignored when average != 'binary' (got 'weighted'). You may use labels=[pos_label] to specify a single positive class.
  warnings.warn(

2026-03-07 08:30:27,974:WARNING:c:\Emergency_traige_final\triage_env2\Lib\site-packages\sklearn\metrics\_classification.py:1561: UserWarning: Note that pos_label (set to 5) is ignored when average != 'binary' (got 'weighted'). You may use labels=[pos_label] to specify a single positive class.
  warnings.warn(

2026-03-07 08:30:27,977:WARNING:c:\Emergency_traige_final\triage_env2\Lib\site-packages\sklearn\metrics\_classification.py:1561: UserWarning: Note that pos_label (set to 5) is ignored when average != 'binary' (got 'weighted'). You may use labels=[pos_label] to specify a single positive class.
  warnings.warn(

2026-03-07 08:30:27,977:WARNING:c:\Emergency_traige_final\triage_env2\Lib\site-packages\sklearn\metrics\_classification.py:1561: UserWarning: Note that pos_label (set to 5) is ignored when average != 'binary' (got 'weighted'). You may use labels=[pos_label] to specify a single positive class.
  warnings.warn(

2026-03-07 08:30:27,985:WARNING:c:\Emergency_traige_final\triage_env2\Lib\site-packages\sklearn\metrics\_classification.py:1561: UserWarning: Note that pos_label (set to 5) is ignored when average != 'binary' (got 'weighted'). You may use labels=[pos_label] to specify a single positive class.
  warnings.warn(

2026-03-07 08:30:27,990:WARNING:c:\Emergency_traige_final\triage_env2\Lib\site-packages\sklearn\metrics\_classification.py:1561: UserWarning: Note that pos_label (set to 5) is ignored when average != 'binary' (got 'weighted'). You may use labels=[pos_label] to specify a single positive class.
  warnings.warn(

2026-03-07 08:30:27,992:WARNING:c:\Emergency_traige_final\triage_env2\Lib\site-packages\sklearn\metrics\_classification.py:1561: UserWarning: Note that pos_label (set to 5) is ignored when average != 'binary' (got 'weighted'). You may use labels=[pos_label] to specify a single positive class.
  warnings.warn(

2026-03-07 08:30:28,003:INFO:Calculating mean and std
2026-03-07 08:30:28,003:INFO:Creating metrics dataframe
2026-03-07 08:30:28,007:INFO:Finalizing model
2026-03-07 08:30:28,151:INFO:Uploading results into container
2026-03-07 08:30:28,152:INFO:Uploading model into container now
2026-03-07 08:30:28,152:INFO:_master_model_container: 22
2026-03-07 08:30:28,152:INFO:_display_container: 8
2026-03-07 08:30:28,152:INFO:DecisionTreeClassifier(ccp_alpha=0.0, class_weight=None, criterion='entropy',
                       max_depth=6, max_features=1.0, max_leaf_nodes=None,
                       min_impurity_decrease=0.002, min_samples_leaf=5,
                       min_samples_split=5, min_weight_fraction_leaf=0.0,
                       monotonic_cst=None, random_state=123, splitter='best')
2026-03-07 08:30:28,152:INFO:create_model() successfully completed......................................
2026-03-07 08:30:28,249:INFO:SubProcess create_model() end ==================================
2026-03-07 08:30:28,249:INFO:choose_better activated
2026-03-07 08:30:28,256:INFO:SubProcess create_model() called ==================================
2026-03-07 08:30:28,256:INFO:Initializing create_model()
2026-03-07 08:30:28,256:INFO:create_model(self=<pycaret.classification.oop.ClassificationExperiment object at 0x000001D7306D3CD0>, estimator=DecisionTreeClassifier(ccp_alpha=0.0, class_weight=None, criterion='gini',
                       max_depth=None, max_features=None, max_leaf_nodes=None,
                       min_impurity_decrease=0.0, min_samples_leaf=1,
                       min_samples_split=2, min_weight_fraction_leaf=0.0,
                       monotonic_cst=None, random_state=123, splitter='best'), fold=StratifiedKFold(n_splits=5, random_state=None, shuffle=False), round=4, cross_validation=True, predict=True, fit_kwargs={}, groups=None, refit=True, probability_threshold=None, experiment_custom_tags=None, verbose=False, system=False, add_to_model_list=True, metrics=None, display=None, model_only=True, return_train_score=False, error_score=0.0, kwargs={})
2026-03-07 08:30:28,256:INFO:Checking exceptions
2026-03-07 08:30:28,263:INFO:Importing libraries
2026-03-07 08:30:28,263:INFO:Copying training dataset
2026-03-07 08:30:28,271:INFO:Defining folds
2026-03-07 08:30:28,271:INFO:Declaring metric variables
2026-03-07 08:30:28,271:INFO:Importing untrained model
2026-03-07 08:30:28,271:INFO:Declaring custom model
2026-03-07 08:30:28,271:INFO:Decision Tree Classifier Imported successfully
2026-03-07 08:30:28,271:INFO:Starting cross validation
2026-03-07 08:30:28,277:INFO:Cross validating with StratifiedKFold(n_splits=5, random_state=None, shuffle=False), n_jobs=-1
2026-03-07 08:30:28,498:WARNING:c:\Emergency_traige_final\triage_env2\Lib\site-packages\sklearn\metrics\_classification.py:1561: UserWarning: Note that pos_label (set to 5) is ignored when average != 'binary' (got 'weighted'). You may use labels=[pos_label] to specify a single positive class.
  warnings.warn(

2026-03-07 08:30:28,506:WARNING:c:\Emergency_traige_final\triage_env2\Lib\site-packages\sklearn\metrics\_classification.py:1561: UserWarning: Note that pos_label (set to 5) is ignored when average != 'binary' (got 'weighted'). You may use labels=[pos_label] to specify a single positive class.
  warnings.warn(

2026-03-07 08:30:28,506:WARNING:c:\Emergency_traige_final\triage_env2\Lib\site-packages\sklearn\metrics\_classification.py:1561: UserWarning: Note that pos_label (set to 5) is ignored when average != 'binary' (got 'weighted'). You may use labels=[pos_label] to specify a single positive class.
  warnings.warn(

2026-03-07 08:30:28,506:WARNING:c:\Emergency_traige_final\triage_env2\Lib\site-packages\sklearn\metrics\_classification.py:1561: UserWarning: Note that pos_label (set to 5) is ignored when average != 'binary' (got 'weighted'). You may use labels=[pos_label] to specify a single positive class.
  warnings.warn(

2026-03-07 08:30:28,506:WARNING:c:\Emergency_traige_final\triage_env2\Lib\site-packages\sklearn\metrics\_classification.py:1561: UserWarning: Note that pos_label (set to 5) is ignored when average != 'binary' (got 'weighted'). You may use labels=[pos_label] to specify a single positive class.
  warnings.warn(

2026-03-07 08:30:28,512:WARNING:c:\Emergency_traige_final\triage_env2\Lib\site-packages\sklearn\metrics\_classification.py:1561: UserWarning: Note that pos_label (set to 5) is ignored when average != 'binary' (got 'weighted'). You may use labels=[pos_label] to specify a single positive class.
  warnings.warn(

2026-03-07 08:30:28,512:WARNING:c:\Emergency_traige_final\triage_env2\Lib\site-packages\sklearn\metrics\_classification.py:1561: UserWarning: Note that pos_label (set to 5) is ignored when average != 'binary' (got 'weighted'). You may use labels=[pos_label] to specify a single positive class.
  warnings.warn(

2026-03-07 08:30:28,512:WARNING:c:\Emergency_traige_final\triage_env2\Lib\site-packages\sklearn\metrics\_classification.py:1561: UserWarning: Note that pos_label (set to 5) is ignored when average != 'binary' (got 'weighted'). You may use labels=[pos_label] to specify a single positive class.
  warnings.warn(

2026-03-07 08:30:28,512:WARNING:c:\Emergency_traige_final\triage_env2\Lib\site-packages\sklearn\metrics\_classification.py:1561: UserWarning: Note that pos_label (set to 5) is ignored when average != 'binary' (got 'weighted'). You may use labels=[pos_label] to specify a single positive class.
  warnings.warn(

2026-03-07 08:30:28,512:WARNING:c:\Emergency_traige_final\triage_env2\Lib\site-packages\sklearn\metrics\_classification.py:1561: UserWarning: Note that pos_label (set to 5) is ignored when average != 'binary' (got 'weighted'). You may use labels=[pos_label] to specify a single positive class.
  warnings.warn(

2026-03-07 08:30:28,517:WARNING:c:\Emergency_traige_final\triage_env2\Lib\site-packages\sklearn\metrics\_classification.py:1561: UserWarning: Note that pos_label (set to 5) is ignored when average != 'binary' (got 'weighted'). You may use labels=[pos_label] to specify a single positive class.
  warnings.warn(

2026-03-07 08:30:28,517:WARNING:c:\Emergency_traige_final\triage_env2\Lib\site-packages\sklearn\metrics\_classification.py:1561: UserWarning: Note that pos_label (set to 5) is ignored when average != 'binary' (got 'weighted'). You may use labels=[pos_label] to specify a single positive class.
  warnings.warn(

2026-03-07 08:30:28,519:WARNING:c:\Emergency_traige_final\triage_env2\Lib\site-packages\sklearn\metrics\_classification.py:1561: UserWarning: Note that pos_label (set to 5) is ignored when average != 'binary' (got 'weighted'). You may use labels=[pos_label] to specify a single positive class.
  warnings.warn(

2026-03-07 08:30:28,521:WARNING:c:\Emergency_traige_final\triage_env2\Lib\site-packages\sklearn\metrics\_classification.py:1561: UserWarning: Note that pos_label (set to 5) is ignored when average != 'binary' (got 'weighted'). You may use labels=[pos_label] to specify a single positive class.
  warnings.warn(

2026-03-07 08:30:28,527:INFO:Calculating mean and std
2026-03-07 08:30:28,527:INFO:Creating metrics dataframe
2026-03-07 08:30:28,527:INFO:Finalizing model
2026-03-07 08:30:28,660:INFO:Uploading results into container
2026-03-07 08:30:28,660:INFO:Uploading model into container now
2026-03-07 08:30:28,660:INFO:_master_model_container: 23
2026-03-07 08:30:28,660:INFO:_display_container: 9
2026-03-07 08:30:28,660:INFO:DecisionTreeClassifier(ccp_alpha=0.0, class_weight=None, criterion='gini',
                       max_depth=None, max_features=None, max_leaf_nodes=None,
                       min_impurity_decrease=0.0, min_samples_leaf=1,
                       min_samples_split=2, min_weight_fraction_leaf=0.0,
                       monotonic_cst=None, random_state=123, splitter='best')
2026-03-07 08:30:28,660:INFO:create_model() successfully completed......................................
2026-03-07 08:30:28,785:INFO:SubProcess create_model() end ==================================
2026-03-07 08:30:28,785:INFO:DecisionTreeClassifier(ccp_alpha=0.0, class_weight=None, criterion='gini',
                       max_depth=None, max_features=None, max_leaf_nodes=None,
                       min_impurity_decrease=0.0, min_samples_leaf=1,
                       min_samples_split=2, min_weight_fraction_leaf=0.0,
                       monotonic_cst=None, random_state=123, splitter='best') result for Accuracy is 0.9514
2026-03-07 08:30:28,790:INFO:DecisionTreeClassifier(ccp_alpha=0.0, class_weight=None, criterion='entropy',
                       max_depth=6, max_features=1.0, max_leaf_nodes=None,
                       min_impurity_decrease=0.002, min_samples_leaf=5,
                       min_samples_split=5, min_weight_fraction_leaf=0.0,
                       monotonic_cst=None, random_state=123, splitter='best') result for Accuracy is 0.9605
2026-03-07 08:30:28,790:INFO:DecisionTreeClassifier(ccp_alpha=0.0, class_weight=None, criterion='entropy',
                       max_depth=6, max_features=1.0, max_leaf_nodes=None,
                       min_impurity_decrease=0.002, min_samples_leaf=5,
                       min_samples_split=5, min_weight_fraction_leaf=0.0,
                       monotonic_cst=None, random_state=123, splitter='best') is best model
2026-03-07 08:30:28,790:INFO:choose_better completed
2026-03-07 08:30:28,805:INFO:_master_model_container: 23
2026-03-07 08:30:28,805:INFO:_display_container: 8
2026-03-07 08:30:28,811:INFO:DecisionTreeClassifier(ccp_alpha=0.0, class_weight=None, criterion='entropy',
                       max_depth=6, max_features=1.0, max_leaf_nodes=None,
                       min_impurity_decrease=0.002, min_samples_leaf=5,
                       min_samples_split=5, min_weight_fraction_leaf=0.0,
                       monotonic_cst=None, random_state=123, splitter='best')
2026-03-07 08:30:28,812:INFO:tune_model() successfully completed......................................
2026-03-07 08:30:45,010:INFO:Initializing plot_model()
2026-03-07 08:30:45,010:INFO:plot_model(self=<pycaret.classification.oop.ClassificationExperiment object at 0x000001D7306D3CD0>, estimator=DecisionTreeClassifier(ccp_alpha=0.0, class_weight=None, criterion='entropy',
                       max_depth=6, max_features=1.0, max_leaf_nodes=None,
                       min_impurity_decrease=0.002, min_samples_leaf=5,
                       min_samples_split=5, min_weight_fraction_leaf=0.0,
                       monotonic_cst=None, random_state=123, splitter='best'), plot=error, scale=1, save=False, fold=None, fit_kwargs=None, plot_kwargs=None, groups=None, feature_name=None, label=False, verbose=True, system=True, display=None, display_format=None)
2026-03-07 08:30:45,010:INFO:Checking exceptions
2026-03-07 08:30:45,014:INFO:Preloading libraries
2026-03-07 08:30:45,014:INFO:Copying training dataset
2026-03-07 08:30:45,015:INFO:Plot type: error
2026-03-07 08:30:45,184:INFO:Fitting Model
2026-03-07 08:30:45,184:WARNING:c:\Emergency_traige_final\triage_env2\Lib\site-packages\sklearn\base.py:493: UserWarning: X does not have valid feature names, but DecisionTreeClassifier was fitted with feature names
  warnings.warn(

2026-03-07 08:30:45,184:INFO:Scoring test/hold-out set
2026-03-07 08:30:45,441:INFO:Visual Rendered Successfully
2026-03-07 08:30:45,540:INFO:plot_model() successfully completed......................................
2026-03-07 08:30:52,509:INFO:Initializing plot_model()
2026-03-07 08:30:52,509:INFO:plot_model(self=<pycaret.classification.oop.ClassificationExperiment object at 0x000001D7306D3CD0>, estimator=DecisionTreeClassifier(ccp_alpha=0.0, class_weight=None, criterion='entropy',
                       max_depth=6, max_features=1.0, max_leaf_nodes=None,
                       min_impurity_decrease=0.002, min_samples_leaf=5,
                       min_samples_split=5, min_weight_fraction_leaf=0.0,
                       monotonic_cst=None, random_state=123, splitter='best'), plot=auc, scale=1, save=False, fold=None, fit_kwargs=None, plot_kwargs=None, groups=None, feature_name=None, label=False, verbose=True, system=True, display=None, display_format=None)
2026-03-07 08:30:52,509:INFO:Checking exceptions
2026-03-07 08:30:52,513:INFO:Preloading libraries
2026-03-07 08:30:52,514:INFO:Copying training dataset
2026-03-07 08:30:52,514:INFO:Plot type: auc
2026-03-07 08:30:52,670:INFO:Fitting Model
2026-03-07 08:30:52,670:WARNING:c:\Emergency_traige_final\triage_env2\Lib\site-packages\sklearn\base.py:493: UserWarning: X does not have valid feature names, but DecisionTreeClassifier was fitted with feature names
  warnings.warn(

2026-03-07 08:30:52,675:INFO:Scoring test/hold-out set
2026-03-07 08:30:52,885:INFO:Visual Rendered Successfully
2026-03-07 08:30:52,996:INFO:plot_model() successfully completed......................................
2026-03-07 08:31:10,459:INFO:Initializing save_model()
2026-03-07 08:31:10,459:INFO:save_model(model=DecisionTreeClassifier(ccp_alpha=0.0, class_weight=None, criterion='entropy',
                       max_depth=6, max_features=1.0, max_leaf_nodes=None,
                       min_impurity_decrease=0.002, min_samples_leaf=5,
                       min_samples_split=5, min_weight_fraction_leaf=0.0,
                       monotonic_cst=None, random_state=123, splitter='best'), model_name=emergency_traige_pycaret_dt_model, prep_pipe_=Pipeline(memory=FastMemory(location=C:\Users\Khushal\AppData\Local\Temp\joblib),
         steps=[('label_encoding',
                 TransformerWrapperWithInverse(exclude=None, include=None,
                                               transformer=LabelEncoder())),
                ('numerical_imputer',
                 TransformerWrapper(exclude=None,
                                    include=['Group', 'Sex', 'Age',
                                             'Patients number per hour',
                                             'Arrival mode', 'Injury', 'Mental',
                                             'Pain', 'KTAS_RN', 'Disp...
                                                                    'DBP', 'HR',
                                                                    'BT',
                                                                    'Diagnosis '
                                                                    'in ED',
                                                                    'KTAS '
                                                                    'duration_min'],
                                                              drop_invariant=False,
                                                              handle_missing='return_nan',
                                                              handle_unknown='value',
                                                              hierarchy=None,
                                                              min_samples_leaf=20,
                                                              return_df=True,
                                                              smoothing=10,
                                                              verbose=0))),
                ('clean_column_names',
                 TransformerWrapper(exclude=None, include=None,
                                    transformer=CleanColumnNames(match='[\\]\\[\\,\\{\\}\\"\\:]+')))],
         verbose=False), verbose=True, use_case=MLUsecase.CLASSIFICATION, kwargs={})
2026-03-07 08:31:10,459:INFO:Adding model into prep_pipe
2026-03-07 08:31:10,485:INFO:emergency_traige_pycaret_dt_model.pkl saved in current working directory
2026-03-07 08:31:10,494:INFO:Pipeline(memory=Memory(location=None),
         steps=[('label_encoding',
                 TransformerWrapperWithInverse(exclude=None, include=None,
                                               transformer=LabelEncoder())),
                ('numerical_imputer',
                 TransformerWrapper(exclude=None,
                                    include=['Group', 'Sex', 'Age',
                                             'Patients number per hour',
                                             'Arrival mode', 'Injury', 'Mental',
                                             'Pain', 'KTAS_RN', 'Disposition',
                                             'Error_group',
                                             'Length of stay_min',...
                                    transformer=CleanColumnNames(match='[\\]\\[\\,\\{\\}\\"\\:]+'))),
                ('trained_model',
                 DecisionTreeClassifier(ccp_alpha=0.0, class_weight=None,
                                        criterion='entropy', max_depth=6,
                                        max_features=1.0, max_leaf_nodes=None,
                                        min_impurity_decrease=0.002,
                                        min_samples_leaf=5, min_samples_split=5,
                                        min_weight_fraction_leaf=0.0,
                                        monotonic_cst=None, random_state=123,
                                        splitter='best'))],
         verbose=False)
2026-03-07 08:31:10,494:INFO:save_model() successfully completed......................................
